-- phpMyAdmin SQL Dump
-- version 4.7.0
-- https://www.phpmyadmin.net/
--
-- Hôte : 127.0.0.1
-- Généré le :  mar. 19 sep. 2017 à 18:38
-- Version du serveur :  10.1.25-MariaDB
-- Version de PHP :  7.1.7

--
-- Déchargement des données de la table `region`
--

INSERT INTO `region` (`id_region`, `libelle_region`) VALUES
(1, 'Île-de-France');

-- --------------------------------------------------------

--
-- Déchargement des données de la table `ville`
--

INSERT INTO `ville` (`id_ville`, `code_commune_cp`, `nom_ville`, `id_livreur_tville`, `id_region_tville`, `id_tourneetheo_tville`) VALUES
(1, NULL, 'Sceaux', NULL, 1, NULL),
(2, NULL, 'Suresnes', NULL, 1, NULL),
(3, NULL, 'Boulogne-Billancourt', NULL, 1, NULL),
(4, NULL, 'Levallois-Perret', NULL, 1, NULL),
(5, NULL, 'Antony', NULL, 1, NULL),
(6, NULL, 'Asnières sur Seine', NULL, 1, NULL),
(7, NULL, 'Bagneux', NULL, 1, NULL),
(8, NULL, 'Bois-Colombes', NULL, 1, NULL),
(9, NULL, 'Châtenay-Malabry', NULL, 1, NULL),
(10, NULL, 'Châtillon', NULL, 1, NULL),
(11, NULL, 'Clamart', NULL, 1, NULL),
(12, NULL, 'Clichy', NULL, 1, NULL),
(13, NULL, 'Marcoussis', NULL, 1, NULL),
(14, NULL, 'Courances', NULL, 1, NULL),
(15, NULL, 'Chauffour Les Etrechy', NULL, 1, NULL),
(16, NULL, 'Villepreux', NULL, 1, NULL),
(17, NULL, 'Ecqueville', NULL, 1, NULL),
(18, NULL, 'Meulan', NULL, 1, NULL),
(19, NULL, 'Sonchamp', NULL, 1, NULL),
(20, NULL, 'Cergy', NULL, 1, NULL),
(21, NULL, 'Bréançon', NULL, 1, NULL),
(22, NULL, 'Groslay', NULL, 1, NULL),
(23, NULL, 'Chailly en Bière', NULL, 1, NULL),
(24, NULL, 'Mondreville', NULL, 1, NULL),
(25, NULL, 'Guérard', NULL, 1, NULL),
(26, NULL, 'La-Queue-en-Brie', NULL, 1, NULL),
(27, NULL, 'Mandres-les-Roses', NULL, 1, NULL),
(28, NULL, 'Nogent-sur-Marne', NULL, 1, NULL),
(29, NULL, 'Saint-Denis', NULL, 1, NULL),
(30, NULL, 'Livry Gargan', NULL, 1, NULL),
(31, NULL, 'Paris', NULL, 1, NULL),
(32, NULL, 'Le Plessis Robinson', NULL, 1, NULL),
(33, NULL, 'Issy-les-Moulineaux', NULL, 1, NULL),
(34, NULL, 'Malakoff', NULL, 1, NULL),
(35, NULL, 'Montrouge', NULL, 1, NULL),
(36, NULL, 'Arcueil', NULL, 1, NULL),
(37, NULL, 'Cachan', NULL, 1, NULL),
(38, NULL, 'Ivry-sur-Seine', NULL, 1, NULL),
(39, NULL, 'Gentilly', NULL, 1, NULL);



--
-- Déchargement des données de la table `codepostal`
--

INSERT INTO `codepostal` (`id_cp`, `code_postal_cp`, `departement_cp`) VALUES
(1, '75001', '75'),
(2, '75002', '75'),
(3, '75003', '75'),
(4, '75004', '75'),
(5, '75005', '75'),
(6, '75006', '75'),
(7, '75007', '75'),
(8, '75008', '75'),
(9, '75009', '75'),
(10, '75010', '75'),
(11, '75011', '75'),
(12, '75012', '75'),
(13, '75013', '75'),
(14, '75014', '75'),
(15, '75015', '75'),
(16, '75016', '75'),
(17, '75017', '75'),
(18, '75018', '75'),
(19, '75019', '75'),
(20, '75020', '75'),
(21, '92330', '92'),
(22, '92150', '92'),
(23, '92100', '92'),
(24, '92300', '92'),
(25, '92160', '92'),
(26, '92600', '92'),
(27, '92220', '92'),
(28, '92270', '92'),
(29, '92290', '92'),
(30, '92320', '92'),
(31, '92140', '92'),
(32, '92110', '92'),
(33, '91460', '91'),
(34, '91480', '91'),
(35, '91580', '91'),
(36, '78450', '78'),
(37, '78920', '78'),
(38, '78250', '78'),
(39, '78120', '78'),
(40, '95000', '95'),
(41, '95640', '95'),
(42, '95410', '95'),
(43, '77390', '77'),
(44, '77570', '77'),
(45, '77580', '77'),
(46, '94510', '94'),
(47, '94520', '94'),
(48, '94130', '94'),
(49, '93200', '93'),
(50, '93190', '93'),
(51, '92350', '92'),
(52, '92130', '92'),
(53, '94110', '94'),
(54, '94230', '94'),
(55, '94200', '94'),
(56, '94250', '94'),
(57, '92240', '92'),
(58, '92120', '92');

-- --------------------------------------------------------



--
-- Déchargement des données de la table `codepostal_ville`
--

INSERT INTO `codepostal_ville` (`id_cp`, `id_ville`) VALUES
(1, 31),
(2, 31),
(3, 31),
(4, 31),
(5, 31),
(6, 31),
(7, 31),
(9, 31),
(8, 31),
(10, 31),
(11, 31),
(12, 31),
(13, 31),
(14, 31),
(15, 31),
(16, 31),
(17, 31),
(18, 31),
(19, 31),
(20, 31),
(21, 1),
(22, 2),
(23, 3),
(24, 4),
(25, 5),
(26, 6),
(27, 7),
(28, 8),
(29, 9),
(30, 10),
(31, 11),
(32, 12),
(33, 13),
(34, 14),
(35, 15),
(36, 16),
(38, 18),
(39, 19),
(40, 20),
(41, 21),
(42, 22),
(43, 23),
(44, 24),
(45, 25),
(46, 26),
(47, 27),
(48, 28),
(49, 29),
(50, 30),
(51, 32),
(52, 33),
(57, 34),
(58, 35),
(53, 36),
(54, 37),
(55, 38),
(56, 39);

-- --------------------------------------------------------




--
-- Déchargement des données de la table `adresse`
--

INSERT INTO `adresse` (`id_adresse`, `latitude_adresse`, `libelle_adresse`, `longitude_adresse`, `nomrue_adresse`, `numerorue_adresse`, `id_codepostal_tadresse`) VALUES
(1, '48.862725', NULL, '2.287592000000018', 'QUAI DE LA CHARENTE', '10', 19),
(2, '48.8633226', NULL, '2.3424426000000267', 'RUE DU LOUVRE', '42', 1),
(3, '48.8533889', NULL, '2.3764827999999625', 'RUE CHARONNE', '39', 11),
(4, '48.8407126', NULL, '2.392375500000071', 'AV DAUMESNIL', '181', 12),
(5, '48.8265541', NULL, '2.3322217999999566', 'rue de la Tombe-Issoire', '99', 14),
(6, '48.878373', NULL, '2.3049667000000227', 'rue Courcelles', '80', 8),
(7, '48.85085979999999', NULL, '2.391393600000015', ' Boulevard Voltaire', '252', 11),
(8, '48.87375369999999', NULL, '2.357046299999979', 'Boulevard de Strasbourg', '60', 10),
(9, '48.87234979999999', NULL, '2.3300877000000355', 'Rue Auber', '4', 9),
(10, '48.8775195', NULL, '2.342945200000031', 'Rue de Maubeuge', '13', 9),
(11, '48.8624723', NULL, '2.3760749000000487', 'Rue Pasteur', '117', 11),
(12, '48.8168904', NULL, '2.35530719999997', 'Boulevard du Général de Gaulle', '90', 13),
(13, '48.8587083', NULL, '2.405949400000054', 'Rue Saint-Blaise', '44', 20),
(14, '48.8618572', NULL, '2.346853699999997', 'FORUM DES HALLES, Espaces Créateurs / porte Berger Niv-1', '1', 1),
(15, '48.82888049999999', NULL, '2.3683957000000646', 'Place Jeanne d\'Arc', '19', 13),
(16, '48.8718113', NULL, '2.353685499999983', 'Rue du Faubourg Saint-Denis', '51', 10),
(17, '48.85926620000001', NULL, '2.3747121000000107', 'Rue du Chemin Vert', '41', 11),
(18, '48.8264314', NULL, '2.3641571000000567', 'Rue du Javelot', '64', 13),
(19, '48.8350613', NULL, '2.3593223999999964', 'Rue de Campo-Formio', '38', 13),
(20, '48.85774139999999', NULL, '2.397623500000009', 'Rue Ligner', '20', 20),
(21, '48.7407939', NULL, '2.2982452999999623', 'Rue Mirabeau', '115', 25),
(22, '48.76425709999999', NULL, '2.308761699999991', 'Avenue Raymond Aron', '5', 25),
(23, '48.8011711', NULL, '2.318095099999937', 'Avenue Louis Pasteur', '27', 27),
(24, '48.796226', NULL, '2.3193023999999696', 'Avenue Albert Petit', '83', 27),
(25, '48.7891998', NULL, '2.3010831999999937', 'Place des Brugnauts', '10', 27),
(26, '48.8365511', NULL, '2.2522186999999576', 'Avenue Edouard Vaillant', '32Bis', 23),
(27, '48.8424095', NULL, '2.2411686000000373', 'Rue du Château', '105', 23),
(28, '48.84385709999999', NULL, '2.2363377000000355', 'Rue d\'Aguesseau', '24', 23),
(29, '48.7644336', NULL, '2.2667602000000215', 'Avenue de la Division Leclerc', '287', 29),
(30, '48.7675499', NULL, '2.2536340999999993', 'Rue Sintes', '2', 29),
(31, '48.8031091', NULL, '2.293517800000018', 'Rue Pierre Semard', '26', 30),
(32, '48.8095921', NULL, '2.291798100000051', '11 Rue Jean Mermoz, 92320 Châtillon, France', '11', 30),
(33, '48.801032', NULL, '2.287563500000033', 'Rue de la Mairie', '30', 30),
(34, '48.7828967', NULL, '2.2427896000000374', 'Rue de Bretagne', '7', 31),
(35, '48.7897871', NULL, '2.2627555999999913', 'Avenue du Général de Gaulle', '137', 31),
(36, '48.8094845', NULL, '2.269420299999979', 'Rue Lazare Carnot', '2', 31),
(37, '48.862725', NULL, '2.287592000000018', 'Rue des Écoles', '10', 21),
(38, '48.8690467', NULL, '2.221342899999968', 'Rue de la Cerisaie', NULL, 22),
(39, '48.8324599', NULL, '2.2415783000000147', 'Avenue Desfeux', NULL, 23),
(40, '48.8948313', NULL, '2.29259849999994', 'Rue Marjolin', '5', 24),
(41, '48.64121890000001', NULL, '2.2156989999999723', 'Chemin du Regard', NULL, 33),
(42, '48.4404087', NULL, '2.4741710000000694', 'Rue du Moulin', NULL, 34),
(43, '48.4938852', NULL, '2.1922426999999516', 'Rue Grande Rue', '5', NULL),
(44, '48.81634760000001', NULL, '2.0050837', 'Avenue du Fontainier du Roy', '4', 36),
(45, '48.95147309999999', NULL, '1.921932599999991', 'Rue Saint-Antoine', '28', 37),
(46, '49.0170284', NULL, '1.9132813999999598', 'Chemin du Moulin d\'Orzeau', NULL, 38),
(47, '48.5987082', NULL, '1.8666670999999724', 'Rue des Chênes Secs', '14', 39),
(48, '49.02272749999999', NULL, '2.0818435999999565', 'Chemin des Patis', '8', 40),
(49, '49.158725', NULL, '2.045247300000028', 'Ferme de l\'Arche', NULL, 41),
(50, '48.98424480000001', NULL, '2.3512097999999924', 'rue de la Station', NULL, 42),
(51, '48.4765342', NULL, '2.5995762000000013', 'Route de Paris', '82', 43),
(52, '48.15194649999999', NULL, '2.566469999999981', 'Hameau de Pilvernier', '6', 44),
(53, '48.8264158', NULL, '2.971719699999994', 'Rue de Coulommiers', '4', 45),
(54, '48.7887228', NULL, '2.5642668000000413', 'Cuvette de Champlain', NULL, 46),
(55, '48.7046096', NULL, '2.563392399999998', 'Rue de la Fossé Parrot', '21', 47),
(56, '48.8319404', NULL, '2.4683363999999983', 'Avenue de la Source', NULL, 48),
(57, '48.9474037', NULL, '2.3747613000000456', 'Avenue de Stalingrad', '114', 49),
(58, '48.90696279999999', NULL, '2.5220191999999315', 'Boulevard de la République', '65', 50),
(59, '48.8763493', NULL, '2.322208000000046', 'Rue du Rocher', '21', 8),
(60, '48.8556523', NULL, '2.3867381000000023', 'Rue Léon Frot', '42', 11),
(61, '48.7767435', NULL, '2.256897200000026', 'Avenue Charles de Gaulle', '88', 51),
(62, '48.7852062', NULL, '2.2772767999999814', 'Avenue Raymond Croland', '64', 51),
(63, '48.8250766', NULL, '2.2673174000000245', '65 Rue du Gouverneur Général Éboué, 92130 Issy-les-Moulineaux, France', '65', 52),
(64, '48.8178304', NULL, '2.259975700000041', 'Rue d\'Erevan', '54', 52),
(65, '48.8209552', NULL, '2.3047854000000143', 'Avenue Pierre Larousse', '70', 57),
(66, '48.8221097', NULL, '2.302066599999989', 'Rue Henri Martin', '6', 57),
(67, '48.8121277', NULL, '2.3154632000000674', 'Avenue de la République', '144', 58),
(68, '48.8159541', NULL, '2.3118096000000605', 'Place Jean Jaurès', '28', 58),
(69, '48.8162604', NULL, '2.309271200000012', 'Avenue Verdier', '86', 58),
(70, '48.8052259', NULL, '2.3381211999999323', 'av Paul Doumer', '27', 53),
(71, '48.80198499999999', NULL, '2.331417999999985', 'Rue Emile Raspail', '35', 53),
(72, '48.7863059', NULL, '2.3324261000000206', 'Avenue du Maréchal de Lattre de Tassigny', '40', 54),
(73, '48.79077710000001', NULL, '2.322505699999965', 'Rue d\'Alsace', '10', 54),
(74, '48.81910299999999', NULL, '2.39301219999993', 'Rue Jean Jacques Rousseau', '15', 55),
(75, '48.81419959999999', NULL, '2.4086075000000164', 'Rue Maurice Gunsbourg', '3', 55),
(76, '48.816503', NULL, '2.3535501999999724', 'Avenue Gallieni', '7', 56),
(77, '48.8159413', NULL, '2.351577300000031', '28 Rue Charles Frérot, 94250 Gentilly, France', '28', 56),
(78, '48.8185685', NULL, '2.3068011999999953', 'Avenue du 12 Février 1934', '102', 57),
(79, '48.8153054', 'Maison', '2.315783799999963', 'Rue de Saisset', '7', 58),
(80, '48.8305247', 'Travail', '2.3147165000000314', 'Rue de l\'Abbé Carton', '3', 14),
(81, '48.870993', 'Maison', '2.338543', 'Rue d\'Amboise', '7', 12),
(82, '48.8164171', 'Travail', '2.327170600000045', 'Boulevard du Général de Gaulle', '9', 58),
(83, '48.821152', 'Maison', '2.311463', 'Rue Voltaire', '54', 57),
(84, '48.853924', 'Travail', '2.324145', 'Rue de Varenne', '27', 7);

--
-- Déchargement des données de la table `utilisateur`
--

INSERT INTO `utilisateur` (`type_utilisateur`, `id_utilisateur`, `mail_utilisateur`, `mdp_utilisateur`, `nom_utilisateur`, `prenom_utilisateur`, `identifiant_salarie`, `datedesinscription_nonsalarie`, `dateinscription_nonsalarie`, `tel1_nonsalarie`, `tel2_nonsalarie`, `bic_professionnel`, `iban_professionnel`, `identifiant_professionnel`, `raisonsociale_professionnel`, `siret_professionnel`, `descriptionbreve_producteur`, `descriptiondetaillee_producteur`, `photo_producteur`, `tourneeReelleLivraison_id_tournee_theorique`, `tourneeReelleProducteur_id_tournee_theorique`) VALUES
('point relais', 1, 'ufcv@gmail.com', 'pr1', 'Le Forge', 'François', NULL, NULL, '2017-09-17 00:00:00', '01 75 89 63 41', NULL, NULL, NULL, 'pr1filetgarni', 'UFCV ILE-DE-FRANCE', '14369875213589', NULL, NULL, NULL, NULL, NULL),
('point relais', 2, 'frca@gmail.com', 'pr2', 'Joutard', 'Damien', NULL, NULL, '2017-09-19 00:00:00', '01 23 58 74 69', NULL, NULL, NULL, 'pr2filetgarni', 'FRCA ILE DE FRANCE', '65875321467889', NULL, NULL, NULL, NULL, NULL),
('point relais', 3, 'cap@gmail.com', 'pr3', 'Cohen', 'Sarah', NULL, NULL, '2017-09-19 00:00:00', '01 58 74 65 89', NULL, NULL, NULL, 'pr3filetgarni', 'CARREFOUR DES ASSOCIATIONS PARISIENNES', NULL, NULL, NULL, NULL, NULL, NULL),
('point relais', 4, 'dbads@yahoo.fr', 'pr4', 'Deschamps', 'Nicolas', NULL, NULL, '2017-09-04 00:00:00', '01 78 69 45 12', NULL, NULL, NULL, 'pr4filetgarni', 'DU BEAU AVEC DU SENS', '25784556321447', NULL, NULL, NULL, NULL, NULL),
('point relais', 5, 'cca@google.com', 'pr5', 'Delapierre', 'Jean-Marc', NULL, NULL, '2017-07-10 00:00:00', '01 45 69 87 23', NULL, NULL, NULL, 'pr5filetgarni', 'CRÉDIT COOP ALÉSIA', '57896585232547', NULL, NULL, NULL, NULL, NULL),
('point relais', 6, 'coop_courcelle@gmail.com', 'pr6', 'Juliani', 'Stéphane', NULL, NULL, '2017-09-17 00:00:00', '01 92 47 85 65', NULL, NULL, NULL, 'pr6filetgarni', 'COOP COURCELLE', '58964752135896', NULL, NULL, NULL, NULL, NULL),
('point relais', 7, 'coop_nation@gmail.com', 'pr7', 'Debranchut', 'Isabelle', NULL, NULL, '2017-09-17 00:00:00', '01 56 78 95 41', NULL, NULL, NULL, 'pr7filetgarni', 'CREDIT COOP NATION', '23578954632587', NULL, NULL, NULL, NULL, NULL),
('point relais', 8, 'coop_garedelest@gmail.com', 'pr8', 'Huet', 'Daniel', NULL, NULL, '2017-09-17 00:00:00', '01 25 78 96 33', NULL, NULL, NULL, 'pr8filetgarni', 'CREDIT COOP Gare de l\'Est', '23588977412365', NULL, NULL, NULL, NULL, NULL),
('point relais', 9, 'coop_opera@gmail.com', 'pr9', 'Le Quéau', 'Alain', NULL, NULL, '2017-09-17 00:00:00', '01 79 58 46 25', NULL, NULL, NULL, 'pr9filetgarni', 'CREDIT COOP Opera', '57896325412145', NULL, NULL, NULL, NULL, NULL),
('point relais', 10, 'sourire@gmail.com', 'pr10', 'Elias', 'Luciana', NULL, NULL, '2017-09-17 00:00:00', '01 78 41 42 36', NULL, NULL, NULL, 'pr10filetgarni', 'Le Sourire Multicolors', '15482697521364', NULL, NULL, NULL, NULL, NULL),
('point relais', 11, 'astrolab@yahoo.fr', 'pr11', 'Cornouaillaux', 'Louis', NULL, NULL, '2017-09-17 00:00:00', '01 95 78 41 22', NULL, NULL, NULL, 'pr11filetgarni', 'ASTROLAB', '78965412358741', NULL, NULL, NULL, NULL, NULL),
('point relais', 12, 'fnars@laposte.net', 'pr12', 'Le Bris', 'Jacques', NULL, NULL, '2017-09-17 00:00:00', '01 39 95 42 78', NULL, NULL, NULL, 'pr12filetgarni', 'FNARS ILE DE FRANCE', '58967435621456', NULL, NULL, NULL, NULL, NULL),
('point relais', 13, 'coopaname@laposte.net', 'pr13', 'Cauchon', 'Julien', NULL, NULL, '2017-09-17 00:00:00', '01 27 84 74 71', NULL, NULL, NULL, 'pr13filetgarni', 'COOPANAME', '36579854219655', NULL, NULL, NULL, NULL, NULL),
('point relais', 14, 'ethik_concept@gmail.com', 'pr14', 'Garantal', 'Julie', NULL, NULL, '2017-09-17 00:00:00', '01 25 36 74 54', NULL, NULL, NULL, 'pr14filetgarni', 'ETHIK CONCEPT', '52348657895214', NULL, NULL, NULL, NULL, NULL),
('point relais', 15, 'bandb@gmail.com', 'pr15', 'Ricoul', 'Bruno', NULL, NULL, '2017-09-17 00:00:00', '01 45 54 87 78', NULL, NULL, NULL, 'pr15filetgarni', 'B et B Boutique', '25798431687952', NULL, NULL, NULL, NULL, NULL),
('point relais', 16, 'arcadi@yahoo.fr', 'pr16', 'Deslandes', 'Gilles', NULL, NULL, '2017-09-17 00:00:00', '01 78 45 63 21', NULL, NULL, NULL, 'pr16filetgarni', 'ARCADI', '54785321856578', NULL, NULL, NULL, NULL, NULL),
('point relais', 17, 'altermundi_paris@yahoo.com', 'pr17', 'Oger', 'Cyriac', NULL, NULL, '2017-09-17 00:00:00', '01 72 65 89 31', NULL, NULL, NULL, 'pr17filetgarni', 'ALTERMUNDI', '25487963258741', NULL, NULL, NULL, NULL, NULL),
('point relais', 18, 'teva13@gmail.com', 'pr18', 'Safourde', 'Nathalie', NULL, NULL, '2017-09-17 00:00:00', '01 58 79 67 19', NULL, NULL, NULL, 'pr18filetgarni', 'TEVA13', '25796321478563', NULL, NULL, NULL, NULL, NULL),
('point relais', 19, 'fafrad@laposte.net', 'pr19', 'Saïdi', 'Sonia', NULL, NULL, '2017-09-17 00:00:00', '01 97 46 31 28', NULL, NULL, NULL, 'pr19filetgarni', 'Verve noire Fafrad', '37914682546827', NULL, NULL, NULL, NULL, NULL),
('point relais', 20, 'amap_reunion', 'pr20', 'Legrand', 'Benjamin', NULL, NULL, '2017-09-17 00:00:00', '01 57 48 96 32', NULL, NULL, NULL, 'pr20filetgarni', 'AMAP REUNION', '45687921378952', NULL, NULL, NULL, NULL, NULL),
('producteur', 21, 'ruchesurbaines@gmail.com', 'ruchesurbaines', 'Martin', 'Georges', NULL, NULL, NULL, '01 29 41 45 10', NULL, NULL, NULL, 'ruchesurbaines', 'Ruches Urbaines', NULL, 'Apiculteur récoltant', 'Apiculteur récoltant, je gère aujourd\'hui 80 ruches et contribue à une apiculture locale et respectueuse de l’environnement en Ile-de-France. Notre miel est produit sur 3 sites : le Parc de Sceaux, le Château de Courances et la forêt de Fontainebleau, où notre production est en cours de certification biologique.', 'producteur_id21.jpg', NULL, NULL),
('producteur', 22, 'chateauengerran@yahoo.fr', 'chateauengarran', 'Roux', 'Bernard', NULL, NULL, NULL, '01 85 78 45 96', NULL, NULL, NULL, 'chateauengarran', 'Château de l\'Engarran', NULL, 'Producteur de vins', NULL, 'producteur_id22.jpg', NULL, NULL),
('producteur', 23, 'kanabou@yahoo.com', 'kanabou', 'Durand', 'Fabrice', NULL, NULL, NULL, '01 78 45 21 10', NULL, NULL, NULL, 'kanabou', 'Kanabou', NULL, 'Producteur de légumes', NULL, 'producteur_id23.jpg', NULL, NULL),
('producteur', 24, 'damolini', 'damolini', 'Marchand', 'Jules', NULL, NULL, NULL, '01 45 46 17 80', NULL, NULL, NULL, 'damolini', 'Damolini Bonduelle', NULL, 'Producteur de fruits', NULL, 'producteur_id24.jpg', NULL, NULL),
('producteur', 25, 'marcoussis@gmail.com', 'marcoussis', 'Giroud', 'Martin', NULL, NULL, NULL, '01 45 26 10 45', NULL, NULL, NULL, 'marcoussis', 'Potagers de Marcoussis', NULL, 'Producteur de légumes', 'Chantier d\'insertion professionnel par le maraîchage biologique et la transformation alimentaire (Conserverie Coopérative de Marcoussis)', 'producteur_id25.jpg', NULL, NULL),
('producteur', 26, 'courances@laposte.net', 'courances', 'Morin', 'Elizabeth', NULL, NULL, NULL, '01 78 45 12 15', NULL, NULL, NULL, 'courances', 'Les Jardins de Courances', NULL, 'Producteur de fruits', 'Légumes, fruits fleurs et aromatiques du potager biologique du château de Courances célèbre pour son parc et ses jardins d\'eaux et de la plaine en conversion AB.  Le potager de trois hectares clos de murs certifié biologique en 2015 est le point de départ d\'une grande aventure agro-culturelle initiée par Valentine de Ganay : elle se développe aujourd\'hui dans la plaine agricole entre Courances et Fleury en cours de conversion à l\'agriculture biologique, avec l\'ambition de nourrir une partie de la région parisienne de produits frais, sains et savoureux et de développer un modèle agricole esthétique et vertueux.', 'producteur_id26.jpg', NULL, NULL),
('producteur', 27, 'gaec@yahoo.fr', 'gaec', 'Gaec', 'Louise', NULL, NULL, NULL, '01 78 52 16 41', NULL, NULL, NULL, 'gaec', 'Gaec famille Pigeon', NULL, 'Producteur d\'œufs et de produits fermiers', 'Exploitation céréalière atelier de diversification de poules pondeuses de plein air crée en avril 2015 pour vente directe à la ferme et circuits courts.', 'producteur_id27.jpg', NULL, NULL),
('producteur', 28, 'godefroy@gmail.fr', 'godefroy', 'Roussel', 'Jean', NULL, NULL, NULL, '01 56 89 45 10', NULL, NULL, NULL, 'godefroy', 'Godefroy', NULL, 'Producteur de pommes', 'PRODUCTEUR DE POMMES BIOLOGIQUES CERTIFIE ECOCERT. TOUS DERIVEES DE LA POMMES: POMMES A COUTEAUX, jus de pommes, cidres, confitures et compotes.', 'producteur_id28.jpg', NULL, NULL),
('producteur', 29, 'marcault@laposte.net', 'marcault', 'Perrin', 'Nicolas', NULL, NULL, NULL, '01 78 59 41 20', NULL, NULL, NULL, 'marcault', 'Le Marcault', NULL, 'Producteur de légumes', NULL, 'producteur_id29.jpg', NULL, NULL),
('producteur', 30, 'orzeau@gmail.com', 'orzeau', 'Faure', 'Michel', NULL, NULL, NULL, '01 45 96 20 45', NULL, NULL, NULL, 'orzeau', 'Au délices du Moulin d\'Orzeau', NULL, 'Producteur de miel', 'Nous proposons exclusivement des miels issus de nos ruchers situés à proximité de Tessancourt sur Aubette (VEXIN). Nos miels ne sont à aucun moment chauffés. Aucun sucre ou sirop de glucose/fructose n\'est ajouté à nos miels. Les ruches ne sont jamais soumis aux traitements à base de molécules chimiques (amitraze) contre le varroa. Nous vous proposons des miels de fleurs sauvages, de printemps, du Vexin, de tilleul, de châtaignier ou de chataignier-roncier ainsi que des préparations à base de miel. Nos miels sont liquides, crémeux, ou encore cristallisés suivant les nectars butinés et la saison.', 'producteur_id30.jpg', NULL, NULL),
('producteur', 31, 'huniere@gmail.com', 'huniere', 'Bourgeois', 'Pascal', NULL, NULL, NULL, '01 89 74 52 30', NULL, NULL, NULL, 'huniere', 'Earl de la Hunière', NULL, 'Producteur d\'œufs ', NULL, 'producteur_id31.jpg', NULL, NULL),
('producteur', 32, 'plaisirs@yahoo.fr', 'plaisirs', 'Boyer', 'Arnaud', NULL, NULL, NULL, '01 48 78 96 20', NULL, NULL, NULL, 'plaisirs', 'Earl les Plaisirs du Jardin', NULL, 'Producteur de légumes', 'Nous sommes producteurs maraîchers, dans la zone maraîchère de Cergy, au bord de l’Oise. Nous cultivons environ 140 variétés de légumes, de fruits et de fruits rouges sur une surface de près de 12 Ha. Nous distribuons ces récoltes sous forme de paniers. Nous avons le label AB Agriculture Biologique (depuis 2009) et pratiquons la biodynamie (label DEMETER depuis 2013).', 'producteur_id32.jpg', NULL, NULL),
('producteur', 33, 'arche@gmail.com', 'arche', 'Lefevre', 'Laurent', NULL, NULL, NULL, '01 78 52 36 90', NULL, NULL, NULL, 'arche', 'Ferme de l\'Arche', NULL, 'Producteur de lait', 'La Ferme de l\'Arche vous propose depuis plus de 10 ans du lait de nos vaches.', 'producteur_id33.jpg', NULL, NULL),
('producteur', 34, 'luat@gmail.com', 'luat', 'Dumas', 'Alexandra', NULL, NULL, NULL, '01 56 23 10 45', NULL, NULL, NULL, 'luat', 'Les Vergers du Luat', NULL, 'Producteur de pommes', NULL, 'producteur_id34.jpg', NULL, NULL),
('producteur', 35, 'ly@yahoo.fr', 'lykevin', 'Ly', 'Kévin', NULL, NULL, NULL, '01 54 12 96 53', NULL, NULL, NULL, 'chaillotine', 'La Ferme de Ly', NULL, 'Producteur de fruits et légumes', NULL, 'producteur_id35.jpg', NULL, NULL),
('producteur', 36, 'gatinorge@yahoo.fr', 'gatinorge', 'Dufour', 'Grégoire', NULL, NULL, NULL, '01 65 12 45 60', NULL, NULL, NULL, 'gatinorge', 'SARL Gatinorge', NULL, 'Producteur de bières', 'Notre Bière est née du terroir du Gâtinais en l’an 2000. A l’initiative d’un groupe d’agriculteurs, producteurs d’orge, amoureux de leur métier. Notre but est de valoriser une production régionale de renommée : l’orge brassicole du Gâtinais. Notre projet a été de « créer une bière identifiée à un métier et à un terroir ». Du champ d’orge à la Gâtine, la traçabilité est assurée. La Gâtine est une bière artisanale, riche en malt, non filtrée, non pasteurisée. La fermentation haute, caractéristique du brassage à l’ancienne, libère les arômes de la Gâtine. Elle parfait son bouquet grâce à la refermentation en bouteille. La Gâtine est une bière sur lie, légère et digeste, la levure que l’on observe dans le fond de la bouteille est symbole de qualité. Notre bière fait partie des produits du terroir de SEINE ET MARNE.', 'producteur_id36.jpg', NULL, NULL),
('producteur', 37, 'rouilly@gmail.com', 'rouilly', 'Bailly', 'Laura', NULL, NULL, NULL, '01 47 52 13 15', NULL, NULL, NULL, 'rouilly', 'Ferme de Rouilly Le Bas', NULL, 'Producteur de lait', 'Je suis éleveuse de Charolaise, elles passent 7 mois de l\'année au pré et sont rentrés en hiver. Les vaches laitières mangent des aliments produits sur la ferme (betterave, blé, lin, foin...). Les animaux sont nés, élevés en seine et marne. ', 'producteur_id37.jpg', NULL, NULL),
('producteur', 38, 'hermitage@gmail.com', 'hermitage', 'Guibert', 'Alain', NULL, NULL, NULL, '01 20 14 20 56', NULL, NULL, NULL, 'hermitage', 'Société la Ferme de l\'Hermitage', NULL, 'Producteur de fruits', NULL, 'producteur_id38.jpg', NULL, NULL),
('producteur', 39, 'raehm@yahoo.fr', 'raehmpierre', 'Raehm', 'Jean-Pierre', NULL, NULL, NULL, '01 78 96 52 41', NULL, NULL, NULL, 'raehmpierre', 'Raehm Jean Pierre', NULL, 'Producteur de légumes', NULL, 'producteur_id39.jpg', NULL, NULL),
('producteur', 40, 'roques@gmail.fr', 'roques', 'Dumont', 'Bertrand', NULL, NULL, NULL, '01 54 23 10 12', NULL, NULL, NULL, 'lesroques', 'Domaine Les Roques de Cana', NULL, 'Producteur de vins', '', 'producteur_id40.jpg', NULL, NULL),
('producteur', 41, 'kersante@laposte.net', 'kersante', 'Joly', 'Hélène', NULL, NULL, NULL, '01 78 45 20 12', NULL, NULL, NULL, 'kersante', 'Kersante', NULL, 'Producteur de légumes', NULL, 'producteur_id41.jpg', NULL, NULL),
('producteur', 42, 'kremer@yahoo.fr', 'kremer', 'Kremer', 'Daniela', NULL, NULL, NULL, '01 45 25 41 10', NULL, NULL, NULL, 'kremer', 'Kremer', NULL, 'Producteur de miel', 'Apiculteur Producteur - récolte des miels de nos ruchers d\'Ile de France (Miels de Ville et forêt) et d\'Auvergne (Miels de Montagne). ne vend que du miel de ses ruchers - possibilité de découvrir le travail de l\'apiculteur et de visiter un rucher sur rendez-vous.', 'producteur_id42.jpg', NULL, NULL),
('producteur', 43, 'itavi@laposte.net', 'itavi', 'Guillou', 'Frédéric', NULL, NULL, NULL, '01 14 52 63 96', NULL, NULL, NULL, 'itavi', 'I.T.A.V.I', NULL, 'Producteur d\'œufs', '', 'producteur_id43.jpg', NULL, NULL),
('producteur', 44, 'vignerons@yahoo.fr', 'vignerons', 'Aubry', 'Salomon', NULL, NULL, NULL, '01 45 89 41 20', NULL, NULL, NULL, 'vignerons', 'Vignerons de Paris', NULL, 'Producteur de vins', NULL, 'producteur_id44.jpg', NULL, NULL),
('point relais', 45, 'fleurs_amour@gmail.com', 'pr21', 'Marchand', 'Lydia', NULL, NULL, '2017-09-18 00:00:00', '01 98 75 23 14', NULL, NULL, NULL, 'pr21filetgarni', 'Fleurs d\'amour', '78965423658794', NULL, NULL, NULL, NULL, NULL),
('point relais', 46, 'armurerie_bruneau', 'pr22', 'Bruneau', 'Jean-François', NULL, NULL, '2017-09-18 00:00:00', '01 25 49 67 32', NULL, NULL, NULL, 'pr22filetgarni', 'Armurerie Bruneau', '78965423589674', NULL, NULL, NULL, NULL, NULL),
('point relais', 47, 'bonpalais@laposte.net', 'pr23', 'Lerucher', 'Patrice', NULL, NULL, '2017-09-18 00:00:00', '01 21 11 14 17', NULL, NULL, NULL, 'pr23filetgarni', 'Au Bon Palais', '78954325874125', NULL, NULL, NULL, NULL, NULL),
('point relais', 48, 'interphone92@gmail.com', 'pr24', 'Michaudel', 'Ludovic', NULL, NULL, '2017-09-18 00:00:00', '01 98 77 33 45', NULL, NULL, NULL, 'pr25filetgarni', 'Interphone', '87956321478569', NULL, NULL, NULL, NULL, NULL),
('point relais', 49, 'lesbrugnauts@yahoo.fr', 'pr25', 'Botrel', 'Maryvonne', NULL, NULL, '2017-09-18 00:00:00', '01 25 34 78 98', NULL, NULL, NULL, 'pr25filetgarni', 'Tabac Presse Les Brugnauts', '254863597541235', NULL, NULL, NULL, NULL, NULL),
('point relais', 50, 'reflex_rent', 'pr26', 'Zakowic', 'Virginie', NULL, NULL, '2017-09-18 00:00:00', '01 74 85 96 12', NULL, NULL, NULL, 'pr26filetgarni', 'Au Bon appétit', '78956321456545', NULL, NULL, NULL, NULL, NULL),
('point relais', 51, 'new_link@laposte.net', 'pr27', 'Bellamy', 'Marion', NULL, NULL, '2017-09-18 00:00:00', '01 80 62 60 61', NULL, NULL, NULL, 'pr27filetgarni', 'New Link', '36978412563214', NULL, NULL, NULL, NULL, NULL),
('point relais', 52, 'alamtout@yahoo.fr', 'pr28', 'Abdoulah', 'Yassin', NULL, NULL, '2017-09-18 00:00:00', '01 25 87 96 32', NULL, NULL, NULL, 'pr28filetgarni', 'Alamtout Services', '78956321478965', NULL, NULL, NULL, NULL, NULL),
('point relais', 53, 'aupremiercoupdoeil@laposte.net', 'pr29', 'Midamegbe', 'Afiwa', NULL, NULL, '2017-09-18 00:00:00', '01 87 63 54 58', NULL, NULL, NULL, 'pr29filetgarni', 'Au premier coup d\'oeil', '32179564852698', NULL, NULL, NULL, NULL, NULL),
('point relais', 54, 'blé_folies@gmail.com', 'pr30', 'Mandelbaum', 'Joël', NULL, NULL, '2017-09-18 00:00:00', '01 69 78 25 32', NULL, NULL, NULL, 'pr30filetgarni', 'Les Folies du Blé', '58796431258978', NULL, NULL, NULL, NULL, NULL),
('point relais', 55, 'caverne_particulier', 'pr31', 'Poulain', 'Christian', NULL, NULL, '2017-09-18 00:00:00', '01 68 97 58 44', NULL, NULL, NULL, 'pr31filetgarni', 'La Caverne du Particulier', '85236974136974', NULL, NULL, NULL, NULL, NULL),
('point relais', 56, 'lembellie@gmail.com', 'pr32', 'Fleury', 'Cécile', NULL, NULL, '2017-09-17 00:00:00', '01 74 56 96 32', NULL, NULL, NULL, 'pr32filetgarni', 'L\'Embellie', '23976158763258', NULL, NULL, NULL, NULL, NULL),
('point relais', 57, 'luzinthesky@gmail.com', 'pr33', 'Millet', 'Stéphane', NULL, NULL, '2017-09-18 00:00:00', '01 78 96 35 15', NULL, NULL, NULL, 'pr33filetgarni', 'Luz In The Sky', '23569878451236', NULL, NULL, NULL, NULL, NULL),
('point relais', 58, 'lefruitiers@yahoo.fr', 'pr34', 'Dubleumortier', 'Sebastien', NULL, NULL, '2017-09-11 00:00:00', '01 87 98 69 23', NULL, NULL, NULL, 'pr34filatgarni', 'Le Fruitier', '85634789654789', NULL, NULL, NULL, NULL, NULL),
('point relais', 59, 'labopc@google.fr', 'pr35', 'Rouault', 'Florian', NULL, NULL, '2017-09-18 00:00:00', '01 98 36 65 64', NULL, NULL, NULL, 'pr35filetgarni', 'Labo PC', '32879654789321', NULL, NULL, NULL, NULL, NULL),
('point relais', 60, 'evidence_media@gmail.com', 'pr36', 'Houblé', 'Benjamin', NULL, NULL, '2017-09-18 00:00:00', '01 78 52 96 12', NULL, NULL, NULL, 'pr36filetgarni', 'Evidence Media', '32589654712358', NULL, NULL, NULL, NULL, NULL),
('point relais', 61, 'prestonnet@laposte.net', 'pr37', 'Prestonnet', 'Josianne', NULL, NULL, '2017-09-18 00:00:00', '01 25 89 74 36', NULL, NULL, NULL, 'pr37filetgarni', 'Prestonnet', '85632587465214', NULL, NULL, NULL, NULL, NULL),
('point relais', 62, 'fradett@gmail.com', 'pr38', 'Dereeper', 'Eloi', NULL, NULL, '2017-09-24 00:00:00', '0136633663', NULL, NULL, NULL, 'pr38filetgarni', 'Fradett Déco et Meubles', '12579658742365', NULL, NULL, NULL, NULL, NULL),
('point relais', 63, 'amarante@gmail.com', 'pr40', 'Grogneuf', 'Sabrina', NULL, NULL, '2017-09-17 00:00:00', '01 98 56 74 32', NULL, NULL, NULL, 'pr40filetgarni', 'Amarante Fleuriste', '56478932147896', NULL, NULL, NULL, NULL, NULL),
('point relais', 64, 'melylux@gamail.com', 'pr41', 'Jourdan', 'Jean-Baptiste', NULL, NULL, '2017-09-17 00:00:00', '01 78 58 68 98', NULL, NULL, NULL, 'pr41filetgarni', 'Mel y Lux', '23578965421536', NULL, NULL, NULL, NULL, NULL),
('point relais', 65, 'showbizz@laposte.net', 'pr42', 'Minily', 'Keyla', NULL, NULL, '2017-09-17 00:00:00', '01 45 78 12 36', NULL, NULL, NULL, 'pr42filetgarni', 'SHOWBIZZ', '25796321578965', NULL, NULL, NULL, NULL, NULL),
('point relais', 66, 'mtm_informatica@gmail.com', 'pr43', 'Camarguier', 'Camille', NULL, NULL, '2017-09-18 00:00:00', '01 56 98 41 32', NULL, NULL, NULL, 'pr43filetgarni', 'MTM Informatica', '23784596745285', NULL, NULL, NULL, NULL, NULL),
('point relais', 67, 'xhorient@gmail.com', 'pr44', 'Pericard', 'Sébastien', NULL, NULL, '2017-09-17 00:00:00', '01 23 23 54 74', NULL, NULL, NULL, 'pr44filetgarni', 'Xhorient', '327536984215878', NULL, NULL, NULL, NULL, NULL),
('point relais', 68, 'shabo@laposte.net', 'pr45', 'Rondoullet', 'Mathieu', NULL, NULL, '2017-09-18 00:00:00', '01 78 69 52 45', NULL, NULL, NULL, 'pr45filetgarni', 'SHABO', '54863289745214', NULL, NULL, NULL, NULL, NULL),
('point relais', 69, 'milleetunefleur@yahoo.fr', 'pr46', 'Lepage', 'Agnès', NULL, NULL, '2017-09-17 00:00:00', '01 87 56 21 37', NULL, NULL, NULL, 'p46filetgarni', 'Mille et Une Fleur', '12795468327932', NULL, NULL, NULL, NULL, NULL),
('point relais', 70, 'lepicerieducoin@yahoo.fr', 'pr47', 'Legrand', 'Romain', NULL, NULL, '2017-09-17 00:00:00', '01 78 96 52 41', NULL, NULL, NULL, 'pr47filetgarni', 'L\'épicerie du coin', '753654878895213', NULL, NULL, NULL, NULL, NULL),
('point relais', 71, 'cintre-pressing@laposte.net', 'pr48', 'Reymar', 'Rafika', NULL, NULL, '2017-09-18 00:00:00', '01 86 75 42 13', NULL, NULL, NULL, 'p48 filetgarni', 'Cintre Chic Pressing', '78459653574255', NULL, NULL, NULL, NULL, NULL),
('point relais', 72, 'khpmarket@laposte.net', 'pr49', 'André', 'Erwann', NULL, NULL, '2017-09-17 00:00:00', '01 78 95 42 31', NULL, NULL, NULL, 'pr49filetgarni', 'KHP Market', '32587956425874', NULL, NULL, NULL, NULL, NULL),
('point relais', 73, 'aunaturel@gmail.com', 'pr50', 'Dumont', 'Camilla', NULL, NULL, '2017-09-18 00:00:00', '01 87 96 45 32', NULL, NULL, NULL, 'pr50filetgarni', 'Au Naturel', '84563247896524', NULL, NULL, NULL, NULL, NULL),
('point relais', 74, 'ivryphone@gmail.com', 'pr51', 'Collet', 'Juliette', NULL, NULL, '2017-09-17 00:00:00', '01 79 81 45 63', NULL, NULL, NULL, 'pr51filetagrni', 'Ivry Phone', '57845635789654', NULL, NULL, NULL, NULL, NULL),
('point relais', 75, 'demarque_online@yahoo.fr', 'pr52', 'Bouvier', 'Carole', NULL, NULL, '2017-09-17 00:00:00', '01 54 64 93 72', NULL, NULL, NULL, 'pr52filetgarni', 'Demarque Online', '328795632147856', NULL, NULL, NULL, NULL, NULL),
('point relais', 76, 'pressing_renova@gamail.com', 'pr53', 'Duroc', 'Didier', NULL, NULL, '2017-09-18 00:00:00', '01 45 46 23 89', NULL, NULL, NULL, 'pr53filetgarni', 'Pressing Renova Matic', '78564231598456', NULL, NULL, NULL, NULL, NULL),
('point relais', 77, 'girbal@laposte.net', 'pr54', 'Girbal', 'Robert', NULL, NULL, '2017-09-17 00:00:00', '01 79 65 42 39', NULL, NULL, NULL, 'pr54filetgarni', 'Girbal Librairie', '78956423879512', NULL, NULL, NULL, NULL, NULL),
('point relais', 78, 'fingerstip', 'pr55', 'Lachame', 'Denise', NULL, NULL, '2017-09-18 00:00:00', '01 65 78 21 31', NULL, NULL, NULL, 'pr55filetgarni', 'Fingerstip', '85643578961246', NULL, NULL, NULL, NULL, NULL),
('consommateur', 79, 'emmanuelle.bureau@gmail.com', 'emmanuelle224', 'Bureau', 'Emmanuelle', NULL, NULL, '2017-09-01 00:00:00', '0140154741', NULL, NULL, NULL, NULL, NULL, NULL, NULL, NULL, NULL, NULL, NULL),
('consommateur', 80, 'fabien.chandonnet@gmail.com', 'fabien4242', 'Chandonnet', 'Fabien', NULL, NULL, '2017-08-01 00:00:00', '0162645250', NULL, NULL, NULL, NULL, NULL, NULL, NULL, NULL, NULL, NULL, NULL),
('consommateur', 81, 'virginie.zakowic@yahoo.fr', 'vivizako748545', 'Zakowic', 'Virginie', NULL, NULL, '2017-09-04 00:00:00', '0625161232', '0150292947', NULL, NULL, NULL, NULL, NULL, NULL, NULL, NULL, NULL, NULL),
('consommateur', 82, 'marion.bellamy@gmail.com', 'marion302', 'Bellamy', 'Marion', NULL, NULL, '2017-08-22 00:00:00', '0625151478', '0145785652', NULL, NULL, NULL, NULL, NULL, NULL, NULL, NULL, NULL, NULL),
('consommateur', 83, 'migamegbe@yahoo.fr', 'afiwa635', 'Midamegbe', 'Afiwa', NULL, NULL, '2017-08-16 00:00:00', '0625212145', NULL, NULL, NULL, NULL, NULL, NULL, NULL, NULL, NULL, NULL, NULL),
('consommateur', 84, 'lulumichau@gmail.com', 'ludovic', 'Michaudel', 'Ludovic', NULL, NULL, '2017-09-02 00:00:00', '0621458956', NULL, NULL, NULL, NULL, NULL, NULL, NULL, NULL, NULL, NULL, NULL),
('consommateur', 85, 'antoinelulu@yahoo.fr', 'antoine1234', 'Louis', 'Antoine', NULL, NULL, '2017-09-01 00:00:00', '0626321512', NULL, NULL, NULL, NULL, NULL, NULL, NULL, NULL, NULL, NULL, NULL),
('consommateur', 86, 'ramyajeyacumar@gmail.com', 'ramya789', 'Jeyacumar', 'Ramya', NULL, NULL, '2017-08-14 00:00:00', '0632315123', NULL, NULL, NULL, NULL, NULL, NULL, NULL, NULL, NULL, NULL, NULL),
('consommateur', 87, 'florenceduhamel1889@gmail.com', 'florence78965', 'Duhamel', 'Florence', NULL, NULL, '2017-09-11 00:00:00', '0652454578', NULL, NULL, NULL, NULL, NULL, NULL, NULL, NULL, NULL, NULL, NULL),
('consommateur', 88, 'fluetgustave@yahoo.com', 'gustavefluflu789', 'Fluet', 'Gustave', NULL, NULL, '2017-09-04 00:00:00', '0623147895', NULL, NULL, NULL, NULL, NULL, NULL, NULL, NULL, NULL, NULL, NULL),
('consommateur', 89, 'gigibousquet@gmail.com', 'gilbert7884', 'Bousquet', 'Gilbert', NULL, NULL, '2017-09-05 00:00:00', '0623157845', NULL, NULL, NULL, NULL, NULL, NULL, NULL, NULL, NULL, NULL, NULL),
('consommateur', 90, 'saintpierre@orange.fr', 'willy75245', 'Saintpierre', 'William', NULL, NULL, '2017-09-03 00:00:00', '0623124578', NULL, NULL, NULL, NULL, NULL, NULL, NULL, NULL, NULL, NULL, NULL),
('consommateur', 91, 'chausseegilles@orange.fr', 'gillou874512', 'Chaussée', 'Gilles', NULL, NULL, '2017-09-07 00:00:00', '0645784515', NULL, NULL, NULL, NULL, NULL, NULL, NULL, NULL, NULL, NULL, NULL),
('consommateur', 92, 'alexandrie@gmail.com', 'alexalex78451', 'Plaisance', 'Alexandra', NULL, NULL, '2017-08-15 00:00:00', '0641212178', NULL, NULL, NULL, NULL, NULL, NULL, NULL, NULL, NULL, NULL, NULL),
('consommateur', 93, 'robitaille@gmail.com', 'amaury74562', 'Robitaille', 'Amaury', NULL, NULL, '2017-08-08 00:00:00', '0623124578', NULL, NULL, NULL, NULL, NULL, NULL, NULL, NULL, NULL, NULL, NULL),
('consommateur', 94, 'simone.adler@gmail.com', 'simomo7845', 'Adler', 'Simone', NULL, NULL, '2017-09-06 00:00:00', '0645651325', NULL, NULL, NULL, NULL, NULL, NULL, NULL, NULL, NULL, NULL, NULL),
('consommateur', 95, 'danicartier@gmail.com', 'danidu789', 'Cartier', 'Danielle', NULL, NULL, '2017-08-10 00:00:00', '0665548723', NULL, NULL, NULL, NULL, NULL, NULL, NULL, NULL, NULL, NULL, NULL),
('consommateur', 96, 'guiguidonatien@yahoo.fr', 'guigui995', 'Guiguere', 'Donatien', NULL, NULL, '2017-09-08 00:00:00', '0629581247', NULL, NULL, NULL, NULL, NULL, NULL, NULL, NULL, NULL, NULL, NULL),
('consommateur', 97, 'steph789@gmail.com', 'steph7845', 'Jodoin', 'Stéphane', NULL, NULL, '2017-09-11 00:00:00', '0665654542', NULL, NULL, NULL, NULL, NULL, NULL, NULL, NULL, NULL, NULL, NULL),
('consommateur', 98, 'penelopebrodeur@gmail.com', 'penelopelope789', 'Brodeur', 'Penelope', NULL, NULL, '2017-09-07 00:00:00', '0623312582', NULL, NULL, NULL, NULL, NULL, NULL, NULL, NULL, NULL, NULL, NULL),
('consommateur', 99, 'patrick.sennet@yahoo.fr', 'patoche123', 'Sennet', 'Patrick', NULL, NULL, '2017-09-05 00:00:00', '0632214578', NULL, NULL, NULL, NULL, NULL, NULL, NULL, NULL, NULL, NULL, NULL),
('consommateur', 100, 'olivieraudet@yahoo.fr', 'oliveverte89', 'Audet', 'OIivier', NULL, NULL, '2017-09-05 00:00:00', '0697923235', NULL, NULL, NULL, NULL, NULL, NULL, NULL, NULL, NULL, NULL, NULL),
('consommateur', 101, 'loloricard@yahoo.fr', 'laurence7845', 'Ricard', 'Laurence', NULL, NULL, '2017-09-06 00:00:00', '0632914979', NULL, NULL, NULL, NULL, NULL, NULL, NULL, NULL, NULL, NULL, NULL),
('consommateur', 102, 'estelloufortier@gmail.com', 'estelle3263', 'Fortier', 'Estelle', NULL, NULL, '2017-08-08 00:00:00', '0656363932', NULL, NULL, NULL, NULL, NULL, NULL, NULL, NULL, NULL, NULL, NULL),
('consommateur', 103, 'jojobaril@gmail.com', 'joanna56123', 'Baril', 'Joanna', NULL, NULL, '2017-09-08 00:00:00', '0649612325', NULL, NULL, NULL, NULL, NULL, NULL, NULL, NULL, NULL, NULL, NULL),
('consommateur', 104, 'ambrebarrientos@gmail.com', 'ambre4551', 'Barrientos', 'Ambre', NULL, NULL, '2017-09-05 00:00:00', '0623197842', NULL, NULL, NULL, NULL, NULL, NULL, NULL, NULL, NULL, NULL, NULL),
('consommateur', 105, 'arnaudcollin@gmail.com', 'collin4565', 'Collin', 'Arnaud', NULL, NULL, '2017-09-12 00:00:00', '0634363932', NULL, NULL, NULL, NULL, NULL, NULL, NULL, NULL, NULL, NULL, NULL),
('consommateur', 106, 'rachelledevost@yahoo.fr', 'rachelledevost', 'Devost', 'Rachelle', NULL, NULL, '2017-09-12 00:00:00', '0621272826', NULL, NULL, NULL, NULL, NULL, NULL, NULL, NULL, NULL, NULL, NULL),
('consommateur', 107, 'elisabeth774@gmail.com', 'elisabeth5631', 'Bouchard', 'Elisabeth', NULL, NULL, '2017-09-04 00:00:00', '0649620145', NULL, NULL, NULL, NULL, NULL, NULL, NULL, NULL, NULL, NULL, NULL),
('consommateur', 108, 'daubignerelo@gmail.com', 'elodie123456', 'Daubigner', 'Elodie', NULL, NULL, '2017-08-22 00:00:00', '0637193937', NULL, NULL, NULL, NULL, NULL, NULL, NULL, NULL, NULL, NULL, NULL),
('consommateur', 109, 'christophedelhomme@gmail.com', 'christophedelhomme123', 'Delhomme', 'Christophe', NULL, NULL, '2017-08-23 00:00:00', '0632353712', NULL, NULL, NULL, NULL, NULL, NULL, NULL, NULL, NULL, NULL, NULL),
('consommateur', 110, 'mallorydespins@gmail.com', 'mallory1234', 'Despins', 'Mallory', NULL, NULL, '2017-08-20 00:00:00', '0628199796', NULL, NULL, NULL, NULL, NULL, NULL, NULL, NULL, NULL, NULL, NULL);

-- --------------------------------------------------------


--
-- Déchargement des données de la table `adresse_nonsalarie`
--

INSERT INTO `adresse_nonsalarie` (`id_nonsalarie`, `id_adresse`) VALUES
(1, 1),
(2, 2),
(3, 3),
(3, 4),
(4, 3),
(5, 5),
(6, 6),
(7, 7),
(8, 8),
(9, 9),
(10, 10),
(11, 11),
(12, 12),
(13, 13),
(14, 14),
(15, 15),
(16, 16),
(17, 17),
(18, 18),
(19, 19),
(20, 20),
(45, 21),
(46, 22),
(47, 23),
(48, 24),
(49, 25),
(50, 26),
(51, 27),
(52, 28),
(53, 29),
(54, 30),
(55, 31),
(56, 32),
(57, 33),
(58, 34),
(59, 35),
(60, 36),
(61, 61),
(62, 62),
(63, 63),
(64, 64),
(65, 65),
(66, 66),
(67, 67),
(68, 68),
(69, 69),
(70, 70),
(71, 71),
(72, 72),
(73, 73),
(74, 74),
(75, 75),
(76, 76),
(77, 77),
(78, 78),
(21, 37),
(22, 38),
(23, 39),
(24, 40),
(25, 41),
(26, 42),
(27, 43),
(28, 44),
(29, 45),
(30, 46),
(31, 47),
(32, 48),
(33, 49),
(34, 50),
(35, 51),
(36, 52),
(37, 53),
(38, 54),
(39, 55),
(40, 56),
(41, 57),
(42, 58),
(43, 59),
(44, 60),
(108, 79),
(108, 80),
(88, 81),
(88, 82),
(85, 83),
(85, 84);

-- --------------------------------------------------------


--
-- Déchargement des données de la table `categorieproducteur`
--

INSERT INTO `categorieproducteur` (`id_categorieproducteur`, `libelle_categorieproducteur`) VALUES
(1, 'Apiculteur'),
(2, 'Producteur de fruits'),
(3, 'Maraîcher'),
(4, 'Producteur d\'œufs'),
(5, 'Brasseur'),
(6, 'Vigneron'),
(7, 'Producteur de lait');

-- --------------------------------------------------------


--
-- Déchargement des données de la table `categorie_producteur`
--

INSERT INTO `categorie_producteur` (`id_producteur`, `id_categorieproducteur`) VALUES
(21, 1),
(22, 6),
(23, 3),
(24, 2),
(25, 3),
(26, 2),
(27, 4),
(28, 2),
(29, 3),
(30, 1),
(31, 4),
(32, 3),
(33, 7),
(34, 2),
(35, 2),
(36, 5),
(37, 7),
(38, 2),
(39, 3),
(40, 6),
(41, 3),
(42, 1),
(43, 4),
(44, 6);

-- --------------------------------------------------------

--
-- Déchargement des données de la table `categorieproduit`
--

INSERT INTO `categorieproduit` (`id_categorieproduit`, `libelle_categorieproduit`, `id_categorie_tcategorie`) VALUES
(1, 'Fruits', NULL),
(2, 'Légumes', NULL),
(3, 'Lait / Œufs', NULL),
(4, 'Miel', NULL),
(5, 'Boissons', NULL),
(6, 'Boissons non alcoolisées', 5),
(7, 'Boissons alcoolisées', 5),
(8, 'Fruits à pépins', 1),
(9, 'Fruits à noyau', 1),
(10, 'Fruits secs', 1),
(11, 'Légumes à racines', 2),
(12, 'Légumes à bulbes', 2),
(13, 'Légumes à fleurs', 2),
(14, 'Légumes verts', 2),
(15, 'Herbes aromatiques', 2),
(16, 'Lait', 3),
(17, 'Œufs', 3),
(18, 'Pommes', 8),
(19, 'Poires', 8),
(20, 'Raisins', 8),
(21, 'Citrons', 9),
(22, 'Prunes', 9),
(23, 'Reine-claude', 9),
(24, 'Noix', 10),
(25, 'Noisettes', 10),
(26, 'Betteraves', 11),
(27, 'Carottes', 11),
(28, 'Céleri', 11),
(29, 'Oignons', 12),
(30, 'Ail', 12),
(31, 'Echalottes', 12),
(32, 'Brocolis', 13),
(33, 'Artichaut', 13),
(34, 'Chou-fleur', 13),
(35, 'Haricots verts', 14),
(36, 'Salades', 14),
(37, 'Poireaux', 14),
(38, 'Basilic', 15),
(39, 'Persil', 15),
(40, 'Œufs de poule', 17),
(41, 'Œufs de caille', 17),
(42, 'Bières', 7),
(43, 'Vins', 7),
(44, 'Champignons', NULL),
(45, 'Courges', NULL),
(46, 'Châtaignes', 10);

-- --------------------------------------------------------


--
-- Déchargement des données de la table `categorierecette`
--

INSERT INTO `categorierecette` (`id_categorierecette`, `libelle_categorierecette`) VALUES
(1, 'Entrée'),
(2, 'Plat'),
(3, 'Dessert');

-- --------------------------------------------------------



--
-- Déchargement des données de la table `conditionnement`
--

INSERT INTO `conditionnement` (`id_conditionnement`, `libelle_conditionnement`, `quantite_conditionnement`, `unite_conditionnement`) VALUES
(1, 'Barquette', 125, 'g'),
(2, 'Barquette', 250, 'g'),
(3, 'Barquette', 500, 'g'),
(4, 'Barquette', 1, 'Kg'),
(5, 'Botte', 1, 'unité'),
(6, 'Boite (*6)', 1, 'unité'),
(7, 'Boite (*12)', 1, 'unité'),
(8, 'Boite (*24)', 1, 'unité'),
(9, 'Boite', 125, 'g'),
(10, 'Boite', 250, 'g'),
(11, 'Boite', 500, 'g'),
(12, 'Boite', 1, 'Kg'),
(13, 'Bouteille', 100, 'ml'),
(14, 'Bouteille', 175, 'ml'),
(15, 'Bouteille', 0.5, 'Litre'),
(16, 'Bouteille', 0.75, 'Litre'),
(17, 'Bouteille', 1, 'Litre'),
(18, 'Bouteille', 2, 'Litre'),
(19, 'Pack', 3, 'unité'),
(20, 'Pack', 6, 'unité'),
(21, 'Brique', 500, 'ml'),
(22, 'Brique', 1, 'Litre'),
(23, 'Cagette', 1, 'Kg'),
(24, 'Cagette', 2, 'Kg'),
(25, 'Cagette', 2.5, 'Kg'),
(26, 'Cagette', 5, 'Kg'),
(27, 'Cagette', 10, 'Kg'),
(28, 'Panier', 1, 'unité'),
(29, 'Bocal', 250, 'g'),
(30, 'Bocal', 500, 'g'),
(31, 'Bocal', 1, 'Kg'),
(32, 'Pot', 125, 'g'),
(33, 'Pot', 250, 'g'),
(34, 'Pot', 500, 'g'),
(35, 'Pot', 1, 'Kg'),
(36, 'Paquet', 1, 'unité');

-- --------------------------------------------------------





--
-- Déchargement des données de la table `produit`
--

INSERT INTO `produit` (`id_produit`, `date_creation_produit`, `description_produit`, `libelle_produit`, `photo_produit`, `prix_produit`, `quantitestock_produit`, `id_categorie_tproduit`, `id_producteur_tproduit`) VALUES
(1, '2017-09-19 00:00:00', 'Le miel de châtaignier est un produit qui porte le nom de son arbre d’origine. Les Castanea sativa Mill, de la famille des fagacées, comme le chêne et le hêtre, sont de grands producteurs de pollen. Ces arbres sont surtout connus pour secréter du miellat et non du nectar. Or, le châtaignier fait exception à cette règle, par le fait qu’il secrète du nectar et éventuellement du miellat. Quant à son pollen, très abondant, il se retrouve dans les miels récoltés au printemps.', 'Miel de châtaignier', 'mielChataignier.jpg', 5.95, 50, 4, 21),
(2, '2017-09-19 00:00:00', 'Aux vertus apaisantes, ce miel d’un jaune clair ou foncé a un goût fortement mentholé, frais, sans acidité, mais légèrement amer. Issu des fleurs du même nom, le miel de tilleul a un usage reconnu pour traiter les troubles d’insomnie. ', 'Miel de tilleul', 'miel-de-tilleul.jpg', 8.35, 60, 4, 21),
(3, '2017-09-19 00:00:00', 'Le miel de sarrasin est originaire du continent américain. Longtemps considéré comme l\'emblème de la Bretagne, il fut un temps où il a failli disparaitre. Mais aujourd\'hui, il reprend peu à peu du terrain et il est connu surtout comme miel de cru.', 'Miel de sarrasin', 'mielSarrasin.jpg', 9.25, 30, 4, 21),
(4, '2017-09-19 08:42:22', 'Magnifique cuvée exubérante et raffinée en même temps. Arômes de fruits noirs, cacao et épices, bouche savoureuse et franche, très aromatique, avec une belle trame mûre et goûteuse, de l\'élégance et un bel équilibre.', 'La Lionne 2015 Rouge', 'Lionne2015.png', 9.2, 140, 43, 22),
(5, '2017-09-19 08:42:22', 'Robe jaune doré à reflets verts. Le nez est explosif sur les fleurs blanches, les agrumes et le poivron vert bien mûr. Sauvignon de terroir à la forte personnalité, il explose en bouche développant ses arômes dans une trame beurrée, presque poivrée où le poivron vert s\'enrobe de fleurs blanches, de pamplemousse et d\'une pointe anisée. La cuvée longue et fraîche présente un bel équilibre en bouche.', 'La Lionne 2015 Blanc', 'LionneBlanc.jpg', 9.5, 56, 43, 22),
(6, '2017-09-19 00:00:00', 'Robe: pétale de rose. Nez: fraise, framboise, pointe mentholée… on reconnaît l’Engarran rosé à son nez, une marque de fabrique qui se joue des millésimes. Bouche: de la pêche de vigne à une touche de groseille pour la douceur au palais, de la menthe froissée à la clémentine pour réveiller les papilles, à la fois plein et frais, vif et long en bouche.', 'Vin rosé', 'roseEngarran.png', 9.5, 30, 43, 22),
(7, '2017-09-19 00:00:00', 'Le brocoli est un véritable délice vert qui se consomme sous tellement de formes et de textures qu’il est possible de jouer de sa saveur dans quantité de préparations salées.', 'Brocoli', 'Brocolis.jpg', 3.5, 12, 32, 23),
(8, '2017-09-19 00:00:00', 'Le chou romanesco est une magnifique variété de chou-fleur originaire d’Italie. C’est un légume-feuille de la famille du chou. Il est plus fin et un léger goût de noix se dégage de cette variété de chou.', 'Chou romanesco', 'chouRomanesco.jpg', 4.5, 15, 34, 23),
(9, '2017-09-19 00:00:00', 'Les haricots mangetout sont une des variétés de haricots verts. On les reconnait à leur gousse allongée sans parchemin et à leur couleur verte ou jaune. Mûrs, ils contiennent des graines tendres, parfois sans fil. ', 'Haritcot vert mange-tout', 'mangeTout.jpg', 2.5, 70, 35, 23),
(10, '2017-09-19 09:01:25', 'La pomme Ariane est à la fois sucrée et acidulée, ferme et croquante, juteuse et pétillante en bouche, pour une saveur authentique. Bicolore, d’un rouge profond et brillant  pailleté de lenticelles, Ariane marie élégance et rusticité.', 'Pomme Ariane', 'pommeAriane.jpg', 3.3, 45, 18, 24),
(11, '2017-09-19 09:01:25', 'La Gala est une pomme rouge issue du croisement entre la Kidd\'s Orange Red et la Golden Delicious. La variété a été créée en Nouvelle-Zélande dans les années 1930 par le pépiniériste J.H. Kidd. Elle est disponible de septembre à mai.', 'Pomme Gala', 'PommeGala.jpg', 2.5, 30, 18, 24),
(12, '2017-09-19 09:05:46', 'Disponible de septembre à avril, la poire Conférence est la poire d’automne et d’hiver par excellence. Elle a en effet besoin d’une période de froid pour se développer. Variété la plus produite en Europe, elle doit son succès à sa tenue lors de l’affinage et de la conservation.', 'Poire Conférence', 'PoireConference.jpg', 3.5, 45, 19, 24),
(13, '2017-09-19 09:05:46', 'Un trésor de santé !  Riche en germanium et sélénium, c\'est un aliment précieux pour la santé.  L\'ail violet est une variété d\'automne, productive, précoce, violet. Bonne conservation.', 'Ail violet', 'AilViolet.jpg', 5.9, 75, 30, 25),
(14, '2017-09-19 09:09:46', 'L’oignon jaune, parfois appelé oignon paille, est le bulbe d’une plante potagère de la famille des alliacés et qui porte le même nom. Le bulbe de l’oignon est constitué de feuilles claires, très charnues, juteuses et fortes en goût, recouvertes de fines pelures d’un jaune plus ou moins foncé.', 'Oignon jaune', 'OignonJaune.jpg', 1.9, 25, 29, 25),
(15, '2017-09-19 09:09:46', 'Délicieux et craquant cru, savoureux et gourmand cuit, le céleri-rave se prépare rapidement et se marie avec tous types de plats, du plus simple au plus élégant. Voici quelques astuces pour apprécier ce légume rustique.', 'Céreri-rave', 'celeri-rave.jpg', 2.5, 45, 28, 25),
(16, '2017-09-19 09:15:08', 'Le raisin Chasselas est un cépage blanc parmi les plus célèbres. Il est aussi bien utilisé comme raisin de table que pour la vinification. Ses grappes plus ou moins lâches sont composées de petits grains jaunes dorés très juteux qui se fendent lorsqu\'on les croque.', 'Raisin blanc Chasselas', 'raisinChasselas.jpg', 4.5, 25, 20, 26),
(17, '2017-09-19 09:15:08', 'Récolté de mi-août jusqu’à la mi-octobre, ce beau raisin noir offre une grappe généreuse, aérée et très allongée. Son grain est gros à la chaire ferme et juteuse. Sa pulpe ferme et charnue se prête aux tartes et clafoutis !', 'Raisin noir Muscat', 'raisinMuscat.jpg', 6.75, 48, 20, 26),
(18, '2017-09-19 09:38:07', 'C\'est un fruit jaune avec une face rosée à rouge, et une peau très fine agréable en bouche. Cependant, cette dernière particularité la rend fragile à maturité, il faut la manipuler avec précaution. Sa chaire est blanche, juteuse et fondante, extrêmement parfumée et sucrée. On obtient des fruits gros à très gros.', 'Poire Comice', 'PoireComice.png', 3.5, 80, 19, 26),
(19, '2017-09-19 00:00:00', 'Les œufs Label Rouge sont pondus par des poules fermières qui, comme les volailles fermières Label Rouge, sont élevées selon un mode de production fermier, en plein air, dans le respect d’un cahier des charges. Ramassés et triés à la main deux fois par jour, la qualité des œufs Label Rouge est régulièrement testée. Un élevage fermier qui change tout !', 'Œufs de poule fermière plein air', 'OeufPoule12.jpg', 10.5, 15, 40, 27),
(20, '2017-09-19 00:00:00', 'Petit par la taille, l\'œuf de caille est un géant en termes d\'équilibre. La principale caractéristique de l\'œuf de caille est qu\'il est l\'œuf le plus diététique de la planète, tout du moins en l\'état actuel des connaissances. Il est réputé pour être le symbole de l\'équilibre parfait entre tous ses composants.', 'Œufs de caille', 'OeufDeCaille.jpg', 4.5, 41, 41, 27),
(21, '2017-09-19 00:00:00', 'La Harco est une poule calme de caractère, aux multiples qualités : bonne pondeuse, mais aussi bonne couveuse et bonne mère… que demander de plus ? Sa rusticité n’est plus à prouver, c’est un vrai plaisir de l’élever.', 'Œufs de poule Harco', 'OeufPoule6.jpg', 3.5, 45, 40, 27),
(22, '2017-09-19 00:00:00', 'Variété précoce cuillie de mi-août à début octobre se présente en grosse grappe à la pulpe croquante et juteuse légérement aromatique.', 'Raisin blanc Danlas', 'raisinDanlas.jpg', 3.95, 20, 20, 28),
(23, '2017-09-19 00:00:00', 'Pomme à couteau à la peau fine et lisse, d\'une belle couleur bicolore rouge et jaune, la pomme Elstar est une variété rustique de taille moyenne. Rafraîchissante, très parfumée, elle est appréciée pour sa chair croquante et juteuse, sucrée et légèrement acidulée. Laissez-vous tenter par cette star du verger.', 'Pomme Elstar', 'PommeElstar.jpg', 2.5, 30, 18, 28),
(24, '2017-09-19 00:00:00', 'Mélange entre la \'Conférence\' et la \'Comice\', la Poire Concorde est très productive, résistante et rustique. C\'est un gros fruit vert-gris qui devient vert-jaune à maturité et roux sur la face au soleil. La peau est mouchetée de tâches brunes. La chair est jaune pâle, juteuse, sucrée, fine et fondante. La maturité débute en octobre et peut se conserver jusqu\'en décembre. Goutez-là tout de suite après la cueillette, c\'est un délice ! Cette poire est aussi idéale pour des desserts.', 'Poire Concorde', 'PoireConcorde.jpg', 3.5, 25, 19, 28),
(25, '2017-09-19 00:00:00', 'De couleur rouge violacée, rose, orangée, jaune, blanche ou rose dont la chair est cerclée d’anneaux blancs. Il en existe en plusieurs variétés dont des cylindriques, des rondes, des globuleuses, des aplaties… Ce légume mesure, en moyenne, entre 10 et 20 centimètre de long et de 7 à 10 cm de diamètre en fonction de la variété.', 'Betterave rouge', 'betteraveRouge.jpg', 2.8, 14, 26, 29),
(26, '2017-09-19 00:00:00', 'La carotte Berlicum est une variété tardive formant de belles racines uniformes, orangées de 20 cm de long environ. Bonne texture et qualité gustative. ', 'Carotte Berlicum', 'CarotteBerlicum.jpg', 3.95, 15, 27, 29),
(27, '2017-09-19 10:11:33', 'Le persil plat aux feuilles lisses mesure lui jusqu’à 45 cm Sa saveur très parfumée est moins amère que le persil frisé.', 'Persil plat', 'persilPlat.jpg', 2, 16, 39, 29),
(28, '2017-09-19 10:11:33', 'Sa texture onctueuse, sa teinte claire et son goût délicat caractérisent le miel de lavande qui possède des vertus antiseptiques et anti-inflammatoires. ', 'Miel de lavande', 'mielLavande.jpg', 9.5, 25, 4, 30),
(29, '2017-09-19 10:17:49', 'Jaune pâle à ambre. Très clair à l\'état solide.  Parfum et saveur du miel d\'aubépine Arôme discret mais tenace. Le goût suave et fruité perdure en bouche.', 'Miel d\'aubépine', 'mielAubepinejpg', 7.5, 15, 4, 30),
(30, '2017-09-19 10:17:49', 'Comme nutriment, pas d’utilisation véritable en médecine mais un remède idéal à fabriquer avec un goût très agréable. Certains spécialistes estiment toutefois que ce “miel” pourrait être utilisé contre la toux voire l’asthme.', 'Miel de pissenlit', 'mielPissenlit.jpg', 9.5, 23, 4, 30),
(31, '2017-09-19 10:24:01', 'La poule Sussex doit son nom à son origine, le comté de Sussex dans le sud de l’Angleterre. Très reconnaissable grâce à son plumage blanc et fourni ainsi qu’à sa collerette herminée noire.', 'Œufs de poule Sussex', 'oeufsSussex.jpg', 3.5, 15, 40, 31),
(32, '2017-09-19 10:24:01', 'La Poule rousse fermière, issue d’une longue sélection, est une pondeuse fermière particulièrement productive.', 'Œufs de poule Rousse', 'oeufsRousse.jpg', 2.5, 15, 40, 31),
(33, '2017-09-19 10:32:06', 'La poule Vorwerk est placée troisième dans notre top 10 des poules pondeuses. D’origine Allemande, elle est le fruit de plusieurs races : la lakenvelder, l’orpington, la ramelsloher et l’Andalouse. Elle a été créé créée dans les années 1900 par  Oskar Vorwerk dont elle porte aujourd’hui le nom.', 'Œufs de poule Vorwerk', 'oeufVorwerk.jpg', 12.5, 30, 40, 31),
(34, '2017-09-19 10:32:06', 'Variété rustique fournissant des grosses têtes larges avec des écailles étalées, bien charnues, entièrement vert pâle sauf à la base où elles sont légèrement teintées de violet. Variété résistante au froid à condition de bien protéger le pied pendant l’hiver avec de la paille ou une bâche. ', 'Artichaut Camus', 'ArtichautCamus.jpg', 3.6, 15, 34, 32),
(35, '2017-09-19 00:00:00', 'Avec ses fleurettes blanches et nuageuses qui n\'écloront jamais, le chou-fleur renferme une richesse nutritionnelle et culinaire encore trop peu connue…', 'Chou-fleur', 'ChouxFleurGeant.jpg', 2.5, 45, 34, 32),
(36, '2017-09-19 10:48:58', 'Surnommée doucette, la mâche est un légume à feuilles tendres et à saveur délicate. Ce n’est pas une laitue; elle appartient à la même famille que la valériane.Elle renferme beaucoup de bêta-carotène, un antioxydant qui se transforme en vitamine A dans l’organisme.', 'Mâche', 'MacheVerte.jpg', 2.1, 13, 36, 32),
(37, '2017-09-19 00:00:00', 'Le lait entier serait une source plus importante de vitamine D et permettrait de prévenir le surpoids et l\'obésité durant la petite enfance.', 'Lait entier', 'LaitEntier.jpg', 4.5, 56, 16, 37),
(38, '2017-09-19 11:38:48', 'Le lait demi-écrémé fait toute la différence au niveau de sa teneur en matières grasses. \"Comptez 1,6 g de lipides pour 100 ml contre 3,2 g pour sa version entière\".', 'Lait demi-écrémé', 'LaitDemi-Ecreme.jpg', 2.5, 34, 16, 33),
(39, '2017-09-19 11:38:48', 'Le lait écrémé est l’une des 3 variétés de lait, après le lait entier et le lait demi-écrémé. Comme son nom l’indique, ce lait est entièrement débarrassé de sa matière grasse, de sa crème. Ainsi, un lait est dit écrémé, quand sa teneur en lipides est inférieure à 0,5 g pour 100 ml. Ce faible taux en matières grasses explique que le lait écrémé soit le lait le moins calorique de tous.', 'Lait écrémé', 'LaitEcreme.jpg', 4.1, 65, 16, 33),
(40, '2017-09-19 11:45:41', 'Riche en vitamine C, cicatrisant, astringent, fortifiant et antiseptique renforçant vos défenses immunitaires, les propriétés du citron ne sont plus à démontrer.', 'Citron jaune', 'citronJaune.jpg', 2.5, 36, 21, 34),
(41, '2017-09-19 11:45:41', 'La quetsche ou prune de Damas, est le fruit d\'une des variétés du prunier de Damas.', 'Quetsche', 'Quetsche.jpg', 4.55, 45, 41, 34),
(42, '2017-09-19 11:50:18', 'C\'est la fin de l\'été, la mirabelle, petite prune jaune originaire de la région Lorraine, donnera tout son parfum aux confitures, tartes et autres desserts. Vous pouvez aussi tenter l\'eau de vie, mais avec modération !', 'Mirabelle', 'mirabelle.jpg', 3.95, 16, 22, 34),
(43, '2017-09-19 11:57:37', 'Excellente pomme à couteau, sa chair de couleur blanche-crème renferme des saveurs subtiles et délicates. Douce, acidulée et parfumée, elle saura inévitablement charmer les curieux. À croquer sans modération à pleines dents.', 'Pomme Reine des Reinettes', 'pommeReinette.jpg', 3.5, 45, 18, 35),
(44, '2017-09-19 00:00:00', 'Bonne variété. Joli gros fruit rond à chair croquante et juteuse gout acidulé. Pomme de table savoureuse.', 'Pomme Elstar', 'pommeElstar2.jpg', 2.5, 12, 18, 35),
(45, '2017-09-19 00:00:00', 'Les qualités gustatives de la poire Williams sont reconnues : sucrées et parfumées avec une chair fine, juteuse et fondante, la résistance aux manipulations est moyenne, comme pour la plupart des variétés de poires. La maturité des fruits évolue rapidement surtout après sortie de frigo. La poire Williams est utilisée aussi bien pour la transformation (compote, poires au sirop ou distillerie) que pour la consommation en frais.', 'Poire Williams', 'poireWilliams.jpg', 2.75, 36, 19, 35),
(46, '2017-09-19 12:08:34', 'La Gâtine blanche est une bière de dégustation légère, rafraichissante et désaltérante, avec un léger goût de citron. Elle révèle toutes ses saveurs à une température de 4-6 degrés.', 'La Gatîne blanche', 'gatineBlanche.jpg', 4.31, 45, 42, 36),
(47, '2017-09-19 12:18:01', 'La Gâtine blonde est une bière de dégustation légère ou l\'on retrouve bien les arômes d\'une bière artisanale, le malt et le houblon avec une touche de miel. Elle révèle toutes ses saveurs à une température de 6-8 degrés.', 'La Gatîne Blonde', 'GatineBlonde.jpg', 4.46, 56, 42, 36),
(48, '2017-09-19 12:18:01', 'La Gâtine brune est une bière de dégustation de caractère, elle utilise des malts torréfiés qui lui confèrent son goût fumé. Elle révèle toutes ses saveurs à une température de 8-10 degrés.', 'La Gatîne brune', 'gatineBrune.jpg', 2.36, 20, 42, 36),
(49, '2017-09-19 12:41:08', 'Le lait entier serait une source plus importante de vitamine D et permettrait de prévenir le surpoids et l\'obésité durant la petite enfance.', 'Lait entier', 'laitEntier2.jpg', 8.5, 12, 42, 37),
(50, '2017-09-19 12:41:08', 'Le lait demi-écrémé fait toute la différence au niveau de sa teneur en matières grasses. \"Comptez 1,6 g de lipides pour 100 ml contre 3,2 g pour sa version entière\".', 'Lait demi-écrémé', 'laitDemiEcreme2.jpg', 2.3, 52, 16, 37),
(51, '2017-09-19 12:48:39', 'Le lait écrémé est l’une des 3 variétés de lait, après le lait entier et le lait demi-écrémé. Comme son nom l’indique, ce lait est entièrement débarrassé de sa matière grasse, de sa crème. Ainsi, un lait est dit écrémé, quand sa teneur en lipides est inférieure à 0,5 g pour 100 ml. Ce faible taux en matières grasses explique que le lait écrémé soit le lait le moins calorique de tous.', 'Lait écrémé', 'laitecreme2.jpg', 2.1, 23, 16, 37),
(52, '2017-09-19 00:00:00', 'Rare sur les étals, la noisette fraîche est un fruit à ne pas manquer ! Son goût est subtil et légèrement lacté, tandis que sa texture se révèle très raffinée. Succombez aussi au croquant fruité de la noisette sèche ! Fruit gourmand, la noisette possède en prime d\'excellentes qualités nutritionnelles.', 'Noisette', 'Noisette.jpg', 5.95, 30, 25, 38),
(53, '2017-09-19 00:00:00', 'Les noix sont associées à plusieurs bienfaits pour la santé. Comme les autres fruits à coque, elles permettent de faire baisser le taux de cholestérol sanguin, de lutter contre les maladies cardiovasculaires et contre le diabète de type 2.', 'Noix', 'noix.jpg', 6.95, 10, 24, 38),
(54, '2017-09-19 00:00:00', 'Ronde et verte à reflets dorés on la trouve dès le mois de juillet pour certaines variétés. Sa chair est ferme, très juteuse, sucrée et parfumée.', 'Reine-claude', 'reineclaude.jpg', 3.95, 12, 23, 38),
(55, '2017-09-19 00:00:00', 'Le cèpe, à l’instar de tous les champignons sauvages, est consommé depuis des siècles. Sa saveur est tellement exceptionnelle qu’il est très attendu et convoité, dès le début de l’automne, sur les étals. Ces petits « bouchons » gorgés de vitamines sont délicieux cuisinés simplement, ou intégrés à des recettes plus élaborées, voire à des plats de fête.', 'Cèpes', 'cepes.jpg', 14, 15, 44, 39),
(56, '2017-09-19 00:00:00', 'De la famille des Morchellacées, la morille (Morchella) est un champignon de printemps, qui fait partie des plus convoités pour son goût à la fois très particulier et très fin. Un petit peu comme la truffe, elle fait partie des champignons de prestige, sans doute aussi du fait de son caractère capricieux concernant ses apparitions ! ', 'Morilles', 'morilles.jpg', 7.5, 30, 44, 39),
(57, '2017-09-19 00:00:00', 'Le basilic est une herbe aromatique incontournable, synonyme à lui tout seul de la cuisine de l\'été.', 'Basilic', 'Basilic.jpg', 2, 25, 38, 39),
(58, '2017-09-19 00:00:00', 'Vin non boisé qui exprime toute la fraicheur et la minéralité du terroir des Roques.', 'Le Vin des Noces 2008', 'vindeNoces2008.jpg', 14.5, 25, 43, 40),
(59, '2017-09-19 00:00:00', 'Sanguis Christi est un vin structuré, puissant, qui révèle toute l’élégance du Malbec sur le terroir des Roques.', 'Sanguis Christi 2011', 'sanguis-christi2011.', 25, 56, 43, 40),
(60, '2017-09-19 13:53:17', 'Couleur rose foncé. Nez sur des fruits rouges et bonbons Anglais.', 'Rosé de Marie 2009', 'rose-de-marie.png', 35.2, 45, 43, 40),
(61, '2017-09-19 13:53:17', 'L\'échalote s\'utilise aussi bien crue que cuite, en condiment aussi bien qu\'en légume. Sa saveur marquée, utilisée pour relever certaines préparations peut aussi se faire douce et suave, notamment lorsque l\'échalote est lentement confite au four ou fondue dans le beurre.', 'Echalote rose', 'EchaloteRose.jpg', 2.55, 15, 31, 41),
(62, '2017-09-19 00:00:00', 'Cette variété rustique et résistante au froid est idéale pour les récoltes d\'hiver. Ces poireaux ont un gros fût de longueur moyenne avec un feuillage bleuté. Indispensable dans la soupe, le poireau se consomme aussi en salade, tarte ou gratins.', 'Poireau bleu', 'PoireauBleu.jpg', 2.5, 14, 37, 41),
(63, '2017-09-19 00:00:00', 'C’est en cuisant, à l’eau ou à la vapeur, que le haricot dévoile ses saveurs. Selon vos envies, mangez-le aussi bien chaud que froid, en salade, dans une jardinière de petits légumes, avec de la crème ou encore en velouté', 'Haricot vert', 'HaricotsVerts.jpg', 2.5, 15, 35, 41),
(64, '2017-09-19 00:00:00', 'Le Miel de Forêt est brun foncé, le plus souvent liquide, l\'arôme est bien marqué. Il est élaboré par les abeilles à partir du miellat de pucerons.', 'Miel de forêt', 'mielForet.jpg', 9.5, 45, 4, 42),
(65, '2017-09-19 00:00:00', 'Miel multifloral, de couleur ambrée, issu des fleurs des vallées, au parfum doux et léger, riche en oligo-éléments en raison de la diversité des fleurs butinées. Il peut cristalliser à la longue.', 'Miel multifleurs', 'mielMultifleurs.jpg', 7.5, 65, 4, 42),
(66, '2017-09-19 00:00:00', 'Le miel de tilleul bio est un miel très réputé pour apaiser l\'organisme. Il est conseillé de le déguster avec une infusion du soir pour profiter de tous ses bienfaits.', 'Miel de tilleul', 'mielTilleul.jpg', 10.5, 78, 4, 42),
(67, '2017-09-19 00:00:00', 'La Poule rousse fermière, issue d’une longue sélection, est une pondeuse fermière particulièrement productive.', 'Œufs de poule Rousse', 'oeufRousse2.jpg', 7.5, 45, 17, 43),
(68, '2017-09-19 00:00:00', 'L\'œuf de caille est très petit et donne à vos entrées ou à vos amuse bouche un coté très chic.', 'Œufs de caille', 'oeufsCaille2.jpg', 7.5, 59, 17, 43),
(69, '2017-09-19 00:00:00', 'La Gournay est une race de poule locale, très rustique.', 'Œufs de poule Gournay', 'oeufGournay.jpg', 3.5, 42, 17, 43),
(70, '2017-09-19 00:00:00', 'Ce vin rouge croquant et gourmand a été vinifié avec des raisins provenant d’une seule parcelle cultivée en agriculture Biologique.', 'Turbigo 2016', 'Turbigo-2016.png', 15, 45, 43, 44),
(71, '2017-09-19 00:00:00', '  Ce vin blanc aromatique et frais a été vinifié à partir de raisins cultivés en biodynamie.', 'Lutèce 2016', 'Lutece-2016.png', 17, 15, 43, 44),
(72, '2017-09-19 00:00:00', '  Ce rosé issue de Cinsault et Grenache a été vinifié grâce à des raisins issus d’une parcelle cultivée en Agriculture Biologique.', 'Sequana 2016', 'Sequana-2016.png', 18, 18, 43, 44),
(73, '2017-09-19 11:50:18', 'C\'est une pomme à couteau qui se consomme de manières très diverses, crue ou cuite, d\'octobre à mai, et même jusqu\'en juillet. On la conserve quelques jours à température ambiante, ou un peu plus longtemps dans le bac à légumes du réfrigérateur.', 'Pomme Golden', 'PommeGolden.jpg', 2.5, 30, 18, 34),
(74, '2017-09-19 12:02:53', 'Puissant anti-oxydant et cocktail de vitamines, il boostera votre organisme à moindre prix !', 'Jus de pommes', 'JusDePomme.jpg', 4.5, 25, 6, 35),
(75, '2017-09-19 00:00:00', 'Le jus de poire est une boisson réalisée à partir de poires. Ce jus de fruits, servi froid, est généralement épais et trouble.  Par fermentation du jus de poire, on obtient le poiré. Le jus de poire est également à la base de la production du vin cuit suisse ainsi que du Birnenhonig, sirop épais de Suisse centrale. C\'est aussi un ingrédient du sirop de Liège.', 'Jus de poire', 'JusDePoire.jpg', 6.5, 20, 6, 26),
(76, '2017-09-19 00:00:00', 'La girolle est un champignon comestible très apprécié, qui fait partie du groupe des chanterelles.', 'Girolles', 'girolles.jpg', 14.5, 12, 44, 23),
(77, '2017-09-19 00:00:00', 'Beau et bon, le potiron ne passe pas inaperçu. Ses saveurs se fondent à merveille dans toutes les préparations culinaires. Doux et onctueux, il affirme son caractère. Représentant d’une cuisine rustique, il gagne ses lettres de noblesse au côté des aliments les plus fins.', 'Potiron', 'potiron.jpg', 3.55, 14, 45, 32),
(78, '2017-09-19 10:38:16', 'Le potimarron est une variété de courge voisine du potiron. Sa forme et son goût lui ont valu le surnom de courge châtaigne. Cuisinée en gratin comme ici, c’est un délice. Il est très riche en vitamines A, B, C, D, E, en oligo-éléments (phosphore, calcium, magnésium, fer, potassium, silicium, sodium…), en acides aminés, en acides gras insaturés, en amidon, en sucres naturels et en carotène.', 'Potimarron', 'potimarron.jpg', 4.5, 12, 45, 32),
(79, '2017-09-19 12:08:34', 'La châtaigne est riche en minéraux et oligo-éléments. Elle apporte en effet 10 à 15 % de l\'apport journalier recommandé en magnésium, 15 à 20 % de l\'AJR en manganèse et 10 % de l\'AJR en cuivre.', 'Châtaigne', 'chataigne.jpg', 4.5, 12, 46, 35),
(80, '2017-09-19 00:00:00', 'Salade craquante et tendre, dotée d\'une grosse pomme vert clair ou vert jaune, gaufrée, avec les bords découpés, au goût légèrement sucré. Certaines variétés sont parfois rougeâtres.', 'Batavia', 'batavia.jpg', 2, 15, 36, 39),
(81, '2017-09-19 00:00:00', 'La laitue feuille de chêne est tendre et savoureuse à la dégustation. Elle se mange crue comme une salade, mais peut également être dégustée cuite ou braisée.', 'Feuille de chêne', 'feuilleChene.jpg', 2.5, 15, 36, 39);

-- --------------------------------------------------------


--
-- Déchargement des données de la table `conditionnement_produit`
--

INSERT INTO `conditionnement_produit` (`id_produit`, `id_conditionnement`) VALUES
(1, 34),
(2, 34),
(3, 33),
(4, 16),
(5, 16),
(6, 16),
(7, 23),
(8, 23),
(9, 3),
(76, 2),
(10, 23),
(11, 23),
(12, 23),
(13, 1),
(14, 2),
(15, 23),
(16, 23),
(17, 23),
(18, 23),
(75, 17),
(19, 7),
(20, 7),
(21, 6),
(22, 23),
(23, 23),
(24, 23),
(25, 23),
(26, 5),
(27, 5),
(28, 33),
(29, 34),
(30, 33),
(31, 6),
(32, 6),
(33, 12),
(34, 5),
(35, 23),
(36, 2),
(77, 25),
(78, 26),
(37, 17),
(38, 17),
(39, 17),
(40, 23),
(41, 3),
(42, 3),
(73, 23),
(43, 23),
(44, 23),
(45, 23),
(74, 18),
(79, 23),
(46, 19),
(47, 19),
(48, 20),
(49, 20),
(50, 17),
(51, 17),
(52, 23),
(53, 23),
(54, 23),
(55, 3),
(56, 3),
(57, 5),
(80, 36),
(81, 36),
(58, 16),
(59, 16),
(60, 16),
(61, 2),
(62, 5),
(63, 3),
(64, 32),
(65, 33),
(66, 34),
(67, 7),
(68, 8),
(69, 6),
(70, 16),
(71, 16),
(72, 16);

-- --------------------------------------------------------

--
-- Déchargement des données de la table `jour`
--

INSERT INTO `jour` (`id_jour`, `libelle_jour`) VALUES
(1, 'Lundi'),
(2, 'Mardi'),
(3, 'Mercredi'),
(4, 'Jeudi'),
(5, 'Vendredi'),
(6, 'Samedi'),
(7, 'Dimanche');

-- --------------------------------------------------------

--
-- Déchargement des données de la table `horairesouverture`
--

INSERT INTO `horairesouverture` (`id_horaires`, `heure_debut_ouverture`, `heure_fin_ouverture`, `id_jour`, `id_pointrelais`) VALUES
(1, '9:00', '19:00', 1, 1),
(2, '9:00', '19:00', 2, 1),
(3, '9:00', '19:00', 3, 1),
(4, '9:00', '19:00', 4, 1),
(5, '9:00', '19:00', 5, 1),
(6, '9:00', '18:00', 6, 1),
(7, '10:00', '20:00', 2, 2),
(8, '10:00', '20:00', 3, 2),
(9, '10:00', '20:00', 4, 2),
(10, '10:00', '20:00', 5, 2),
(11, '10:00', '20:00', 6, 2),
(12, '10:00', '17:00', 7, 2),
(13, '10:00', '19:30', 1, 3),
(14, '10:00', '19:30', 2, 3),
(15, '10:00', '19:30', 4, 3),
(16, '10:00', '19:30', 5, 3),
(17, '10:00', '19:30', 3, 3),
(18, '10:00', '19:30', 6, 3),
(19, '9:30', '18:30', 2, 4),
(20, '9:30', '19:30', 3, 4),
(21, '9:30', '19:30', 4, 4),
(22, '9:30', '19:30', 5, 4),
(23, '9:30', '19:30', 6, 4),
(24, '9:30', '18:30', 7, 4),
(25, '9:00', '19:30', 1, 5),
(26, '11:00', '19:30', 2, 5),
(27, '9:00', '15:00', 3, 5),
(28, '9:00', '19:30', 4, 5),
(29, '9:00', '19:30', 5, 5),
(30, '9:00', '19:30', 6, 5),
(31, '10:30', '20:00', 1, 6),
(32, '10:30', '20:00', 2, 6),
(33, '10:30', '20:00', 3, 6),
(34, '10:30', '20:00', 4, 6),
(35, '10:30', '20:00', 5, 6),
(36, '10:30', '20:00', 6, 6),
(37, '9:00', '19:00', 2, 7),
(38, '9:00', '19:00', 3, 7),
(39, '9:00', '19:00', 4, 7),
(40, '9:00', '19:00', 5, 7),
(41, '9:00', '19:00', 6, 7),
(42, '9:00', '18:00', 7, 7),
(43, '10:00', '20:00', 1, 8),
(44, '10:00', '20:00', 2, 8),
(45, '10:00', '20:00', 3, 8),
(46, '10:00', '20:00', 4, 8),
(47, '10:00', '20:00', 5, 8),
(48, '10:00', '17:00', 6, 8),
(49, '10:00', '19:30', 1, 9),
(50, '10:00', '19:30', 2, 9),
(51, '10:00', '19:30', 3, 9),
(52, '10:00', '19:30', 4, 9),
(53, '10:00', '19:30', 5, 9),
(54, '10:00', '19:30', 6, 9),
(55, '9:30', '18:30', 1, 10),
(56, '9:30', '19:30', 2, 10),
(57, '9:30', '19:30', 3, 10),
(58, '9:30', '19:30', 4, 10),
(59, '9:30', '19:30', 5, 10),
(60, '9:30', '18:30', 6, 10),
(61, '9:00', '19:30', 2, 11),
(62, '11:00', '19:30', 3, 11),
(63, '9:00', '15:00', 4, 11),
(64, '9:00', '19:30', 5, 11),
(65, '9:00', '19:30', 6, 11),
(66, '9:00', '19:30', 7, 11),
(67, '10:30', '20:00', 1, 12),
(68, '10:30', '20:00', 2, 12),
(69, '10:30', '20:00', 3, 12),
(70, '10:30', '20:00', 4, 12),
(71, '10:30', '20:00', 5, 12),
(72, '10:30', '20:00', 6, 12),
(73, '9:00', '19:00', 2, 13),
(74, '9:00', '19:00', 3, 13),
(75, '9:00', '19:00', 4, 13),
(76, '9:00', '19:00', 5, 13),
(77, '9:00', '19:00', 6, 13),
(78, '9:00', '18:00', 7, 13),
(79, '10:00', '20:00', 1, 14),
(80, '10:00', '20:00', 2, 14),
(81, '10:00', '20:00', 3, 14),
(82, '10:00', '20:00', 4, 14),
(83, '10:00', '20:00', 5, 14),
(84, '10:00', '17:00', 6, 14),
(85, '10:00', '19:30', 1, 15),
(86, '10:00', '19:30', 2, 15),
(87, '10:00', '19:30', 3, 15),
(88, '10:00', '19:30', 4, 15),
(89, '10:00', '19:30', 5, 15),
(90, '10:00', '19:30', 6, 15),
(91, '9:30', '18:30', 2, 16),
(92, '9:30', '19:30', 3, 16),
(93, '9:30', '19:30', 4, 16),
(94, '9:30', '19:30', 5, 16),
(95, '9:30', '19:30', 6, 16),
(96, '9:30', '18:30', 7, 16),
(97, '9:00', '19:30', 1, 17),
(98, '11:00', '19:30', 2, 17),
(99, '9:00', '15:00', 3, 17),
(100, '9:00', '19:30', 4, 17),
(101, '9:00', '19:30', 5, 17),
(102, '9:00', '19:30', 6, 17),
(103, '10:30', '20:00', 2, 18),
(104, '10:30', '20:00', 3, 18),
(105, '10:30', '20:00', 4, 18),
(106, '10:30', '20:00', 5, 18),
(107, '10:30', '20:00', 6, 18),
(108, '10:30', '20:00', 7, 18),
(109, '9:00', '19:00', 1, 19),
(110, '9:00', '19:00', 2, 19),
(111, '9:00', '19:00', 3, 19),
(112, '9:00', '19:00', 4, 19),
(113, '9:00', '19:00', 5, 19),
(114, '9:00', '18:00', 6, 19),
(115, '10:00', '20:00', 2, 19),
(116, '10:00', '20:00', 3, 19),
(117, '10:00', '20:00', 4, 19),
(118, '10:00', '20:00', 5, 19),
(119, '10:00', '20:00', 6, 19),
(120, '10:00', '17:00', 7, 19),
(121, '10:00', '19:30', 1, 20),
(122, '10:00', '19:30', 2, 20),
(123, '10:00', '19:30', 3, 20),
(124, '10:00', '19:30', 4, 20),
(125, '10:00', '19:30', 5, 20),
(126, '10:00', '19:30', 6, 20),
(127, '9:30', '18:30', 1, 45),
(128, '9:30', '19:30', 2, 45),
(129, '9:30', '19:30', 3, 45),
(130, '9:30', '19:30', 4, 45),
(131, '9:30', '19:30', 5, 45),
(132, '9:30', '18:30', 6, 45),
(133, '9:00', '19:30', 1, 46),
(134, '11:00', '19:30', 2, 46),
(135, '9:00', '15:00', 3, 46),
(136, '9:00', '19:30', 4, 46),
(137, '9:00', '19:30', 5, 46),
(138, '9:00', '19:30', 6, 46),
(139, '10:30', '20:00', 2, 47),
(140, '10:30', '20:00', 3, 47),
(141, '10:30', '20:00', 4, 47),
(142, '10:30', '20:00', 5, 47),
(143, '10:30', '20:00', 6, 47),
(144, '10:30', '20:00', 7, 47),
(145, '9:00', '19:00', 1, 48),
(146, '9:00', '19:00', 2, 48),
(147, '9:00', '19:00', 3, 48),
(148, '9:00', '19:00', 4, 48),
(149, '9:00', '19:00', 5, 48),
(150, '9:00', '18:00', 6, 48),
(151, '10:00', '20:00', 1, 49),
(152, '10:00', '20:00', 2, 49),
(153, '10:00', '20:00', 3, 49),
(154, '10:00', '20:00', 4, 49),
(155, '10:00', '20:00', 5, 49),
(156, '10:00', '17:00', 6, 49),
(157, '10:00', '19:30', 2, 50),
(158, '10:00', '19:30', 3, 50),
(159, '10:00', '19:30', 4, 50),
(160, '10:00', '19:30', 5, 50),
(161, '10:00', '19:30', 6, 50),
(162, '10:00', '19:30', 7, 50),
(163, '9:30', '18:30', 1, 51),
(164, '9:30', '19:30', 2, 51),
(165, '9:30', '19:30', 3, 52),
(166, '9:30', '19:30', 4, 52),
(167, '9:30', '19:30', 5, 52),
(168, '9:30', '18:30', 6, 52),
(169, '9:00', '19:30', 1, 53),
(170, '11:00', '19:30', 2, 53),
(171, '9:00', '15:00', 3, 53),
(172, '9:00', '19:30', 4, 53),
(173, '9:00', '19:30', 5, 53),
(174, '9:00', '19:30', 6, 53),
(175, '10:30', '20:00', 1, 54),
(176, '10:30', '20:00', 2, 54),
(177, '10:30', '20:00', 3, 54),
(178, '10:30', '20:00', 4, 54),
(179, '10:30', '20:00', 5, 54),
(180, '10:30', '20:00', 6, 54),
(181, '9:00', '19:00', 2, 55),
(182, '9:00', '19:00', 3, 55),
(183, '9:00', '19:00', 4, 55),
(184, '9:00', '19:00', 5, 55),
(185, '9:00', '19:00', 6, 55),
(186, '9:00', '18:00', 7, 55),
(187, '10:00', '20:00', 1, 56),
(188, '10:00', '20:00', 2, 56),
(189, '10:00', '20:00', 3, 56),
(190, '10:00', '20:00', 4, 56),
(191, '10:00', '20:00', 5, 56),
(192, '10:00', '17:00', 6, 56),
(193, '10:00', '19:30', 2, 57),
(194, '10:00', '19:30', 3, 57),
(195, '10:00', '19:30', 4, 57),
(196, '10:00', '19:30', 5, 57),
(197, '10:00', '19:30', 6, 57),
(198, '10:00', '19:30', 7, 57),
(199, '9:30', '18:30', 1, 58),
(200, '9:30', '19:30', 2, 58),
(201, '9:30', '19:30', 3, 58),
(202, '9:30', '19:30', 4, 58),
(203, '9:30', '19:30', 5, 58),
(204, '9:30', '18:30', 6, 58),
(205, '9:00', '19:30', 1, 59),
(206, '11:00', '19:30', 2, 59),
(207, '9:00', '15:00', 3, 59),
(208, '9:00', '19:30', 4, 59),
(209, '9:00', '19:30', 6, 59),
(210, '9:00', '19:30', 7, 59),
(211, '10:30', '20:00', 2, 60),
(212, '10:30', '20:00', 3, 60),
(213, '10:30', '20:00', 4, 60),
(214, '10:30', '20:00', 5, 60),
(215, '10:30', '20:00', 6, 60),
(216, '10:30', '20:00', 7, 60),
(217, '9:00', '19:00', 2, 61),
(218, '9:00', '19:00', 3, 61),
(219, '9:00', '19:00', 4, 61),
(220, '9:00', '19:00', 5, 61),
(221, '9:00', '19:00', 6, 61),
(222, '9:00', '18:00', 7, 61),
(223, '10:00', '20:00', 1, 62),
(224, '10:00', '20:00', 2, 62),
(225, '10:00', '20:00', 3, 62),
(226, '10:00', '20:00', 4, 62),
(227, '10:00', '20:00', 5, 62),
(228, '10:00', '17:00', 6, 62),
(229, '10:00', '19:30', 1, 63),
(230, '10:00', '19:30', 2, 63),
(231, '10:00', '19:30', 3, 63),
(232, '10:00', '19:30', 4, 63),
(233, '10:00', '19:30', 5, 63),
(234, '10:00', '19:30', 6, 63),
(235, '9:30', '18:30', 2, 64),
(236, '9:30', '19:30', 3, 64),
(237, '9:30', '19:30', 4, 64),
(238, '9:30', '19:30', 5, 64),
(239, '9:30', '19:30', 6, 64),
(240, '9:30', '18:30', 7, 64),
(241, '9:00', '19:30', 1, 65),
(242, '9:00', '19:30', 2, 65),
(243, '9:00', '15:00', 3, 65),
(244, '9:00', '19:30', 4, 65),
(245, '9:00', '19:30', 5, 65),
(246, '9:00', '19:30', 6, 65),
(247, '10:30', '20:00', 1, 67),
(248, '10:30', '20:00', 2, 67),
(249, '10:30', '20:00', 3, 67),
(250, '10:30', '20:00', 4, 67),
(251, '10:30', '20:00', 5, 67),
(252, '10:30', '20:00', 6, 67),
(253, '9:00', '19:00', 2, 68),
(254, '9:00', '19:00', 3, 68),
(255, '9:00', '19:00', 4, 68),
(256, '9:00', '19:00', 5, 68),
(257, '9:00', '19:00', 6, 68),
(258, '9:00', '18:00', 7, 68),
(259, '10:00', '20:00', 1, 69),
(260, '10:00', '20:00', 2, 69),
(261, '10:00', '20:00', 3, 69),
(262, '10:00', '20:00', 4, 69),
(263, '10:00', '20:00', 5, 69),
(264, '10:00', '17:00', 6, 69),
(265, '10:00', '19:30', 1, 70),
(266, '10:00', '19:30', 2, 70),
(267, '10:00', '19:30', 3, 70),
(268, '10:00', '19:30', 4, 70),
(269, '10:00', '19:30', 5, 70),
(270, '10:00', '19:30', 6, 70),
(271, '9:30', '18:30', 1, 71),
(272, '9:30', '19:30', 2, 71),
(273, '9:30', '19:30', 3, 71),
(274, '9:30', '19:30', 4, 71),
(275, '9:30', '19:30', 5, 71),
(276, '9:30', '18:30', 6, 71),
(277, '9:00', '19:30', 2, 72),
(278, '9:00', '19:30', 3, 72),
(279, '9:00', '15:00', 4, 72),
(280, '9:00', '19:30', 5, 72),
(281, '9:00', '19:30', 6, 72),
(282, '9:00', '19:30', 7, 72),
(283, '10:30', '20:00', 1, 73),
(284, '10:30', '20:00', 2, 73),
(285, '10:30', '20:00', 3, 73),
(286, '10:30', '20:00', 4, 73),
(287, '10:30', '20:00', 5, 73),
(288, '10:30', '20:00', 6, 73),
(289, '9:00', '19:00', 2, 74),
(290, '9:00', '19:00', 3, 74),
(291, '9:00', '19:00', 4, 74),
(292, '9:00', '19:00', 5, 74),
(293, '9:00', '19:00', 6, 74),
(294, '9:00', '18:00', 7, 74),
(295, '10:00', '20:00', 1, 75),
(296, '10:00', '20:00', 2, 75),
(297, '10:00', '20:00', 3, 75),
(298, '10:00', '20:00', 4, 75),
(299, '10:00', '20:00', 5, 75),
(300, '10:00', '17:00', 6, 75),
(301, '10:00', '19:30', 2, 76),
(302, '10:00', '19:30', 3, 76),
(303, '10:00', '19:30', 4, 76),
(304, '10:00', '19:30', 5, 76),
(305, '10:00', '19:30', 6, 76),
(306, '10:00', '19:30', 7, 76),
(307, '9:30', '18:30', 1, 77),
(308, '9:30', '19:30', 2, 77),
(309, '9:30', '19:30', 3, 77),
(310, '9:30', '19:30', 4, 77),
(311, '9:30', '19:30', 5, 77),
(312, '9:30', '18:30', 6, 77),
(313, '9:00', '19:30', 2, 78),
(314, '9:00', '19:30', 3, 78),
(315, '9:00', '15:00', 4, 78),
(316, '9:00', '19:30', 5, 78),
(317, '9:00', '19:30', 6, 78),
(318, '9:00', '19:30', 7, 78);

-- --------------------------------------------------------




--
-- Déchargement des données de la table `produitrecette`
--

INSERT INTO `produitrecette` (`id_produitrecette`, `libelle_produitrecette`, `quantite_produitrecette`, `id_categorie_tproduitrecette`) VALUES
(1, 'Mâche', '100 g', 36),
(2, 'Champignons', '100 g', 44),
(3, 'Echalotes', '4', 31),
(4, 'Noisettes', '50 g', 10),
(5, 'Huile de noisettes', '30 ml', NULL),
(6, 'Vinaigre balsamique', '10 ml', NULL),
(7, 'Miel', '10 g', 4),
(8, 'Fleur de sel', '1 pincée', NULL),
(9, 'Poivre', '1 pincée', NULL),
(10, 'Châtaignes', '250 g', 46),
(11, 'oignon rouge', '1', 29),
(12, 'Paprika doux', '5 g', NULL),
(13, 'Crème liquide', '20 cl', NULL),
(14, 'Pignons de pin', '20 g', NULL),
(15, 'Huile d\'olive', '10 ml', NULL),
(16, 'Poires', '6', 19),
(17, 'Brocolis', '300 g', 14),
(18, 'Carottes', '150 g', 27),
(19, 'Crevettes roses cuites', '250 g', NULL),
(20, 'Huile d\'olive', '30 ml', NULL),
(21, 'Jus d\'orange', '10 ml', NULL),
(22, 'Citron', '1', 8),
(23, 'Piment d\'espelette', '2 pincées', NULL),
(24, 'Appezeller', '50 g', NULL),
(25, 'Champignons', '400 g', 44),
(26, 'Oignons doux', '90 g', 29),
(27, 'Gousse d\'ail', '1', 30),
(28, 'Bouillon de légumes', '70 cl', NULL),
(29, 'Crème', '650 g', NULL),
(30, 'Clous de girofle', '2', NULL),
(31, 'Potiron', '125 g', 45),
(32, 'Lait', '15 cl', 16),
(33, 'Chou-fleurs', '800 g', 34),
(34, 'Beurre', '455 g', NULL),
(35, 'Feuilles de menthe bergamote', '20', NULL),
(36, 'Sucre glace', '70 g', NULL),
(37, 'Oignons ciselés', '125 g', 29),
(38, 'Vin blanc', '125 ml', 43),
(39, 'Crème', '400 g', NULL),
(40, 'Parmesan', '400 g', NULL),
(41, 'Bouillon de légumes', '125 g', NULL),
(42, 'Sucre', '1 pincée', NULL),
(43, 'Gros poulet de Bresse', '1', NULL),
(44, 'Truffe blanche', '50 g', NULL),
(45, 'Oignons blancs', '4', 29),
(46, 'Potimarron', '1', 45),
(47, 'Panais', '2', NULL),
(48, 'Navets', '4', NULL),
(49, 'Carottes', '4', 27),
(50, 'Bouquet garni', '1', NULL),
(51, 'Magret de canard', '800 g', NULL),
(52, 'Cardamome', '8 g', NULL),
(53, 'Anis étoilée', '10 g', NULL),
(54, 'Grains de poivre', '10 g', NULL),
(55, 'Miel d\'accacia', '200 g', 4),
(56, 'Graine de coriandre', '5 g', NULL),
(57, 'Baies de genièvre', '5 g', NULL),
(58, 'Batons de cannelle', '2', NULL),
(59, 'Feuille de chêne', '1', 36),
(60, 'Abricots secs', '2', NULL),
(61, 'Pommes', '2', 18),
(62, 'Pommes', '3', 18),
(63, 'Pruneaux', '100 g', NULL),
(64, 'Abricots secs', '100 g', NULL),
(65, 'Beurre', '50 g', NULL),
(66, 'Gingembre', '30 g', NULL),
(67, 'Nougatines enrobées au cacao', '50 g', NULL),
(68, 'amandes enrobées de chocolat', '50 g', NULL),
(69, 'Pâte feuilletée', '250 g', NULL),
(70, 'Oeuf', '1', 17),
(71, 'Cerneaux de noix', '325 g', 24),
(72, 'Sucre semoule', '425 g', NULL),
(73, 'Farine', '250 g', NULL),
(74, 'Oeufs', '7', 17),
(75, 'Beurre', '1 noix', NULL),
(76, 'Amandes mondées', '75 g', NULL),
(77, 'Raisins blancs', '800 g', 8),
(78, 'Amandes mondées', '36', NULL),
(79, 'Sucre', '200 g', NULL),
(80, 'Pâte brisée', '250 g', NULL),
(81, 'Mascarpone', '150 g', NULL),
(82, 'Amandes hachées', '15 g', NULL),
(83, 'Sucre glace', '10 g', NULL),
(84, 'Poires', '3', 19),
(85, 'Oeufs', '2', 17),
(86, 'Sucre semoule', '10 g', NULL),
(87, 'Jus de citron', '10 ml', 8);

-- --------------------------------------------------------


--
-- Déchargement des données de la table `recette`
--

INSERT INTO `recette` (`id_recette`, `descriptif_recette`, `libelle_recette`, `nbpers_recette`, `photo_recette`, `id_categorierecette_trecette`) VALUES
(1, 'Temps de préparation : 10 min. Temps de cuisson : 10 min. Laver la mâche et les pousses d\'épinard. Réserver. Découper des lamelles d\'Ossau-Iraty. Éplucher les échalotes, les émincer. Passer les champignons sous l\'eau et les essuyer rapidement sur un papier absorbant. Les couper en morceaux. Dans une poêle, faire revenir les échalotes dans le beurre mousseux. Ajouter les champignons. Pour la vinaigrette : Dans un bol, réunir la fleur de sel, le poivre et le vinaigre. Mélanger. Ajouter le miel et l\'huile de noisette. Mélanger de nouveau puis réserver. Dans un beau saladier ou sur des assiettes, disposer le mélange de salade. Déposer les champignons tièdes, parsemer de noisettes et des lamelles de fromage. Au moment de servir, arroser de vinaigrette.', 'Salade en chaud-froid de champignons aux échalotes', 'pour 4 personnes', 'saladechampi.jpg', 1),
(2, 'Temps de préparation : 10 min. Temps de cuisson : 20 min. Peler et émincer l’oignon rouge. Peler les poires et découper la chair en gros cubes. Verser 1 cuillerée à soupe d’huile d’olive dans une casserole et faire blondir les oignons. Ajouter les poires et laisser cuire à nouveau 2 minutes. Saupoudrer de paprika, ajouter les châtaignes et 30 cl d’eau. Laisser cuire 15 minutes. Ajouter la crème, saler et poivrer. Mixer pour obtenir un mélange onctueux. Goûter et rectifier, si nécessaire, l’assaisonnement en sel, poivre et paprika. Servir très chaud avec des pignons de pin et des toasts de bleu.', 'Crème de poires et châtaignes au paprika', 'pour 4 personnes', 'cremepoire.jpg', 1),
(3, 'Temps de préparation : 10 min. Temps de cuisson : 20 min. Détacher les brocolis en bouquets, les plonger 30 secondes dans de l’eau bouillante salée, les égoutter aussitôt, puis les plonger dans un saladier d’eau glacée, les laisser refroidir environ 5 minutes et les égoutter à nouveau. Peler les carottes et les râper en minces filets. Décortiquer les crevettes. Râper la moitié du zeste du citron sur une râpe fine au-dessus d’un bol. Mélanger le jus d’orange et 2 cuillerées à soupe de jus de citron dans le bol, ajouter l’huile, saler et fouetter le mélange. Détailler les bouquets de brocolis en lamelles (les plus minces possible) et les poser à plat sur quatre assiettes. Ajouter les crevettes, napper de sauce et poivrer juste avant de déguster.\r\n', 'Brocolis et crevettes en carpaccio', 'pour 4 personnes', 'brocolicrevette.jpg', 1),
(4, 'Temps de préparation : 45 min. Temps de cuisson : 20 min. Pour la crème de champignons : Émincer l\'oignon, l\'ail et les clous de girofle, faire suer le tout à feu doux, y ajouter les parures de champignons puis les liquides. Recouvrir d’un couvercle et cuire le tout pendant 30 à 35 minutes. Une fois cuit, mixer le tout, passer à la fine passoire. Récupérer 40 cl de ce liquide et le mélanger au kappa, amener le tout à ébullition, mixer et verser dans les assiettes de service. Filmer et réserver à température ambiante. Pour le velouté de potiron : Couper le potiron en petits cubes et les déposer dans une casserole, couvrir d\'un couvercle et laisser à feu très doux 20 minutes afin de faire ressortir l’eau de cuisson. Y ajouter le reste de la garniture ainsi que le liquide. Cuire 30 minutes, mixer et passer à la passoire fine. Réserver au chaud. Laver soigneusement les champignons au pinceau. Et réserver au frais. Pour le dressage :\r\nPoêler les champignons à l’huile d’olive, les assaisonner de fleur de sel. Puis les déposer sur la crème de champignons. Parsemer de copeaux d’Appenzeller® ou servir avec une ou deux pointes de fromage Appenzeller® et proposer le velouté de potiron chaud à part.', 'Crème de champignon Appenzeller velouté de potiron', 'pour 8 personnes', 'cremechampi.jpg', 1),
(5, 'Temps de préparation : 20 min. Temps de cuisson : 20 min. Crème parmesan : Pour la crème parmesan, faire suer les oignons dans le beurre, déglacer au vin blanc et réduire de deux tiers, ajouter la crème, mixer et incorporez le parmesan préalablement râpé. Réserver à température ambiante. Crème de chou-fleur grillé : Parer les choux, une fois cuit, faire colorer dans 20 g de beurre a couvert en prenant soin de les colorer uniformément.\r\nMouiller avec le bouillon de légumes et laisser cuire 10 minutes à frémissement. Ajouter la crème et mixer. Assaisonner de sel et sucre. Réserver à température ambiante. Cuisson : Faire fondre le beurre dans un sautoir, y déposer le chou et l’arroser sans cesse en augmentant la température au fur et à mesure de façon à ce qu\'il soit coloré à l’extérieur et fondant a l’intérieur. (10 mn.) Finition et dressage : Dresser harmonieusement en prenant soin de disposer deux belles quenelles des deux crèmes. Disposer le chou-fleur entre chaque quenelle, puis déposer les feuilles de menthe bergamote.', 'Chou-fleur croustillant ', 'pour 4 personnes', 'choufleur.jpg', 2),
(6, 'Temps de préparation : 20 min. Temps de cuisson : 1h30. Préparation de la volaille : Allumer le four à 180°C th. 6 Brosser la truffe et la couper en fines lamelles (réserver les petits morceaux pour les légumes). Décoller la peau de la volaille, glisser entre chair et peau les lamelles de truffe et la ficeler. Poser la poularde dans un grand plat à four, peler les oignons, les couper en deux, les poser dans le plat, glisser au four et laisser cuire 30 minutes. Préparation des légumes : Peler et laver tous les légumes. Couper les navets en deux, le potimarron en tranches de 2 cm, les carottes et les panais en tronçons de 5 cm. Lorsque le poulet aura cuit 30 minutes, répartir les légumes autour, saler, verser dans le plat 1 dl d’eau et parsemer de brins de thym. Cuisson et finissions : Remettre le plat au four, laisser cuire encore 40 minutes et tourner les légumes de temps en temps.', 'Volaille truffée et légumes d’automne', 'pour 6 personnes', 'volaillehiver.jpg', 2),
(7, 'Temps de préparation : 15 min. Temps de cuisson : 10 min. Préparation des magrets : Inciser la peau des magrets en faisant des croisillons, les saler et poivrer des deux côtés. Verser le miel dans une casserole, porter à ébullition, ajouter les épices (cardamome, coriandre, anis, genièvre, cannelle, poivre) et laisser cuire 2 minutes. Cuisson des magrets : Faire chauffer une poêle antiadhésive sans matière grasse, et, lorsqu’elle est bien chaude, y poser les magrets côté peau dessous afin que la graisse fonde. Laisser cuire 5 minutes, puis les retourner, laisser cuire 3 minutes et jeter le gras rendu. Verser le miel et les épices sur les magrets, les rouler dans le miel, et laisser cuire encore 2 minutes.', 'Magret de canard au miel épicé', 'pour 4 personnes', 'canardmiel.jpg', 2),
(8, 'Temps de préparation : 10 min. Temps de cuisson : 0 min. Tailler finement les pommes en lamelles, laisser sécher la salade verte et les lamelles pendant 20 minutes au four à 180°C. \r\nPréparation de vinaigrette : Faire bouillir pendant 3 minutes deux abricots secs dans un peu d’eau. Égoutter les abricots, et les mixer avec 5 cl d’huile de noisette, un trait de vinaigre de banyuls, salez et saupoudrer de poivre de Sarawak.', 'Feuille de chêne aux chips de pommes', 'pour 2 personnes', 'saladepomme.jpg', 2),
(9, 'Temps de préparation : 15 min. Temps de cuisson : 25 min. Préparation de la garniture : Peler le gingembre, le couper en fins bâtonnets. Dénoyauter les pruneaux, les hacher ainsi que les abricots secs. Peler les pommes et les couper en lamelles de 1 cm d’épaisseur. Faire fondre le beurre dans une sauteuse, ajouter le sucre, les lamelles de pomme, le gingembre, faire cuire 10 minutes en mélangeant souvent. Ajouter les fruits secs, mélanger, laisser cuire 2 minutes, puis retirer du feu. Casser les amandes et les givrettes en gros morceaux, les ajouter à la préparation et mélanger. Préparation de la pâte : Allumer le four à 210 °C (th. 7). Casser l’œuf en séparant le blanc du jaune. Mettre ce dernier dans un bol avec 1 cuillerée à soupe d’eau et fouetter. Mettre la pâte dans le moule avec son papier sulfurisé en la laissant déborder largement. Déposer la préparation en forme de dôme sur la pâte, rabattre les bords vers le centre en les plissant et badigeonner de jaune d’œuf. Mettre au four et laisser dorer 15 à 20 minutes. Retirer du four, ajouter la gelée de coing sur les fruits chauds, au contact desquels elle fond. Servir chaud ou tiède, accompagné de crème fouettée.', 'Tourte aux pommes, aux fruits secs et aux amandes', 'pour 6 personnes', 'tourtepomme.jpg', 3),
(10, 'Temps de préparation : 20 min. Temps de cuisson : 20 min. Préparation de la pâte : Allumer le four à 210 °C (th 7). Beurrer les moules. Mixer les noix jusqu’à l’obtention d’une grosse semoule. Casser les œufs en séparant les blancs des jaunes, mettre ces derniers dans un saladier. Ajouter le sucre, fouetter le mélange durant 1 minute, lui ajouter les noix mixées. Fouetter les blancs en neige, les incorporer délicatement à la préparation aux noix en alternance avec la farine, répartir la pâte dans les deux moules beurrés, lisser la surface, glisser au four et laisser cuire 12 minutes environ, jusqu’à ce que la surface soit juste dorée. Retirer du four et démouler délicatement les disques de pâte (car ces gâteaux sont souples) sur une grille à pâtisserie. Préparation de la crème : Mixer finement les amandes et les cerneaux de noix avec 50 g de sucre. Fouetter les jaunes et le sucre restant, ajouter le mélange aux noix et mélanger, incorporer les blancs battus en neige. Verser la crème dans une casserole, la poser sur feu doux et faire cuire 10 minutes environ, en tournant souvent, jusqu’à ce que la préparation épaississe. Retirer du feu et laisser tiédir. Dressage : Poser un disque de pâte sur un plat, étaler dessus la crème encore tiède, recouvrir du second disque de pâte en appuyant légèrement, laisser complètement refroidir. Avant de servir, poser sur le gâteau quelques cerneaux de noix, poudrer de sucre glace et ajouter une ou deux feuilles d’or.', 'Gâteau tout noix', 'pour 6 personnes', 'gateaunoix.jpg', 3),
(11, 'Temps de préparation : 30 min. Temps de cuisson : 10 min. Lavez et égrappez le raisin, étalez les grains sur un plateau et entreposez-les 30 minutes au congélateur. Plantez un cure-dents dans la partie charnue de chaque amande, sans trop l\'enfoncer. Dans une petite casserole, faites un caramel à sec sur feu moyen-vif. Dès qu\'il prend une belle couleur dorée, trempez les amandes dedans, à plusieurs reprises, jusqu\'à ce qu\'elles s\'enrobent entièrement. Maintenez-les quelques instants au-dessus de la casserole jusqu\'à ce qu\'un fil se forme. Déposez-les au fur et à mesure sur un plat huilé et laissez durcir. Recommencez ainsi pour toutes les amandes. Lorsque le caramel a bien pris, retirez délicatement les cure-dents. Servez les raisins glacés dans des coupes, sur un lit de glace pilée et accompagnez-les des amandes caramélisées.', 'Salade de raisins blancs et amandes caramélisées', 'pour 6 personnes', 'raisin.jpg', 3),
(12, 'Temps de préparation : 15 min. Temps de cuisson : 25 min. Préchauffez le four th 6 ( 180°). Garnissez un moule rectangulaire avec la pâte en conservant le papier sulfurisé. Epluchez les poires, coupez les en deux, évidez le cœur et retirez la queue. Arrosez-les avec le jus du citron. Mélangez le mascarpone avec les œufs et le sucre semoule. Tapissez le moule avec cette préparation et rangez les poires en les enfonçant tête-bêche. Saupoudrez la tarte d‘amandes hachées et de sucre glace. Enfournez et laissez cuire 25 minutes en surveillant la coloration. Servez tiède.', 'Tarte à la poire et au mascarpone', 'pour 6 personnes', 'tartepoire.jpg', 3);

-- --------------------------------------------------------



--
-- Déchargement des données de la table `produitrecette_recette`
--

INSERT INTO `produitrecette_recette` (`id_recette`, `id_produitrecette`) VALUES
(1, 1),
(1, 2),
(1, 3),
(1, 4),
(1, 5),
(1, 6),
(1, 7),
(1, 8),
(1, 9),
(2, 10),
(2, 11),
(2, 12),
(2, 13),
(2, 14),
(2, 15),
(2, 16),
(2, 8),
(2, 9),
(3, 17),
(3, 18),
(3, 19),
(3, 20),
(3, 21),
(3, 22),
(3, 23),
(3, 8),
(3, 9),
(4, 24),
(4, 25),
(4, 26),
(4, 27),
(4, 28),
(4, 29),
(4, 30),
(4, 8),
(4, 31),
(4, 32),
(5, 33),
(5, 34),
(5, 35),
(5, 36),
(5, 37),
(5, 38),
(5, 39),
(5, 40),
(5, 41),
(5, 8),
(5, 42),
(6, 43),
(6, 44),
(6, 45),
(6, 46),
(6, 47),
(6, 48),
(6, 49),
(6, 50),
(6, 8),
(6, 9),
(7, 51),
(7, 52),
(7, 53),
(7, 54),
(7, 55),
(7, 56),
(7, 58),
(7, 9),
(8, 59),
(8, 60),
(8, 61),
(8, 6),
(8, 4),
(8, 8),
(8, 9),
(9, 62),
(9, 63),
(9, 64),
(9, 65),
(9, 66),
(9, 67),
(9, 68),
(9, 69),
(9, 70),
(10, 71),
(10, 72),
(10, 73),
(10, 74),
(10, 75),
(10, 76),
(11, 77),
(11, 78),
(11, 79),
(12, 80),
(12, 81),
(12, 82),
(12, 83),
(12, 84),
(12, 85),
(12, 86),
(12, 87);

-- --------------------------------------------------------


--
-- Déchargement des données de la table `typepaiement`
--

INSERT INTO `typepaiement` (`id_typepaiement`, `libelle_typepaiement`) VALUES
(1, 'Carte Bleue'),
(2, 'Paypal');

-- --------------------------------------------------------





