INSERT INTO `region` (`id_region`, `libelle_region`) VALUES (1, '?le-de-France');

INSERT INTO `ville` (`id_ville`, `code_commune_cp`, `nom_ville`, `id_livreur_tville`, `id_region_tville`, `id_tourneetheo_tville`) VALUES (1, NULL, 'Sceaux', NULL, 1, NULL);
INSERT INTO `ville` (`id_ville`, `code_commune_cp`, `nom_ville`, `id_livreur_tville`, `id_region_tville`, `id_tourneetheo_tville`) VALUES (2, NULL, 'Suresnes', NULL, 1, NULL);
INSERT INTO `ville` (`id_ville`, `code_commune_cp`, `nom_ville`, `id_livreur_tville`, `id_region_tville`, `id_tourneetheo_tville`) VALUES (3, NULL, 'Boulogne-Billancourt', NULL, 1, NULL);
INSERT INTO `ville` (`id_ville`, `code_commune_cp`, `nom_ville`, `id_livreur_tville`, `id_region_tville`, `id_tourneetheo_tville`) VALUES (4, NULL, 'Levallois-Perret', NULL, 1, NULL);
INSERT INTO `ville` (`id_ville`, `code_commune_cp`, `nom_ville`, `id_livreur_tville`, `id_region_tville`, `id_tourneetheo_tville`) VALUES (5, NULL, 'Antony', NULL, 1, NULL);
INSERT INTO `ville` (`id_ville`, `code_commune_cp`, `nom_ville`, `id_livreur_tville`, `id_region_tville`, `id_tourneetheo_tville`) VALUES (6, NULL, 'Asni?res sur Seine', NULL, 1, NULL);
INSERT INTO `ville` (`id_ville`, `code_commune_cp`, `nom_ville`, `id_livreur_tville`, `id_region_tville`, `id_tourneetheo_tville`) VALUES (7, NULL, 'Bagneux', NULL, 1, NULL);
INSERT INTO `ville` (`id_ville`, `code_commune_cp`, `nom_ville`, `id_livreur_tville`, `id_region_tville`, `id_tourneetheo_tville`) VALUES (8, NULL, 'Bois-Colombes', NULL, 1, NULL);
INSERT INTO `ville` (`id_ville`, `code_commune_cp`, `nom_ville`, `id_livreur_tville`, `id_region_tville`, `id_tourneetheo_tville`) VALUES (9, NULL, 'Ch?tenay-Malabry', NULL, 1, NULL);
INSERT INTO `ville` (`id_ville`, `code_commune_cp`, `nom_ville`, `id_livreur_tville`, `id_region_tville`, `id_tourneetheo_tville`) VALUES (10, NULL, 'Ch?tillon', NULL, 1, NULL);
INSERT INTO `ville` (`id_ville`, `code_commune_cp`, `nom_ville`, `id_livreur_tville`, `id_region_tville`, `id_tourneetheo_tville`) VALUES (11, NULL, 'Clamart', NULL, 1, NULL);
INSERT INTO `ville` (`id_ville`, `code_commune_cp`, `nom_ville`, `id_livreur_tville`, `id_region_tville`, `id_tourneetheo_tville`) VALUES (12, NULL, 'Clichy', NULL, 1, NULL);
INSERT INTO `ville` (`id_ville`, `code_commune_cp`, `nom_ville`, `id_livreur_tville`, `id_region_tville`, `id_tourneetheo_tville`) VALUES (13, NULL, 'Marcoussis', NULL, 1, NULL);
INSERT INTO `ville` (`id_ville`, `code_commune_cp`, `nom_ville`, `id_livreur_tville`, `id_region_tville`, `id_tourneetheo_tville`) VALUES (14, NULL, 'Courances', NULL, 1, NULL);
INSERT INTO `ville` (`id_ville`, `code_commune_cp`, `nom_ville`, `id_livreur_tville`, `id_region_tville`, `id_tourneetheo_tville`) VALUES (15, NULL, 'Chauffour Les Etrechy', NULL, 1, NULL);
INSERT INTO `ville` (`id_ville`, `code_commune_cp`, `nom_ville`, `id_livreur_tville`, `id_region_tville`, `id_tourneetheo_tville`) VALUES (16, NULL, 'Villepreux', NULL, 1, NULL);
INSERT INTO `ville` (`id_ville`, `code_commune_cp`, `nom_ville`, `id_livreur_tville`, `id_region_tville`, `id_tourneetheo_tville`) VALUES (17, NULL, 'Ecqueville', NULL, 1, NULL);
INSERT INTO `ville` (`id_ville`, `code_commune_cp`, `nom_ville`, `id_livreur_tville`, `id_region_tville`, `id_tourneetheo_tville`) VALUES (18, NULL, 'Meulan', NULL, 1, NULL);
INSERT INTO `ville` (`id_ville`, `code_commune_cp`, `nom_ville`, `id_livreur_tville`, `id_region_tville`, `id_tourneetheo_tville`) VALUES (19, NULL, 'Sonchamp', NULL, 1, NULL);
INSERT INTO `ville` (`id_ville`, `code_commune_cp`, `nom_ville`, `id_livreur_tville`, `id_region_tville`, `id_tourneetheo_tville`) VALUES (20, NULL, 'Cergy', NULL, 1, NULL);
INSERT INTO `ville` (`id_ville`, `code_commune_cp`, `nom_ville`, `id_livreur_tville`, `id_region_tville`, `id_tourneetheo_tville`) VALUES (21, NULL, 'Br?an?on', NULL, 1, NULL);
INSERT INTO `ville` (`id_ville`, `code_commune_cp`, `nom_ville`, `id_livreur_tville`, `id_region_tville`, `id_tourneetheo_tville`) VALUES (22, NULL, 'Groslay', NULL, 1, NULL);
INSERT INTO `ville` (`id_ville`, `code_commune_cp`, `nom_ville`, `id_livreur_tville`, `id_region_tville`, `id_tourneetheo_tville`) VALUES (23, NULL, 'Chailly en Bi?re', NULL, 1, NULL);
INSERT INTO `ville` (`id_ville`, `code_commune_cp`, `nom_ville`, `id_livreur_tville`, `id_region_tville`, `id_tourneetheo_tville`) VALUES (24, NULL, 'Mondreville', NULL, 1, NULL);
INSERT INTO `ville` (`id_ville`, `code_commune_cp`, `nom_ville`, `id_livreur_tville`, `id_region_tville`, `id_tourneetheo_tville`) VALUES (25, NULL, 'Gu?rard', NULL, 1, NULL);
INSERT INTO `ville` (`id_ville`, `code_commune_cp`, `nom_ville`, `id_livreur_tville`, `id_region_tville`, `id_tourneetheo_tville`) VALUES (26, NULL, 'La-Queue-en-Brie', NULL, 1, NULL);
INSERT INTO `ville` (`id_ville`, `code_commune_cp`, `nom_ville`, `id_livreur_tville`, `id_region_tville`, `id_tourneetheo_tville`) VALUES (27, NULL, 'Mandres-les-Roses', NULL, 1, NULL);
INSERT INTO `ville` (`id_ville`, `code_commune_cp`, `nom_ville`, `id_livreur_tville`, `id_region_tville`, `id_tourneetheo_tville`) VALUES (28, NULL, 'Nogent-sur-Marne', NULL, 1, NULL);
INSERT INTO `ville` (`id_ville`, `code_commune_cp`, `nom_ville`, `id_livreur_tville`, `id_region_tville`, `id_tourneetheo_tville`) VALUES (29, NULL, 'Saint-Denis', NULL, 1, NULL);
INSERT INTO `ville` (`id_ville`, `code_commune_cp`, `nom_ville`, `id_livreur_tville`, `id_region_tville`, `id_tourneetheo_tville`) VALUES (30, NULL, 'Livry Gargan', NULL, 1, NULL);
INSERT INTO `ville` (`id_ville`, `code_commune_cp`, `nom_ville`, `id_livreur_tville`, `id_region_tville`, `id_tourneetheo_tville`) VALUES (31, NULL, 'Paris', NULL, 1, NULL);
INSERT INTO `ville` (`id_ville`, `code_commune_cp`, `nom_ville`, `id_livreur_tville`, `id_region_tville`, `id_tourneetheo_tville`) VALUES (32, NULL, 'Le Plessis Robinson', NULL, 1, NULL);
INSERT INTO `ville` (`id_ville`, `code_commune_cp`, `nom_ville`, `id_livreur_tville`, `id_region_tville`, `id_tourneetheo_tville`) VALUES (33, NULL, 'Issy-les-Moulineaux', NULL, 1, NULL);
INSERT INTO `ville` (`id_ville`, `code_commune_cp`, `nom_ville`, `id_livreur_tville`, `id_region_tville`, `id_tourneetheo_tville`) VALUES (34, NULL, 'Malakoff', NULL, 1, NULL);
INSERT INTO `ville` (`id_ville`, `code_commune_cp`, `nom_ville`, `id_livreur_tville`, `id_region_tville`, `id_tourneetheo_tville`) VALUES (35, NULL, 'Montrouge', NULL, 1, NULL);
INSERT INTO `ville` (`id_ville`, `code_commune_cp`, `nom_ville`, `id_livreur_tville`, `id_region_tville`, `id_tourneetheo_tville`) VALUES (36, NULL, 'Arcueil', NULL, 1, NULL);
INSERT INTO `ville` (`id_ville`, `code_commune_cp`, `nom_ville`, `id_livreur_tville`, `id_region_tville`, `id_tourneetheo_tville`) VALUES (37, NULL, 'Cachan', NULL, 1, NULL);
INSERT INTO `ville` (`id_ville`, `code_commune_cp`, `nom_ville`, `id_livreur_tville`, `id_region_tville`, `id_tourneetheo_tville`) VALUES (38, NULL, 'Ivry-sur-Seine', NULL, 1, NULL);
INSERT INTO `ville` (`id_ville`, `code_commune_cp`, `nom_ville`, `id_livreur_tville`, `id_region_tville`, `id_tourneetheo_tville`) VALUES (39, NULL, 'Gentilly', NULL, 1, NULL);



--
-- D?chargement des donn?es de la table `codepostal`
--

INSERT INTO `codepostal` (`id_cp`, `code_postal_cp`, `departement_cp`) VALUES (1, '75001', '75');
INSERT INTO `codepostal` (`id_cp`, `code_postal_cp`, `departement_cp`) VALUES (2, '75002', '75');
INSERT INTO `codepostal` (`id_cp`, `code_postal_cp`, `departement_cp`) VALUES (3, '75003', '75');
INSERT INTO `codepostal` (`id_cp`, `code_postal_cp`, `departement_cp`) VALUES (4, '75004', '75');
INSERT INTO `codepostal` (`id_cp`, `code_postal_cp`, `departement_cp`) VALUES (5, '75005', '75');
INSERT INTO `codepostal` (`id_cp`, `code_postal_cp`, `departement_cp`) VALUES (6, '75006', '75');
INSERT INTO `codepostal` (`id_cp`, `code_postal_cp`, `departement_cp`) VALUES (7, '75007', '75');
INSERT INTO `codepostal` (`id_cp`, `code_postal_cp`, `departement_cp`) VALUES (8, '75008', '75');
INSERT INTO `codepostal` (`id_cp`, `code_postal_cp`, `departement_cp`) VALUES (9, '75009', '75');
INSERT INTO `codepostal` (`id_cp`, `code_postal_cp`, `departement_cp`) VALUES (10, '75010', '75');
INSERT INTO `codepostal` (`id_cp`, `code_postal_cp`, `departement_cp`) VALUES (11, '75011', '75');
INSERT INTO `codepostal` (`id_cp`, `code_postal_cp`, `departement_cp`) VALUES (12, '75012', '75');
INSERT INTO `codepostal` (`id_cp`, `code_postal_cp`, `departement_cp`) VALUES (13, '75013', '75');
INSERT INTO `codepostal` (`id_cp`, `code_postal_cp`, `departement_cp`) VALUES (14, '75014', '75');
INSERT INTO `codepostal` (`id_cp`, `code_postal_cp`, `departement_cp`) VALUES (15, '75015', '75');
INSERT INTO `codepostal` (`id_cp`, `code_postal_cp`, `departement_cp`) VALUES (16, '75016', '75');
INSERT INTO `codepostal` (`id_cp`, `code_postal_cp`, `departement_cp`) VALUES (17, '75017', '75');
INSERT INTO `codepostal` (`id_cp`, `code_postal_cp`, `departement_cp`) VALUES (18, '75018', '75');
INSERT INTO `codepostal` (`id_cp`, `code_postal_cp`, `departement_cp`) VALUES (19, '75019', '75');
INSERT INTO `codepostal` (`id_cp`, `code_postal_cp`, `departement_cp`) VALUES (20, '75020', '75');
INSERT INTO `codepostal` (`id_cp`, `code_postal_cp`, `departement_cp`) VALUES (21, '92330', '92');
INSERT INTO `codepostal` (`id_cp`, `code_postal_cp`, `departement_cp`) VALUES (22, '92150', '92');
INSERT INTO `codepostal` (`id_cp`, `code_postal_cp`, `departement_cp`) VALUES (23, '92100', '92');
INSERT INTO `codepostal` (`id_cp`, `code_postal_cp`, `departement_cp`) VALUES (24, '92300', '92');
INSERT INTO `codepostal` (`id_cp`, `code_postal_cp`, `departement_cp`) VALUES (25, '92160', '92');
INSERT INTO `codepostal` (`id_cp`, `code_postal_cp`, `departement_cp`) VALUES (26, '92600', '92');
INSERT INTO `codepostal` (`id_cp`, `code_postal_cp`, `departement_cp`) VALUES (27, '92220', '92');
INSERT INTO `codepostal` (`id_cp`, `code_postal_cp`, `departement_cp`) VALUES (28, '92270', '92');
INSERT INTO `codepostal` (`id_cp`, `code_postal_cp`, `departement_cp`) VALUES (29, '92290', '92');
INSERT INTO `codepostal` (`id_cp`, `code_postal_cp`, `departement_cp`) VALUES (30, '92320', '92');
INSERT INTO `codepostal` (`id_cp`, `code_postal_cp`, `departement_cp`) VALUES (31, '92140', '92');
INSERT INTO `codepostal` (`id_cp`, `code_postal_cp`, `departement_cp`) VALUES (32, '92110', '92');
INSERT INTO `codepostal` (`id_cp`, `code_postal_cp`, `departement_cp`) VALUES (33, '91460', '91');
INSERT INTO `codepostal` (`id_cp`, `code_postal_cp`, `departement_cp`) VALUES (34, '91480', '91');
INSERT INTO `codepostal` (`id_cp`, `code_postal_cp`, `departement_cp`) VALUES (35, '91580', '91');
INSERT INTO `codepostal` (`id_cp`, `code_postal_cp`, `departement_cp`) VALUES (36, '78450', '78');
INSERT INTO `codepostal` (`id_cp`, `code_postal_cp`, `departement_cp`) VALUES (37, '78920', '78');
INSERT INTO `codepostal` (`id_cp`, `code_postal_cp`, `departement_cp`) VALUES (38, '78250', '78');
INSERT INTO `codepostal` (`id_cp`, `code_postal_cp`, `departement_cp`) VALUES (39, '78120', '78');
INSERT INTO `codepostal` (`id_cp`, `code_postal_cp`, `departement_cp`) VALUES (40, '95000', '95');
INSERT INTO `codepostal` (`id_cp`, `code_postal_cp`, `departement_cp`) VALUES (41, '95640', '95');
INSERT INTO `codepostal` (`id_cp`, `code_postal_cp`, `departement_cp`) VALUES (42, '95410', '95');
INSERT INTO `codepostal` (`id_cp`, `code_postal_cp`, `departement_cp`) VALUES (43, '77390', '77');
INSERT INTO `codepostal` (`id_cp`, `code_postal_cp`, `departement_cp`) VALUES (44, '77570', '77');
INSERT INTO `codepostal` (`id_cp`, `code_postal_cp`, `departement_cp`) VALUES (45, '77580', '77');
INSERT INTO `codepostal` (`id_cp`, `code_postal_cp`, `departement_cp`) VALUES (46, '94510', '94');
INSERT INTO `codepostal` (`id_cp`, `code_postal_cp`, `departement_cp`) VALUES (47, '94520', '94');
INSERT INTO `codepostal` (`id_cp`, `code_postal_cp`, `departement_cp`) VALUES (48, '94130', '94');
INSERT INTO `codepostal` (`id_cp`, `code_postal_cp`, `departement_cp`) VALUES (49, '93200', '93');
INSERT INTO `codepostal` (`id_cp`, `code_postal_cp`, `departement_cp`) VALUES (50, '93190', '93');
INSERT INTO `codepostal` (`id_cp`, `code_postal_cp`, `departement_cp`) VALUES (51, '92350', '92');
INSERT INTO `codepostal` (`id_cp`, `code_postal_cp`, `departement_cp`) VALUES (52, '92130', '92');
INSERT INTO `codepostal` (`id_cp`, `code_postal_cp`, `departement_cp`) VALUES (53, '94110', '94');
INSERT INTO `codepostal` (`id_cp`, `code_postal_cp`, `departement_cp`) VALUES (54, '94230', '94');
INSERT INTO `codepostal` (`id_cp`, `code_postal_cp`, `departement_cp`) VALUES (55, '94200', '94');
INSERT INTO `codepostal` (`id_cp`, `code_postal_cp`, `departement_cp`) VALUES (56, '94250', '94');
INSERT INTO `codepostal` (`id_cp`, `code_postal_cp`, `departement_cp`) VALUES (57, '92240', '92');
INSERT INTO `codepostal` (`id_cp`, `code_postal_cp`, `departement_cp`) VALUES (58, '92120', '92');

-- --------------------------------------------------------



--
-- D?chargement des donn?es de la table `codepostal_ville`
--

INSERT INTO `codepostal_ville` (`id_cp`, `id_ville`) VALUES (1, 31);
INSERT INTO `codepostal_ville` (`id_cp`, `id_ville`) VALUES (2, 31);
INSERT INTO `codepostal_ville` (`id_cp`, `id_ville`) VALUES (3, 31);
INSERT INTO `codepostal_ville` (`id_cp`, `id_ville`) VALUES (4, 31);
INSERT INTO `codepostal_ville` (`id_cp`, `id_ville`) VALUES (5, 31);
INSERT INTO `codepostal_ville` (`id_cp`, `id_ville`) VALUES (6, 31);
INSERT INTO `codepostal_ville` (`id_cp`, `id_ville`) VALUES (7, 31);
INSERT INTO `codepostal_ville` (`id_cp`, `id_ville`) VALUES (9, 31);
INSERT INTO `codepostal_ville` (`id_cp`, `id_ville`) VALUES (8, 31);
INSERT INTO `codepostal_ville` (`id_cp`, `id_ville`) VALUES (10, 31);
INSERT INTO `codepostal_ville` (`id_cp`, `id_ville`) VALUES (11, 31);
INSERT INTO `codepostal_ville` (`id_cp`, `id_ville`) VALUES (12, 31);
INSERT INTO `codepostal_ville` (`id_cp`, `id_ville`) VALUES (13, 31);
INSERT INTO `codepostal_ville` (`id_cp`, `id_ville`) VALUES (14, 31);
INSERT INTO `codepostal_ville` (`id_cp`, `id_ville`) VALUES (15, 31);
INSERT INTO `codepostal_ville` (`id_cp`, `id_ville`) VALUES (16, 31);
INSERT INTO `codepostal_ville` (`id_cp`, `id_ville`) VALUES (17, 31);
INSERT INTO `codepostal_ville` (`id_cp`, `id_ville`) VALUES (18, 31);
INSERT INTO `codepostal_ville` (`id_cp`, `id_ville`) VALUES (19, 31);
INSERT INTO `codepostal_ville` (`id_cp`, `id_ville`) VALUES (20, 31);
INSERT INTO `codepostal_ville` (`id_cp`, `id_ville`) VALUES (21, 1);
INSERT INTO `codepostal_ville` (`id_cp`, `id_ville`) VALUES (22, 2);
INSERT INTO `codepostal_ville` (`id_cp`, `id_ville`) VALUES (23, 3);
INSERT INTO `codepostal_ville` (`id_cp`, `id_ville`) VALUES (24, 4);
INSERT INTO `codepostal_ville` (`id_cp`, `id_ville`) VALUES (25, 5);
INSERT INTO `codepostal_ville` (`id_cp`, `id_ville`) VALUES (26, 6);
INSERT INTO `codepostal_ville` (`id_cp`, `id_ville`) VALUES (27, 7);
INSERT INTO `codepostal_ville` (`id_cp`, `id_ville`) VALUES (28, 8);
INSERT INTO `codepostal_ville` (`id_cp`, `id_ville`) VALUES (29, 9);
INSERT INTO `codepostal_ville` (`id_cp`, `id_ville`) VALUES (30, 10);
INSERT INTO `codepostal_ville` (`id_cp`, `id_ville`) VALUES (31, 11);
INSERT INTO `codepostal_ville` (`id_cp`, `id_ville`) VALUES (32, 12);
INSERT INTO `codepostal_ville` (`id_cp`, `id_ville`) VALUES (33, 13);
INSERT INTO `codepostal_ville` (`id_cp`, `id_ville`) VALUES (34, 14);
INSERT INTO `codepostal_ville` (`id_cp`, `id_ville`) VALUES (35, 15);
INSERT INTO `codepostal_ville` (`id_cp`, `id_ville`) VALUES (36, 16);
INSERT INTO `codepostal_ville` (`id_cp`, `id_ville`) VALUES (37, 17);
INSERT INTO `codepostal_ville` (`id_cp`, `id_ville`) VALUES (38, 18);
INSERT INTO `codepostal_ville` (`id_cp`, `id_ville`) VALUES (39, 19);
INSERT INTO `codepostal_ville` (`id_cp`, `id_ville`) VALUES (40, 20);
INSERT INTO `codepostal_ville` (`id_cp`, `id_ville`) VALUES (41, 21);
INSERT INTO `codepostal_ville` (`id_cp`, `id_ville`) VALUES (42, 22);
INSERT INTO `codepostal_ville` (`id_cp`, `id_ville`) VALUES (43, 23);
INSERT INTO `codepostal_ville` (`id_cp`, `id_ville`) VALUES (44, 24);
INSERT INTO `codepostal_ville` (`id_cp`, `id_ville`) VALUES (45, 25);
INSERT INTO `codepostal_ville` (`id_cp`, `id_ville`) VALUES (46, 26);
INSERT INTO `codepostal_ville` (`id_cp`, `id_ville`) VALUES (47, 27);
INSERT INTO `codepostal_ville` (`id_cp`, `id_ville`) VALUES (48, 28);
INSERT INTO `codepostal_ville` (`id_cp`, `id_ville`) VALUES (49, 29);
INSERT INTO `codepostal_ville` (`id_cp`, `id_ville`) VALUES (50, 30);
INSERT INTO `codepostal_ville` (`id_cp`, `id_ville`) VALUES (51, 32);
INSERT INTO `codepostal_ville` (`id_cp`, `id_ville`) VALUES (52, 33);
INSERT INTO `codepostal_ville` (`id_cp`, `id_ville`) VALUES (57, 34);
INSERT INTO `codepostal_ville` (`id_cp`, `id_ville`) VALUES (58, 35);
INSERT INTO `codepostal_ville` (`id_cp`, `id_ville`) VALUES (53, 36);
INSERT INTO `codepostal_ville` (`id_cp`, `id_ville`) VALUES (54, 37);
INSERT INTO `codepostal_ville` (`id_cp`, `id_ville`) VALUES (55, 38);
INSERT INTO `codepostal_ville` (`id_cp`, `id_ville`) VALUES (56, 39);

-- --------------------------------------------------------


--
-- D?chargement des donn?es de la table `adresse`
--

INSERT INTO `adresse` (`id_adresse`, `latitude_adresse`, `libelle_adresse`, `longitude_adresse`, `nomrue_adresse`, `numerorue_adresse`, `id_codepostal_tadresse`) VALUES (1, '48.862725', NULL, '2.287592000000018', 'QUAI DE LA CHARENTE', '10', 19);
INSERT INTO `adresse` (`id_adresse`, `latitude_adresse`, `libelle_adresse`, `longitude_adresse`, `nomrue_adresse`, `numerorue_adresse`, `id_codepostal_tadresse`) VALUES (2, '48.8633226', NULL, '2.3424426000000267', 'RUE DU LOUVRE', '42', 1);
INSERT INTO `adresse` (`id_adresse`, `latitude_adresse`, `libelle_adresse`, `longitude_adresse`, `nomrue_adresse`, `numerorue_adresse`, `id_codepostal_tadresse`) VALUES (3, '48.8533889', NULL, '2.3764827999999625', 'RUE CHARONNE', '39', 11);
INSERT INTO `adresse` (`id_adresse`, `latitude_adresse`, `libelle_adresse`, `longitude_adresse`, `nomrue_adresse`, `numerorue_adresse`, `id_codepostal_tadresse`) VALUES (4, '48.8407126', NULL, '2.392375500000071', 'AV DAUMESNIL', '181', 12);
INSERT INTO `adresse` (`id_adresse`, `latitude_adresse`, `libelle_adresse`, `longitude_adresse`, `nomrue_adresse`, `numerorue_adresse`, `id_codepostal_tadresse`) VALUES (5, '48.8265541', NULL, '2.3322217999999566', 'rue de la Tombe-Issoire', '99', 14);
INSERT INTO `adresse` (`id_adresse`, `latitude_adresse`, `libelle_adresse`, `longitude_adresse`, `nomrue_adresse`, `numerorue_adresse`, `id_codepostal_tadresse`) VALUES (6, '48.878373', NULL, '2.3049667000000227', 'rue Courcelles', '80', 8);
INSERT INTO `adresse` (`id_adresse`, `latitude_adresse`, `libelle_adresse`, `longitude_adresse`, `nomrue_adresse`, `numerorue_adresse`, `id_codepostal_tadresse`) VALUES (7, '48.85085979999999', NULL, '2.391393600000015', ' Boulevard Voltaire', '252', 11);
INSERT INTO `adresse` (`id_adresse`, `latitude_adresse`, `libelle_adresse`, `longitude_adresse`, `nomrue_adresse`, `numerorue_adresse`, `id_codepostal_tadresse`) VALUES (8, '48.87375369999999', NULL, '2.357046299999979', 'Boulevard de Strasbourg', '60', 10);
INSERT INTO `adresse` (`id_adresse`, `latitude_adresse`, `libelle_adresse`, `longitude_adresse`, `nomrue_adresse`, `numerorue_adresse`, `id_codepostal_tadresse`) VALUES (9, '48.87234979999999', NULL, '2.3300877000000355', 'Rue Auber', '4', 9);
INSERT INTO `adresse` (`id_adresse`, `latitude_adresse`, `libelle_adresse`, `longitude_adresse`, `nomrue_adresse`, `numerorue_adresse`, `id_codepostal_tadresse`) VALUES (10, '48.8775195', NULL, '2.342945200000031', 'Rue de Maubeuge', '13', 9);
INSERT INTO `adresse` (`id_adresse`, `latitude_adresse`, `libelle_adresse`, `longitude_adresse`, `nomrue_adresse`, `numerorue_adresse`, `id_codepostal_tadresse`) VALUES (11, '48.8624723', NULL, '2.3760749000000487', 'Rue Pasteur', '117', 11);
INSERT INTO `adresse` (`id_adresse`, `latitude_adresse`, `libelle_adresse`, `longitude_adresse`, `nomrue_adresse`, `numerorue_adresse`, `id_codepostal_tadresse`) VALUES (12, '48.8168904', NULL, '2.35530719999997', 'Boulevard du G?n?ral de Gaulle', '90', 13);
INSERT INTO `adresse` (`id_adresse`, `latitude_adresse`, `libelle_adresse`, `longitude_adresse`, `nomrue_adresse`, `numerorue_adresse`, `id_codepostal_tadresse`) VALUES (13, '48.8587083', NULL, '2.405949400000054', 'Rue Saint-Blaise', '44', 20);
INSERT INTO `adresse` (`id_adresse`, `latitude_adresse`, `libelle_adresse`, `longitude_adresse`, `nomrue_adresse`, `numerorue_adresse`, `id_codepostal_tadresse`) VALUES (14, '48.8618572', NULL, '2.346853699999997', 'FORUM DES HALLES, Espaces Cr?ateurs / porte Berger Niv-1', '1', 1);
INSERT INTO `adresse` (`id_adresse`, `latitude_adresse`, `libelle_adresse`, `longitude_adresse`, `nomrue_adresse`, `numerorue_adresse`, `id_codepostal_tadresse`) VALUES (15, '48.82888049999999', NULL, '2.3683957000000646', 'Place Jeanne d\'Arc', '19', 13);
INSERT INTO `adresse` (`id_adresse`, `latitude_adresse`, `libelle_adresse`, `longitude_adresse`, `nomrue_adresse`, `numerorue_adresse`, `id_codepostal_tadresse`) VALUES (16, '48.8718113', NULL, '2.353685499999983', 'Rue du Faubourg Saint-Denis', '51', 10);
INSERT INTO `adresse` (`id_adresse`, `latitude_adresse`, `libelle_adresse`, `longitude_adresse`, `nomrue_adresse`, `numerorue_adresse`, `id_codepostal_tadresse`) VALUES (17, '48.85926620000001', NULL, '2.3747121000000107', 'Rue du Chemin Vert', '41', 11);
INSERT INTO `adresse` (`id_adresse`, `latitude_adresse`, `libelle_adresse`, `longitude_adresse`, `nomrue_adresse`, `numerorue_adresse`, `id_codepostal_tadresse`) VALUES (18, '48.8264314', NULL, '2.3641571000000567', 'Rue du Javelot', '64', 13);
INSERT INTO `adresse` (`id_adresse`, `latitude_adresse`, `libelle_adresse`, `longitude_adresse`, `nomrue_adresse`, `numerorue_adresse`, `id_codepostal_tadresse`) VALUES (19, '48.8350613', NULL, '2.3593223999999964', 'Rue de Campo-Formio', '38', 13);
INSERT INTO `adresse` (`id_adresse`, `latitude_adresse`, `libelle_adresse`, `longitude_adresse`, `nomrue_adresse`, `numerorue_adresse`, `id_codepostal_tadresse`) VALUES (20, '48.85774139999999', NULL, '2.397623500000009', 'Rue Ligner', '20', 20);
INSERT INTO `adresse` (`id_adresse`, `latitude_adresse`, `libelle_adresse`, `longitude_adresse`, `nomrue_adresse`, `numerorue_adresse`, `id_codepostal_tadresse`) VALUES (21, '48.7407939', NULL, '2.2982452999999623', 'Rue Mirabeau', '115', 25);
INSERT INTO `adresse` (`id_adresse`, `latitude_adresse`, `libelle_adresse`, `longitude_adresse`, `nomrue_adresse`, `numerorue_adresse`, `id_codepostal_tadresse`) VALUES (22, '48.76425709999999', NULL, '2.308761699999991', 'Avenue Raymond Aron', '5', 25);
INSERT INTO `adresse` (`id_adresse`, `latitude_adresse`, `libelle_adresse`, `longitude_adresse`, `nomrue_adresse`, `numerorue_adresse`, `id_codepostal_tadresse`) VALUES (23, '48.8011711', NULL, '2.318095099999937', 'Avenue Louis Pasteur', '27', 27);
INSERT INTO `adresse` (`id_adresse`, `latitude_adresse`, `libelle_adresse`, `longitude_adresse`, `nomrue_adresse`, `numerorue_adresse`, `id_codepostal_tadresse`) VALUES (24, '48.796226', NULL, '2.3193023999999696', 'Avenue Albert Petit', '83', 27);
INSERT INTO `adresse` (`id_adresse`, `latitude_adresse`, `libelle_adresse`, `longitude_adresse`, `nomrue_adresse`, `numerorue_adresse`, `id_codepostal_tadresse`) VALUES (25, '48.7891998', NULL, '2.3010831999999937', 'Place des Brugnauts', '10', 27);
INSERT INTO `adresse` (`id_adresse`, `latitude_adresse`, `libelle_adresse`, `longitude_adresse`, `nomrue_adresse`, `numerorue_adresse`, `id_codepostal_tadresse`) VALUES (26, '48.8365511', NULL, '2.2522186999999576', 'Avenue Edouard Vaillant', '32Bis', 23);
INSERT INTO `adresse` (`id_adresse`, `latitude_adresse`, `libelle_adresse`, `longitude_adresse`, `nomrue_adresse`, `numerorue_adresse`, `id_codepostal_tadresse`) VALUES (27, '48.8424095', NULL, '2.2411686000000373', 'Rue du Ch?teau', '105', 23);
INSERT INTO `adresse` (`id_adresse`, `latitude_adresse`, `libelle_adresse`, `longitude_adresse`, `nomrue_adresse`, `numerorue_adresse`, `id_codepostal_tadresse`) VALUES (28, '48.84385709999999', NULL, '2.2363377000000355', 'Rue d\'Aguesseau', '24', 23);
INSERT INTO `adresse` (`id_adresse`, `latitude_adresse`, `libelle_adresse`, `longitude_adresse`, `nomrue_adresse`, `numerorue_adresse`, `id_codepostal_tadresse`) VALUES (29, '48.7644336', NULL, '2.2667602000000215', 'Avenue de la Division Leclerc', '287', 29);
INSERT INTO `adresse` (`id_adresse`, `latitude_adresse`, `libelle_adresse`, `longitude_adresse`, `nomrue_adresse`, `numerorue_adresse`, `id_codepostal_tadresse`) VALUES (30, '48.7675499', NULL, '2.2536340999999993', 'Rue Sintes', '2', 29);
INSERT INTO `adresse` (`id_adresse`, `latitude_adresse`, `libelle_adresse`, `longitude_adresse`, `nomrue_adresse`, `numerorue_adresse`, `id_codepostal_tadresse`) VALUES (31, '48.8031091', NULL, '2.293517800000018', 'Rue Pierre Semard', '26', 30);
INSERT INTO `adresse` (`id_adresse`, `latitude_adresse`, `libelle_adresse`, `longitude_adresse`, `nomrue_adresse`, `numerorue_adresse`, `id_codepostal_tadresse`) VALUES (32, '48.8095921', NULL, '2.291798100000051', '11 Rue Jean Mermoz, 92320 Ch?tillon, France', '11', 30);
INSERT INTO `adresse` (`id_adresse`, `latitude_adresse`, `libelle_adresse`, `longitude_adresse`, `nomrue_adresse`, `numerorue_adresse`, `id_codepostal_tadresse`) VALUES (33, '48.801032', NULL, '2.287563500000033', 'Rue de la Mairie', '30', 30);
INSERT INTO `adresse` (`id_adresse`, `latitude_adresse`, `libelle_adresse`, `longitude_adresse`, `nomrue_adresse`, `numerorue_adresse`, `id_codepostal_tadresse`) VALUES (34, '48.7828967', NULL, '2.2427896000000374', 'Rue de Bretagne', '7', 31);
INSERT INTO `adresse` (`id_adresse`, `latitude_adresse`, `libelle_adresse`, `longitude_adresse`, `nomrue_adresse`, `numerorue_adresse`, `id_codepostal_tadresse`) VALUES (35, '48.7897871', NULL, '2.2627555999999913', 'Avenue du G?n?ral de Gaulle', '137', 31);
INSERT INTO `adresse` (`id_adresse`, `latitude_adresse`, `libelle_adresse`, `longitude_adresse`, `nomrue_adresse`, `numerorue_adresse`, `id_codepostal_tadresse`) VALUES (36, '48.8094845', NULL, '2.269420299999979', 'Rue Lazare Carnot', '2', 31);
INSERT INTO `adresse` (`id_adresse`, `latitude_adresse`, `libelle_adresse`, `longitude_adresse`, `nomrue_adresse`, `numerorue_adresse`, `id_codepostal_tadresse`) VALUES (37, '48.862725', NULL, '2.287592000000018', 'Rue des ?coles', '10', 21);
INSERT INTO `adresse` (`id_adresse`, `latitude_adresse`, `libelle_adresse`, `longitude_adresse`, `nomrue_adresse`, `numerorue_adresse`, `id_codepostal_tadresse`) VALUES (38, '48.8690467', NULL, '2.221342899999968', 'Rue de la Cerisaie', NULL, 22);
INSERT INTO `adresse` (`id_adresse`, `latitude_adresse`, `libelle_adresse`, `longitude_adresse`, `nomrue_adresse`, `numerorue_adresse`, `id_codepostal_tadresse`) VALUES (39, '48.8324599', NULL, '2.2415783000000147', 'Avenue Desfeux', NULL, 23);
INSERT INTO `adresse` (`id_adresse`, `latitude_adresse`, `libelle_adresse`, `longitude_adresse`, `nomrue_adresse`, `numerorue_adresse`, `id_codepostal_tadresse`) VALUES (40, '48.8948313', NULL, '2.29259849999994', 'Rue Marjolin', '5', 24);
INSERT INTO `adresse` (`id_adresse`, `latitude_adresse`, `libelle_adresse`, `longitude_adresse`, `nomrue_adresse`, `numerorue_adresse`, `id_codepostal_tadresse`) VALUES (41, '48.64121890000001', NULL, '2.2156989999999723', 'Chemin du Regard', NULL, 33);
INSERT INTO `adresse` (`id_adresse`, `latitude_adresse`, `libelle_adresse`, `longitude_adresse`, `nomrue_adresse`, `numerorue_adresse`, `id_codepostal_tadresse`) VALUES (42, '48.4404087', NULL, '2.4741710000000694', 'Rue du Moulin', NULL, 34);
INSERT INTO `adresse` (`id_adresse`, `latitude_adresse`, `libelle_adresse`, `longitude_adresse`, `nomrue_adresse`, `numerorue_adresse`, `id_codepostal_tadresse`) VALUES (43, '48.4938852', NULL, '2.1922426999999516', 'Rue Grande Rue', '5', 35);
INSERT INTO `adresse` (`id_adresse`, `latitude_adresse`, `libelle_adresse`, `longitude_adresse`, `nomrue_adresse`, `numerorue_adresse`, `id_codepostal_tadresse`) VALUES (44, '48.81634760000001', NULL, '2.0050837', 'Avenue du Fontainier du Roy', '4', 36);
INSERT INTO `adresse` (`id_adresse`, `latitude_adresse`, `libelle_adresse`, `longitude_adresse`, `nomrue_adresse`, `numerorue_adresse`, `id_codepostal_tadresse`) VALUES (45, '48.95147309999999', NULL, '1.921932599999991', 'Rue Saint-Antoine', '28', 37);
INSERT INTO `adresse` (`id_adresse`, `latitude_adresse`, `libelle_adresse`, `longitude_adresse`, `nomrue_adresse`, `numerorue_adresse`, `id_codepostal_tadresse`) VALUES (46, '49.0170284', NULL, '1.9132813999999598', 'Chemin du Moulin d\'Orzeau', NULL, 38);
INSERT INTO `adresse` (`id_adresse`, `latitude_adresse`, `libelle_adresse`, `longitude_adresse`, `nomrue_adresse`, `numerorue_adresse`, `id_codepostal_tadresse`) VALUES (47, '48.5987082', NULL, '1.8666670999999724', 'Rue des Ch?nes Secs', '14', 39);
INSERT INTO `adresse` (`id_adresse`, `latitude_adresse`, `libelle_adresse`, `longitude_adresse`, `nomrue_adresse`, `numerorue_adresse`, `id_codepostal_tadresse`) VALUES (48, '49.02272749999999', NULL, '2.0818435999999565', 'Chemin des Patis', '8', 40);
INSERT INTO `adresse` (`id_adresse`, `latitude_adresse`, `libelle_adresse`, `longitude_adresse`, `nomrue_adresse`, `numerorue_adresse`, `id_codepostal_tadresse`) VALUES (49, '49.158725', NULL, '2.045247300000028', 'Ferme de l\'Arche', NULL, 41);
INSERT INTO `adresse` (`id_adresse`, `latitude_adresse`, `libelle_adresse`, `longitude_adresse`, `nomrue_adresse`, `numerorue_adresse`, `id_codepostal_tadresse`) VALUES (50, '48.98424480000001', NULL, '2.3512097999999924', 'rue de la Station', NULL, 42);
INSERT INTO `adresse` (`id_adresse`, `latitude_adresse`, `libelle_adresse`, `longitude_adresse`, `nomrue_adresse`, `numerorue_adresse`, `id_codepostal_tadresse`) VALUES (51, '48.4765342', NULL, '2.5995762000000013', 'Route de Paris', '82', 43);
INSERT INTO `adresse` (`id_adresse`, `latitude_adresse`, `libelle_adresse`, `longitude_adresse`, `nomrue_adresse`, `numerorue_adresse`, `id_codepostal_tadresse`) VALUES (52, '48.15194649999999', NULL, '2.566469999999981', 'Hameau de Pilvernier', '6', 44);
INSERT INTO `adresse` (`id_adresse`, `latitude_adresse`, `libelle_adresse`, `longitude_adresse`, `nomrue_adresse`, `numerorue_adresse`, `id_codepostal_tadresse`) VALUES (53, '48.8264158', NULL, '2.971719699999994', 'Rue de Coulommiers', '4', 45);
INSERT INTO `adresse` (`id_adresse`, `latitude_adresse`, `libelle_adresse`, `longitude_adresse`, `nomrue_adresse`, `numerorue_adresse`, `id_codepostal_tadresse`) VALUES (54, '48.7887228', NULL, '2.5642668000000413', 'Cuvette de Champlain', NULL, 46);
INSERT INTO `adresse` (`id_adresse`, `latitude_adresse`, `libelle_adresse`, `longitude_adresse`, `nomrue_adresse`, `numerorue_adresse`, `id_codepostal_tadresse`) VALUES (55, '48.7046096', NULL, '2.563392399999998', 'Rue de la Foss? Parrot', '21', 47);
INSERT INTO `adresse` (`id_adresse`, `latitude_adresse`, `libelle_adresse`, `longitude_adresse`, `nomrue_adresse`, `numerorue_adresse`, `id_codepostal_tadresse`) VALUES (56, '48.8319404', NULL, '2.4683363999999983', 'Avenue de la Source', NULL, 48);
INSERT INTO `adresse` (`id_adresse`, `latitude_adresse`, `libelle_adresse`, `longitude_adresse`, `nomrue_adresse`, `numerorue_adresse`, `id_codepostal_tadresse`) VALUES (57, '48.9474037', NULL, '2.3747613000000456', 'Avenue de Stalingrad', '114', 49);
INSERT INTO `adresse` (`id_adresse`, `latitude_adresse`, `libelle_adresse`, `longitude_adresse`, `nomrue_adresse`, `numerorue_adresse`, `id_codepostal_tadresse`) VALUES (58, '48.90696279999999', NULL, '2.5220191999999315', 'Boulevard de la R?publique', '65', 50);
INSERT INTO `adresse` (`id_adresse`, `latitude_adresse`, `libelle_adresse`, `longitude_adresse`, `nomrue_adresse`, `numerorue_adresse`, `id_codepostal_tadresse`) VALUES (59, '48.8763493', NULL, '2.322208000000046', 'Rue du Rocher', '21', 8);
INSERT INTO `adresse` (`id_adresse`, `latitude_adresse`, `libelle_adresse`, `longitude_adresse`, `nomrue_adresse`, `numerorue_adresse`, `id_codepostal_tadresse`) VALUES (60, '48.8556523', NULL, '2.3867381000000023', 'Rue L?on Frot', '42', 11);
INSERT INTO `adresse` (`id_adresse`, `latitude_adresse`, `libelle_adresse`, `longitude_adresse`, `nomrue_adresse`, `numerorue_adresse`, `id_codepostal_tadresse`) VALUES (61, '48.7767435', NULL, '2.256897200000026', 'Avenue Charles de Gaulle', '88', 51);
INSERT INTO `adresse` (`id_adresse`, `latitude_adresse`, `libelle_adresse`, `longitude_adresse`, `nomrue_adresse`, `numerorue_adresse`, `id_codepostal_tadresse`) VALUES (62, '48.7852062', NULL, '2.2772767999999814', 'Avenue Raymond Croland', '64', 51);
INSERT INTO `adresse` (`id_adresse`, `latitude_adresse`, `libelle_adresse`, `longitude_adresse`, `nomrue_adresse`, `numerorue_adresse`, `id_codepostal_tadresse`) VALUES (63, '48.8250766', NULL, '2.2673174000000245', '65 Rue du Gouverneur G?n?ral ?bou?, 92130 Issy-les-Moulineaux, France', '65', 52);
INSERT INTO `adresse` (`id_adresse`, `latitude_adresse`, `libelle_adresse`, `longitude_adresse`, `nomrue_adresse`, `numerorue_adresse`, `id_codepostal_tadresse`) VALUES (64, '48.8178304', NULL, '2.259975700000041', 'Rue d\'Erevan', '54', 52);
INSERT INTO `adresse` (`id_adresse`, `latitude_adresse`, `libelle_adresse`, `longitude_adresse`, `nomrue_adresse`, `numerorue_adresse`, `id_codepostal_tadresse`) VALUES (65, '48.8209552', NULL, '2.3047854000000143', 'Avenue Pierre Larousse', '70', 57);
INSERT INTO `adresse` (`id_adresse`, `latitude_adresse`, `libelle_adresse`, `longitude_adresse`, `nomrue_adresse`, `numerorue_adresse`, `id_codepostal_tadresse`) VALUES (66, '48.8221097', NULL, '2.302066599999989', 'Rue Henri Martin', '6', 57);
INSERT INTO `adresse` (`id_adresse`, `latitude_adresse`, `libelle_adresse`, `longitude_adresse`, `nomrue_adresse`, `numerorue_adresse`, `id_codepostal_tadresse`) VALUES (67, '48.8121277', NULL, '2.3154632000000674', 'Avenue de la R?publique', '144', 58);
INSERT INTO `adresse` (`id_adresse`, `latitude_adresse`, `libelle_adresse`, `longitude_adresse`, `nomrue_adresse`, `numerorue_adresse`, `id_codepostal_tadresse`) VALUES (68, '48.8159541', NULL, '2.3118096000000605', 'Place Jean Jaur?s', '28', 58);
INSERT INTO `adresse` (`id_adresse`, `latitude_adresse`, `libelle_adresse`, `longitude_adresse`, `nomrue_adresse`, `numerorue_adresse`, `id_codepostal_tadresse`) VALUES (69, '48.8162604', NULL, '2.309271200000012', 'Avenue Verdier', '86', 58);
INSERT INTO `adresse` (`id_adresse`, `latitude_adresse`, `libelle_adresse`, `longitude_adresse`, `nomrue_adresse`, `numerorue_adresse`, `id_codepostal_tadresse`) VALUES (70, '48.8052259', NULL, '2.3381211999999323', 'av Paul Doumer', '27', 53);
INSERT INTO `adresse` (`id_adresse`, `latitude_adresse`, `libelle_adresse`, `longitude_adresse`, `nomrue_adresse`, `numerorue_adresse`, `id_codepostal_tadresse`) VALUES (71, '48.80198499999999', NULL, '2.331417999999985', 'Rue Emile Raspail', '35', 53);
INSERT INTO `adresse` (`id_adresse`, `latitude_adresse`, `libelle_adresse`, `longitude_adresse`, `nomrue_adresse`, `numerorue_adresse`, `id_codepostal_tadresse`) VALUES (72, '48.7863059', NULL, '2.3324261000000206', 'Avenue du Mar?chal de Lattre de Tassigny', '40', 54);
INSERT INTO `adresse` (`id_adresse`, `latitude_adresse`, `libelle_adresse`, `longitude_adresse`, `nomrue_adresse`, `numerorue_adresse`, `id_codepostal_tadresse`) VALUES (73, '48.79077710000001', NULL, '2.322505699999965', 'Rue d\'Alsace', '10', 54);
INSERT INTO `adresse` (`id_adresse`, `latitude_adresse`, `libelle_adresse`, `longitude_adresse`, `nomrue_adresse`, `numerorue_adresse`, `id_codepostal_tadresse`) VALUES (74, '48.81910299999999', NULL, '2.39301219999993', 'Rue Jean Jacques Rousseau', '15', 55);
INSERT INTO `adresse` (`id_adresse`, `latitude_adresse`, `libelle_adresse`, `longitude_adresse`, `nomrue_adresse`, `numerorue_adresse`, `id_codepostal_tadresse`) VALUES (75, '48.81419959999999', NULL, '2.4086075000000164', 'Rue Maurice Gunsbourg', '3', 55);
INSERT INTO `adresse` (`id_adresse`, `latitude_adresse`, `libelle_adresse`, `longitude_adresse`, `nomrue_adresse`, `numerorue_adresse`, `id_codepostal_tadresse`) VALUES (76, '48.816503', NULL, '2.3535501999999724', 'Avenue Gallieni', '7', 56);
INSERT INTO `adresse` (`id_adresse`, `latitude_adresse`, `libelle_adresse`, `longitude_adresse`, `nomrue_adresse`, `numerorue_adresse`, `id_codepostal_tadresse`) VALUES (77, '48.8159413', NULL, '2.351577300000031', '28 Rue Charles Fr?rot, 94250 Gentilly, France', '28', 56);
INSERT INTO `adresse` (`id_adresse`, `latitude_adresse`, `libelle_adresse`, `longitude_adresse`, `nomrue_adresse`, `numerorue_adresse`, `id_codepostal_tadresse`) VALUES (78, '48.8185685', NULL, '2.3068011999999953', 'Avenue du 12 F?vrier 1934', '102', 57);
INSERT INTO `adresse` (`id_adresse`, `latitude_adresse`, `libelle_adresse`, `longitude_adresse`, `nomrue_adresse`, `numerorue_adresse`, `id_codepostal_tadresse`) VALUES (79, '48.8153054', 'Maison', '2.315783799999963', 'Rue de Saisset', '7', 58);
INSERT INTO `adresse` (`id_adresse`, `latitude_adresse`, `libelle_adresse`, `longitude_adresse`, `nomrue_adresse`, `numerorue_adresse`, `id_codepostal_tadresse`) VALUES (80, '48.8305247', 'Travail', '2.3147165000000314', 'Rue de l\'Abb? Carton', '3', 14);
INSERT INTO `adresse` (`id_adresse`, `latitude_adresse`, `libelle_adresse`, `longitude_adresse`, `nomrue_adresse`, `numerorue_adresse`, `id_codepostal_tadresse`) VALUES (81, '48.870993', 'Maison', '2.338543', 'Rue d\'Amboise', '7', 12);
INSERT INTO `adresse` (`id_adresse`, `latitude_adresse`, `libelle_adresse`, `longitude_adresse`, `nomrue_adresse`, `numerorue_adresse`, `id_codepostal_tadresse`) VALUES (82, '48.8164171', 'Travail', '2.327170600000045', 'Boulevard du G?n?ral de Gaulle', '9', 58);
INSERT INTO `adresse` (`id_adresse`, `latitude_adresse`, `libelle_adresse`, `longitude_adresse`, `nomrue_adresse`, `numerorue_adresse`, `id_codepostal_tadresse`) VALUES (83, '48.821152', 'Maison', '2.311463', 'Rue Voltaire', '54', 57);
INSERT INTO `adresse` (`id_adresse`, `latitude_adresse`, `libelle_adresse`, `longitude_adresse`, `nomrue_adresse`, `numerorue_adresse`, `id_codepostal_tadresse`) VALUES (84, '48.853924', 'Travail', '2.324145', 'Rue de Varenne', '27', 7);


--
-- D?chargement des donn?es de la table `utilisateur`
--

INSERT INTO `utilisateur` (`type_utilisateur`, `id_utilisateur`, `mail_utilisateur`, `mdp_utilisateur`, `nom_utilisateur`, `prenom_utilisateur`, `identifiant_salarie`, `datedesinscription_nonsalarie`, `dateinscription_nonsalarie`, `tel1_nonsalarie`, `tel2_nonsalarie`, `bic_professionnel`, `iban_professionnel`, `identifiant_professionnel`, `raisonsociale_professionnel`, `siret_professionnel`, `descriptionbreve_producteur`, `descriptiondetaillee_producteur`, `photo_producteur`, `photocarree_producteur`, `tourneeReelleLivraison_id_tournee_theorique`, `tourneeReelleProducteur_id_tournee_theorique`) VALUES('pointrelais', 1, 'ufcv@gmail.com', 'pr1', 'Le Forge', 'Fran?ois', NULL, NULL, '2017-09-17 00:00:00', '01 75 89 63 41', NULL, NULL, NULL, 'pr1filetgarni', 'UFCV ILE-DE-FRANCE', '14369875213589', NULL, NULL, NULL, NULL, NULL, NULL);
INSERT INTO `utilisateur` (`type_utilisateur`, `id_utilisateur`, `mail_utilisateur`, `mdp_utilisateur`, `nom_utilisateur`, `prenom_utilisateur`, `identifiant_salarie`, `datedesinscription_nonsalarie`, `dateinscription_nonsalarie`, `tel1_nonsalarie`, `tel2_nonsalarie`, `bic_professionnel`, `iban_professionnel`, `identifiant_professionnel`, `raisonsociale_professionnel`, `siret_professionnel`, `descriptionbreve_producteur`, `descriptiondetaillee_producteur`, `photo_producteur`, `photocarree_producteur`, `tourneeReelleLivraison_id_tournee_theorique`, `tourneeReelleProducteur_id_tournee_theorique`) VALUES('pointrelais', 2, 'frca@gmail.com', 'pr2', 'Joutard', 'Damien', NULL, NULL, '2017-09-19 00:00:00', '01 23 58 74 69', NULL, NULL, NULL, 'pr2filetgarni', 'FRCA ILE DE FRANCE', '65875321467889', NULL, NULL, NULL, NULL, NULL, NULL);
INSERT INTO `utilisateur` (`type_utilisateur`, `id_utilisateur`, `mail_utilisateur`, `mdp_utilisateur`, `nom_utilisateur`, `prenom_utilisateur`, `identifiant_salarie`, `datedesinscription_nonsalarie`, `dateinscription_nonsalarie`, `tel1_nonsalarie`, `tel2_nonsalarie`, `bic_professionnel`, `iban_professionnel`, `identifiant_professionnel`, `raisonsociale_professionnel`, `siret_professionnel`, `descriptionbreve_producteur`, `descriptiondetaillee_producteur`, `photo_producteur`, `photocarree_producteur`, `tourneeReelleLivraison_id_tournee_theorique`, `tourneeReelleProducteur_id_tournee_theorique`) VALUES('pointrelais', 3, 'cap@gmail.com', 'pr3', 'Cohen', 'Sarah', NULL, NULL, '2017-09-19 00:00:00', '01 58 74 65 89', NULL, NULL, NULL, 'pr3filetgarni', 'CARREFOUR DES ASSOCIATIONS PARISIENNES', NULL, NULL, NULL, NULL, NULL, NULL, NULL);
INSERT INTO `utilisateur` (`type_utilisateur`, `id_utilisateur`, `mail_utilisateur`, `mdp_utilisateur`, `nom_utilisateur`, `prenom_utilisateur`, `identifiant_salarie`, `datedesinscription_nonsalarie`, `dateinscription_nonsalarie`, `tel1_nonsalarie`, `tel2_nonsalarie`, `bic_professionnel`, `iban_professionnel`, `identifiant_professionnel`, `raisonsociale_professionnel`, `siret_professionnel`, `descriptionbreve_producteur`, `descriptiondetaillee_producteur`, `photo_producteur`, `photocarree_producteur`, `tourneeReelleLivraison_id_tournee_theorique`, `tourneeReelleProducteur_id_tournee_theorique`) VALUES('pointrelais', 4, 'dbads@yahoo.fr', 'pr4', 'Deschamps', 'Nicolas', NULL, NULL, '2017-09-04 00:00:00', '01 78 69 45 12', NULL, NULL, NULL, 'pr4filetgarni', 'DU BEAU AVEC DU SENS', '25784556321447', NULL, NULL, NULL, NULL, NULL, NULL);
INSERT INTO `utilisateur` (`type_utilisateur`, `id_utilisateur`, `mail_utilisateur`, `mdp_utilisateur`, `nom_utilisateur`, `prenom_utilisateur`, `identifiant_salarie`, `datedesinscription_nonsalarie`, `dateinscription_nonsalarie`, `tel1_nonsalarie`, `tel2_nonsalarie`, `bic_professionnel`, `iban_professionnel`, `identifiant_professionnel`, `raisonsociale_professionnel`, `siret_professionnel`, `descriptionbreve_producteur`, `descriptiondetaillee_producteur`, `photo_producteur`, `photocarree_producteur`, `tourneeReelleLivraison_id_tournee_theorique`, `tourneeReelleProducteur_id_tournee_theorique`) VALUES('pointrelais', 5, 'cca@google.com', 'pr5', 'Delapierre', 'Jean-Marc', NULL, NULL, '2017-07-10 00:00:00', '01 45 69 87 23', NULL, NULL, NULL, 'pr5filetgarni', 'CR?DIT COOP AL?SIA', '57896585232547', NULL, NULL, NULL, NULL, NULL, NULL);
INSERT INTO `utilisateur` (`type_utilisateur`, `id_utilisateur`, `mail_utilisateur`, `mdp_utilisateur`, `nom_utilisateur`, `prenom_utilisateur`, `identifiant_salarie`, `datedesinscription_nonsalarie`, `dateinscription_nonsalarie`, `tel1_nonsalarie`, `tel2_nonsalarie`, `bic_professionnel`, `iban_professionnel`, `identifiant_professionnel`, `raisonsociale_professionnel`, `siret_professionnel`, `descriptionbreve_producteur`, `descriptiondetaillee_producteur`, `photo_producteur`, `photocarree_producteur`, `tourneeReelleLivraison_id_tournee_theorique`, `tourneeReelleProducteur_id_tournee_theorique`) VALUES('pointrelais', 6, 'coop_courcelle@gmail.com', 'pr6', 'Juliani', 'St?phane', NULL, NULL, '2017-09-17 00:00:00', '01 92 47 85 65', NULL, NULL, NULL, 'pr6filetgarni', 'COOP COURCELLE', '58964752135896', NULL, NULL, NULL, NULL, NULL, NULL);
INSERT INTO `utilisateur` (`type_utilisateur`, `id_utilisateur`, `mail_utilisateur`, `mdp_utilisateur`, `nom_utilisateur`, `prenom_utilisateur`, `identifiant_salarie`, `datedesinscription_nonsalarie`, `dateinscription_nonsalarie`, `tel1_nonsalarie`, `tel2_nonsalarie`, `bic_professionnel`, `iban_professionnel`, `identifiant_professionnel`, `raisonsociale_professionnel`, `siret_professionnel`, `descriptionbreve_producteur`, `descriptiondetaillee_producteur`, `photo_producteur`, `photocarree_producteur`, `tourneeReelleLivraison_id_tournee_theorique`, `tourneeReelleProducteur_id_tournee_theorique`) VALUES('pointrelais', 7, 'coop_nation@gmail.com', 'pr7', 'Debranchut', 'Isabelle', NULL, NULL, '2017-09-17 00:00:00', '01 56 78 95 41', NULL, NULL, NULL, 'pr7filetgarni', 'CREDIT COOP NATION', '23578954632587', NULL, NULL, NULL, NULL, NULL, NULL);
INSERT INTO `utilisateur` (`type_utilisateur`, `id_utilisateur`, `mail_utilisateur`, `mdp_utilisateur`, `nom_utilisateur`, `prenom_utilisateur`, `identifiant_salarie`, `datedesinscription_nonsalarie`, `dateinscription_nonsalarie`, `tel1_nonsalarie`, `tel2_nonsalarie`, `bic_professionnel`, `iban_professionnel`, `identifiant_professionnel`, `raisonsociale_professionnel`, `siret_professionnel`, `descriptionbreve_producteur`, `descriptiondetaillee_producteur`, `photo_producteur`, `photocarree_producteur`, `tourneeReelleLivraison_id_tournee_theorique`, `tourneeReelleProducteur_id_tournee_theorique`) VALUES('pointrelais', 8, 'coop_garedelest@gmail.com', 'pr8', 'Huet', 'Daniel', NULL, NULL, '2017-09-17 00:00:00', '01 25 78 96 33', NULL, NULL, NULL, 'pr8filetgarni', 'CREDIT COOP Gare de l\'Est', '23588977412365', NULL, NULL, NULL, NULL, NULL, NULL);
INSERT INTO `utilisateur` (`type_utilisateur`, `id_utilisateur`, `mail_utilisateur`, `mdp_utilisateur`, `nom_utilisateur`, `prenom_utilisateur`, `identifiant_salarie`, `datedesinscription_nonsalarie`, `dateinscription_nonsalarie`, `tel1_nonsalarie`, `tel2_nonsalarie`, `bic_professionnel`, `iban_professionnel`, `identifiant_professionnel`, `raisonsociale_professionnel`, `siret_professionnel`, `descriptionbreve_producteur`, `descriptiondetaillee_producteur`, `photo_producteur`, `photocarree_producteur`, `tourneeReelleLivraison_id_tournee_theorique`, `tourneeReelleProducteur_id_tournee_theorique`) VALUES('pointrelais', 9, 'coop_opera@gmail.com', 'pr9', 'Le Qu?au', 'Alain', NULL, NULL, '2017-09-17 00:00:00', '01 79 58 46 25', NULL, NULL, NULL, 'pr9filetgarni', 'CREDIT COOP Opera', '57896325412145', NULL, NULL, NULL, NULL, NULL, NULL);
INSERT INTO `utilisateur` (`type_utilisateur`, `id_utilisateur`, `mail_utilisateur`, `mdp_utilisateur`, `nom_utilisateur`, `prenom_utilisateur`, `identifiant_salarie`, `datedesinscription_nonsalarie`, `dateinscription_nonsalarie`, `tel1_nonsalarie`, `tel2_nonsalarie`, `bic_professionnel`, `iban_professionnel`, `identifiant_professionnel`, `raisonsociale_professionnel`, `siret_professionnel`, `descriptionbreve_producteur`, `descriptiondetaillee_producteur`, `photo_producteur`, `photocarree_producteur`, `tourneeReelleLivraison_id_tournee_theorique`, `tourneeReelleProducteur_id_tournee_theorique`) VALUES('pointrelais', 10, 'sourire@gmail.com', 'pr10', 'Elias', 'Luciana', NULL, NULL, '2017-09-17 00:00:00', '01 78 41 42 36', NULL, NULL, NULL, 'pr10filetgarni', 'Le Sourire Multicolors', '15482697521364', NULL, NULL, NULL, NULL, NULL, NULL);
INSERT INTO `utilisateur` (`type_utilisateur`, `id_utilisateur`, `mail_utilisateur`, `mdp_utilisateur`, `nom_utilisateur`, `prenom_utilisateur`, `identifiant_salarie`, `datedesinscription_nonsalarie`, `dateinscription_nonsalarie`, `tel1_nonsalarie`, `tel2_nonsalarie`, `bic_professionnel`, `iban_professionnel`, `identifiant_professionnel`, `raisonsociale_professionnel`, `siret_professionnel`, `descriptionbreve_producteur`, `descriptiondetaillee_producteur`, `photo_producteur`, `photocarree_producteur`, `tourneeReelleLivraison_id_tournee_theorique`, `tourneeReelleProducteur_id_tournee_theorique`) VALUES('pointrelais', 11, 'astrolab@yahoo.fr', 'pr11', 'Cornouaillaux', 'Louis', NULL, NULL, '2017-09-17 00:00:00', '01 95 78 41 22', NULL, NULL, NULL, 'pr11filetgarni', 'ASTROLAB', '78965412358741', NULL, NULL, NULL, NULL, NULL, NULL);
INSERT INTO `utilisateur` (`type_utilisateur`, `id_utilisateur`, `mail_utilisateur`, `mdp_utilisateur`, `nom_utilisateur`, `prenom_utilisateur`, `identifiant_salarie`, `datedesinscription_nonsalarie`, `dateinscription_nonsalarie`, `tel1_nonsalarie`, `tel2_nonsalarie`, `bic_professionnel`, `iban_professionnel`, `identifiant_professionnel`, `raisonsociale_professionnel`, `siret_professionnel`, `descriptionbreve_producteur`, `descriptiondetaillee_producteur`, `photo_producteur`, `photocarree_producteur`, `tourneeReelleLivraison_id_tournee_theorique`, `tourneeReelleProducteur_id_tournee_theorique`) VALUES('pointrelais', 12, 'fnars@laposte.net', 'pr12', 'Le Bris', 'Jacques', NULL, NULL, '2017-09-17 00:00:00', '01 39 95 42 78', NULL, NULL, NULL, 'pr12filetgarni', 'FNARS ILE DE FRANCE', '58967435621456', NULL, NULL, NULL, NULL, NULL, NULL);
INSERT INTO `utilisateur` (`type_utilisateur`, `id_utilisateur`, `mail_utilisateur`, `mdp_utilisateur`, `nom_utilisateur`, `prenom_utilisateur`, `identifiant_salarie`, `datedesinscription_nonsalarie`, `dateinscription_nonsalarie`, `tel1_nonsalarie`, `tel2_nonsalarie`, `bic_professionnel`, `iban_professionnel`, `identifiant_professionnel`, `raisonsociale_professionnel`, `siret_professionnel`, `descriptionbreve_producteur`, `descriptiondetaillee_producteur`, `photo_producteur`, `photocarree_producteur`, `tourneeReelleLivraison_id_tournee_theorique`, `tourneeReelleProducteur_id_tournee_theorique`) VALUES('pointrelais', 13, 'coopaname@laposte.net', 'pr13', 'Cauchon', 'Julien', NULL, NULL, '2017-09-17 00:00:00', '01 27 84 74 71', NULL, NULL, NULL, 'pr13filetgarni', 'COOPANAME', '36579854219655', NULL, NULL, NULL, NULL, NULL, NULL);
INSERT INTO `utilisateur` (`type_utilisateur`, `id_utilisateur`, `mail_utilisateur`, `mdp_utilisateur`, `nom_utilisateur`, `prenom_utilisateur`, `identifiant_salarie`, `datedesinscription_nonsalarie`, `dateinscription_nonsalarie`, `tel1_nonsalarie`, `tel2_nonsalarie`, `bic_professionnel`, `iban_professionnel`, `identifiant_professionnel`, `raisonsociale_professionnel`, `siret_professionnel`, `descriptionbreve_producteur`, `descriptiondetaillee_producteur`, `photo_producteur`, `photocarree_producteur`, `tourneeReelleLivraison_id_tournee_theorique`, `tourneeReelleProducteur_id_tournee_theorique`) VALUES('pointrelais', 14, 'ethik_concept@gmail.com', 'pr14', 'Garantal', 'Julie', NULL, NULL, '2017-09-17 00:00:00', '01 25 36 74 54', NULL, NULL, NULL, 'pr14filetgarni', 'ETHIK CONCEPT', '52348657895214', NULL, NULL, NULL, NULL, NULL, NULL);
INSERT INTO `utilisateur` (`type_utilisateur`, `id_utilisateur`, `mail_utilisateur`, `mdp_utilisateur`, `nom_utilisateur`, `prenom_utilisateur`, `identifiant_salarie`, `datedesinscription_nonsalarie`, `dateinscription_nonsalarie`, `tel1_nonsalarie`, `tel2_nonsalarie`, `bic_professionnel`, `iban_professionnel`, `identifiant_professionnel`, `raisonsociale_professionnel`, `siret_professionnel`, `descriptionbreve_producteur`, `descriptiondetaillee_producteur`, `photo_producteur`, `photocarree_producteur`, `tourneeReelleLivraison_id_tournee_theorique`, `tourneeReelleProducteur_id_tournee_theorique`) VALUES('pointrelais', 15, 'bandb@gmail.com', 'pr15', 'Ricoul', 'Bruno', NULL, NULL, '2017-09-17 00:00:00', '01 45 54 87 78', NULL, NULL, NULL, 'pr15filetgarni', 'B et B Boutique', '25798431687952', NULL, NULL, NULL, NULL, NULL, NULL);
INSERT INTO `utilisateur` (`type_utilisateur`, `id_utilisateur`, `mail_utilisateur`, `mdp_utilisateur`, `nom_utilisateur`, `prenom_utilisateur`, `identifiant_salarie`, `datedesinscription_nonsalarie`, `dateinscription_nonsalarie`, `tel1_nonsalarie`, `tel2_nonsalarie`, `bic_professionnel`, `iban_professionnel`, `identifiant_professionnel`, `raisonsociale_professionnel`, `siret_professionnel`, `descriptionbreve_producteur`, `descriptiondetaillee_producteur`, `photo_producteur`, `photocarree_producteur`, `tourneeReelleLivraison_id_tournee_theorique`, `tourneeReelleProducteur_id_tournee_theorique`) VALUES('pointrelais', 16, 'arcadi@yahoo.fr', 'pr16', 'Deslandes', 'Gilles', NULL, NULL, '2017-09-17 00:00:00', '01 78 45 63 21', NULL, NULL, NULL, 'pr16filetgarni', 'ARCADI', '54785321856578', NULL, NULL, NULL, NULL, NULL, NULL);
INSERT INTO `utilisateur` (`type_utilisateur`, `id_utilisateur`, `mail_utilisateur`, `mdp_utilisateur`, `nom_utilisateur`, `prenom_utilisateur`, `identifiant_salarie`, `datedesinscription_nonsalarie`, `dateinscription_nonsalarie`, `tel1_nonsalarie`, `tel2_nonsalarie`, `bic_professionnel`, `iban_professionnel`, `identifiant_professionnel`, `raisonsociale_professionnel`, `siret_professionnel`, `descriptionbreve_producteur`, `descriptiondetaillee_producteur`, `photo_producteur`, `photocarree_producteur`, `tourneeReelleLivraison_id_tournee_theorique`, `tourneeReelleProducteur_id_tournee_theorique`) VALUES('pointrelais', 17, 'altermundi_paris@yahoo.com', 'pr17', 'Oger', 'Cyriac', NULL, NULL, '2017-09-17 00:00:00', '01 72 65 89 31', NULL, NULL, NULL, 'pr17filetgarni', 'ALTERMUNDI', '25487963258741', NULL, NULL, NULL, NULL, NULL, NULL);
INSERT INTO `utilisateur` (`type_utilisateur`, `id_utilisateur`, `mail_utilisateur`, `mdp_utilisateur`, `nom_utilisateur`, `prenom_utilisateur`, `identifiant_salarie`, `datedesinscription_nonsalarie`, `dateinscription_nonsalarie`, `tel1_nonsalarie`, `tel2_nonsalarie`, `bic_professionnel`, `iban_professionnel`, `identifiant_professionnel`, `raisonsociale_professionnel`, `siret_professionnel`, `descriptionbreve_producteur`, `descriptiondetaillee_producteur`, `photo_producteur`, `photocarree_producteur`, `tourneeReelleLivraison_id_tournee_theorique`, `tourneeReelleProducteur_id_tournee_theorique`) VALUES('pointrelais', 18, 'teva13@gmail.com', 'pr18', 'Safourde', 'Nathalie', NULL, NULL, '2017-09-17 00:00:00', '01 58 79 67 19', NULL, NULL, NULL, 'pr18filetgarni', 'TEVA13', '25796321478563', NULL, NULL, NULL, NULL, NULL, NULL);
INSERT INTO `utilisateur` (`type_utilisateur`, `id_utilisateur`, `mail_utilisateur`, `mdp_utilisateur`, `nom_utilisateur`, `prenom_utilisateur`, `identifiant_salarie`, `datedesinscription_nonsalarie`, `dateinscription_nonsalarie`, `tel1_nonsalarie`, `tel2_nonsalarie`, `bic_professionnel`, `iban_professionnel`, `identifiant_professionnel`, `raisonsociale_professionnel`, `siret_professionnel`, `descriptionbreve_producteur`, `descriptiondetaillee_producteur`, `photo_producteur`, `photocarree_producteur`, `tourneeReelleLivraison_id_tournee_theorique`, `tourneeReelleProducteur_id_tournee_theorique`) VALUES('pointrelais', 19, 'fafrad@laposte.net', 'pr19', 'Sa?di', 'Sonia', NULL, NULL, '2017-09-17 00:00:00', '01 97 46 31 28', NULL, NULL, NULL, 'pr19filetgarni', 'Verve noire Fafrad', '37914682546827', NULL, NULL, NULL, NULL, NULL, NULL);
INSERT INTO `utilisateur` (`type_utilisateur`, `id_utilisateur`, `mail_utilisateur`, `mdp_utilisateur`, `nom_utilisateur`, `prenom_utilisateur`, `identifiant_salarie`, `datedesinscription_nonsalarie`, `dateinscription_nonsalarie`, `tel1_nonsalarie`, `tel2_nonsalarie`, `bic_professionnel`, `iban_professionnel`, `identifiant_professionnel`, `raisonsociale_professionnel`, `siret_professionnel`, `descriptionbreve_producteur`, `descriptiondetaillee_producteur`, `photo_producteur`, `photocarree_producteur`, `tourneeReelleLivraison_id_tournee_theorique`, `tourneeReelleProducteur_id_tournee_theorique`) VALUES('pointrelais', 20, 'amap_reunion', 'pr20', 'Legrand', 'Benjamin', NULL, NULL, '2017-09-17 00:00:00', '01 57 48 96 32', NULL, NULL, NULL, 'pr20filetgarni', 'AMAP REUNION', '45687921378952', NULL, NULL, NULL, NULL, NULL, NULL);
INSERT INTO `utilisateur` (`type_utilisateur`, `id_utilisateur`, `mail_utilisateur`, `mdp_utilisateur`, `nom_utilisateur`, `prenom_utilisateur`, `identifiant_salarie`, `datedesinscription_nonsalarie`, `dateinscription_nonsalarie`, `tel1_nonsalarie`, `tel2_nonsalarie`, `bic_professionnel`, `iban_professionnel`, `identifiant_professionnel`, `raisonsociale_professionnel`, `siret_professionnel`, `descriptionbreve_producteur`, `descriptiondetaillee_producteur`, `photo_producteur`, `photocarree_producteur`, `tourneeReelleLivraison_id_tournee_theorique`, `tourneeReelleProducteur_id_tournee_theorique`) VALUES('producteur', 21, 'ruchesurbaines@gmail.com', 'ruchesurbaines', 'Martin', 'Georges', NULL, NULL, NULL, '01 29 41 45 10', NULL, NULL, NULL, 'ruchesurbaines', 'R?ches Urbaines', NULL, 'Apiculteur r?coltant', 'Apiculteur r?coltant, je g?re aujourd\'hui 80 ruches et contribue ? une apiculture locale et respectueuse de l?environnement en Ile-de-France. Notre miel est produit sur 3 sites : le Parc de Sceaux, le Ch?teau de Courances et la for?t de Fontainebleau, o? notre production est en cours de certification biologique.', 'producteur_id21.jpg', 'cproducteur_id21.jpg', NULL, NULL);
INSERT INTO `utilisateur` (`type_utilisateur`, `id_utilisateur`, `mail_utilisateur`, `mdp_utilisateur`, `nom_utilisateur`, `prenom_utilisateur`, `identifiant_salarie`, `datedesinscription_nonsalarie`, `dateinscription_nonsalarie`, `tel1_nonsalarie`, `tel2_nonsalarie`, `bic_professionnel`, `iban_professionnel`, `identifiant_professionnel`, `raisonsociale_professionnel`, `siret_professionnel`, `descriptionbreve_producteur`, `descriptiondetaillee_producteur`, `photo_producteur`, `photocarree_producteur`, `tourneeReelleLivraison_id_tournee_theorique`, `tourneeReelleProducteur_id_tournee_theorique`) VALUES('producteur', 22, 'chateauengerran@yahoo.fr', 'chateauengarran', 'Roux', 'Bernard', NULL, NULL, NULL, '01 85 78 45 96', NULL, NULL, NULL, 'chateauengarran', 'Ch?teau de l\'Engarran', NULL, 'Producteur de vins', NULL, 'producteur_id22.jpg', 'cproducteur_id22.jpg', NULL, NULL);
INSERT INTO `utilisateur` (`type_utilisateur`, `id_utilisateur`, `mail_utilisateur`, `mdp_utilisateur`, `nom_utilisateur`, `prenom_utilisateur`, `identifiant_salarie`, `datedesinscription_nonsalarie`, `dateinscription_nonsalarie`, `tel1_nonsalarie`, `tel2_nonsalarie`, `bic_professionnel`, `iban_professionnel`, `identifiant_professionnel`, `raisonsociale_professionnel`, `siret_professionnel`, `descriptionbreve_producteur`, `descriptiondetaillee_producteur`, `photo_producteur`, `photocarree_producteur`, `tourneeReelleLivraison_id_tournee_theorique`, `tourneeReelleProducteur_id_tournee_theorique`) VALUES('producteur', 23, 'kanabou@yahoo.com', 'kanabou', 'Durand', 'Fabrice', NULL, NULL, NULL, '01 78 45 21 10', NULL, NULL, NULL, 'kanabou', 'Kanabou', NULL, 'Producteur de l?gumes', NULL, 'producteur_id23.jpg', 'cproducteur_id23.jpg', NULL, NULL);
INSERT INTO `utilisateur` (`type_utilisateur`, `id_utilisateur`, `mail_utilisateur`, `mdp_utilisateur`, `nom_utilisateur`, `prenom_utilisateur`, `identifiant_salarie`, `datedesinscription_nonsalarie`, `dateinscription_nonsalarie`, `tel1_nonsalarie`, `tel2_nonsalarie`, `bic_professionnel`, `iban_professionnel`, `identifiant_professionnel`, `raisonsociale_professionnel`, `siret_professionnel`, `descriptionbreve_producteur`, `descriptiondetaillee_producteur`, `photo_producteur`, `photocarree_producteur`, `tourneeReelleLivraison_id_tournee_theorique`, `tourneeReelleProducteur_id_tournee_theorique`) VALUES('producteur', 24, 'damolini', 'damolini', 'Marchand', 'Jules', NULL, NULL, NULL, '01 45 46 17 80', NULL, NULL, NULL, 'damolini', 'Damolini Bonduelle', NULL, 'Producteur de fruits', NULL, 'producteur_id24.jpg', 'cproducteur_id24.jpg', NULL, NULL);
INSERT INTO `utilisateur` (`type_utilisateur`, `id_utilisateur`, `mail_utilisateur`, `mdp_utilisateur`, `nom_utilisateur`, `prenom_utilisateur`, `identifiant_salarie`, `datedesinscription_nonsalarie`, `dateinscription_nonsalarie`, `tel1_nonsalarie`, `tel2_nonsalarie`, `bic_professionnel`, `iban_professionnel`, `identifiant_professionnel`, `raisonsociale_professionnel`, `siret_professionnel`, `descriptionbreve_producteur`, `descriptiondetaillee_producteur`, `photo_producteur`, `photocarree_producteur`, `tourneeReelleLivraison_id_tournee_theorique`, `tourneeReelleProducteur_id_tournee_theorique`) VALUES('producteur', 25, 'marcoussis@gmail.com', 'marcoussis', 'Giroud', 'Martin', NULL, NULL, NULL, '01 45 26 10 45', NULL, NULL, NULL, 'marcoussis', 'Potagers de Marcoussis', NULL, 'Producteur de l?gumes', 'Chantier d\'insertion professionnel par le mara?chage biologique et la transformation alimentaire (Conserverie Coop?rative de Marcoussis)', 'producteur_id25.jpg', 'cproducteur_id25.jpg', NULL, NULL);
INSERT INTO `utilisateur` (`type_utilisateur`, `id_utilisateur`, `mail_utilisateur`, `mdp_utilisateur`, `nom_utilisateur`, `prenom_utilisateur`, `identifiant_salarie`, `datedesinscription_nonsalarie`, `dateinscription_nonsalarie`, `tel1_nonsalarie`, `tel2_nonsalarie`, `bic_professionnel`, `iban_professionnel`, `identifiant_professionnel`, `raisonsociale_professionnel`, `siret_professionnel`, `descriptionbreve_producteur`, `descriptiondetaillee_producteur`, `photo_producteur`, `photocarree_producteur`, `tourneeReelleLivraison_id_tournee_theorique`, `tourneeReelleProducteur_id_tournee_theorique`) VALUES('producteur', 26, 'courances@laposte.net', 'courances', 'Morin', 'Elizabeth', NULL, NULL, NULL, '01 78 45 12 15', NULL, NULL, NULL, 'courances', 'Les Jardins de Courances', NULL, 'Productrice de fruits', 'L?gumes, fruits fleurs et aromatiques du potager biologique du ch?teau de Courances c?l?bre pour son parc et ses jardins d\'eaux et de la plaine en conversion AB.  Le potager de trois hectares clos de murs certifi? biologique en 2015 est le point de d?part d\'une grande aventure agro-culturelle initi?e par Valentine de Ganay : elle se d?veloppe aujourd\'hui dans la plaine agricole entre Courances et Fleury en cours de conversion ? l\'agriculture biologique, avec l\'ambition de nourrir une partie de la r?gion parisienne de produits frais, sains et savoureux et de d?velopper un mod?le agricole esth?tique et vertueux.', 'producteur_id26.jpg', 'cproducteur_id26.jpg', NULL, NULL);
INSERT INTO `utilisateur` (`type_utilisateur`, `id_utilisateur`, `mail_utilisateur`, `mdp_utilisateur`, `nom_utilisateur`, `prenom_utilisateur`, `identifiant_salarie`, `datedesinscription_nonsalarie`, `dateinscription_nonsalarie`, `tel1_nonsalarie`, `tel2_nonsalarie`, `bic_professionnel`, `iban_professionnel`, `identifiant_professionnel`, `raisonsociale_professionnel`, `siret_professionnel`, `descriptionbreve_producteur`, `descriptiondetaillee_producteur`, `photo_producteur`, `photocarree_producteur`, `tourneeReelleLivraison_id_tournee_theorique`, `tourneeReelleProducteur_id_tournee_theorique`) VALUES('producteur', 27, 'gaec@yahoo.fr', 'gaec', 'Gaec', 'Louise', NULL, NULL, NULL, '01 78 52 16 41', NULL, NULL, NULL, 'gaec', 'Gaec famille Pigeon', NULL, 'Productrice d\'?ufs et de produits fermiers', 'Exploitation c?r?ali?re atelier de diversification de poules pondeuses de plein air cr?e en avril 2015 pour vente directe ? la ferme et circuits courts.', 'producteur_id27.jpg', 'cproducteur_id27.jpg', NULL, NULL);
INSERT INTO `utilisateur` (`type_utilisateur`, `id_utilisateur`, `mail_utilisateur`, `mdp_utilisateur`, `nom_utilisateur`, `prenom_utilisateur`, `identifiant_salarie`, `datedesinscription_nonsalarie`, `dateinscription_nonsalarie`, `tel1_nonsalarie`, `tel2_nonsalarie`, `bic_professionnel`, `iban_professionnel`, `identifiant_professionnel`, `raisonsociale_professionnel`, `siret_professionnel`, `descriptionbreve_producteur`, `descriptiondetaillee_producteur`, `photo_producteur`, `photocarree_producteur`, `tourneeReelleLivraison_id_tournee_theorique`, `tourneeReelleProducteur_id_tournee_theorique`) VALUES('producteur', 28, 'godefroy@gmail.fr', 'godefroy', 'Roussel', 'Jean', NULL, NULL, NULL, '01 56 89 45 10', NULL, NULL, NULL, 'godefroy', 'Godefroy', NULL, 'Producteur de pommes', 'PRODUCTEUR DE POMMES BIOLOGIQUES CERTIFIE ECOCERT. TOUS DERIVEES DE LA POMMES: POMMES A COUTEAUX, jus de pommes, cidres, confitures et compotes.', 'producteur_id28.jpg', 'cproducteur_id28.jpg', NULL, NULL);
INSERT INTO `utilisateur` (`type_utilisateur`, `id_utilisateur`, `mail_utilisateur`, `mdp_utilisateur`, `nom_utilisateur`, `prenom_utilisateur`, `identifiant_salarie`, `datedesinscription_nonsalarie`, `dateinscription_nonsalarie`, `tel1_nonsalarie`, `tel2_nonsalarie`, `bic_professionnel`, `iban_professionnel`, `identifiant_professionnel`, `raisonsociale_professionnel`, `siret_professionnel`, `descriptionbreve_producteur`, `descriptiondetaillee_producteur`, `photo_producteur`, `photocarree_producteur`, `tourneeReelleLivraison_id_tournee_theorique`, `tourneeReelleProducteur_id_tournee_theorique`) VALUES('producteur', 29, 'marcault@laposte.net', 'marcault', 'Perrin', 'Nicolas', NULL, NULL, NULL, '01 78 59 41 20', NULL, NULL, NULL, 'marcault', 'Le Marcault', NULL, 'Producteur de l?gumes', NULL, 'producteur_id29.jpg', 'cproducteur_id29.jpg', NULL, NULL);
INSERT INTO `utilisateur` (`type_utilisateur`, `id_utilisateur`, `mail_utilisateur`, `mdp_utilisateur`, `nom_utilisateur`, `prenom_utilisateur`, `identifiant_salarie`, `datedesinscription_nonsalarie`, `dateinscription_nonsalarie`, `tel1_nonsalarie`, `tel2_nonsalarie`, `bic_professionnel`, `iban_professionnel`, `identifiant_professionnel`, `raisonsociale_professionnel`, `siret_professionnel`, `descriptionbreve_producteur`, `descriptiondetaillee_producteur`, `photo_producteur`, `photocarree_producteur`, `tourneeReelleLivraison_id_tournee_theorique`, `tourneeReelleProducteur_id_tournee_theorique`) VALUES('producteur', 30, 'orzeau@gmail.com', 'orzeau', 'Faure', 'Michel', NULL, NULL, NULL, '01 45 96 20 45', NULL, NULL, NULL, 'orzeau', 'Au d?lices du Moulin d\'Orzeau', NULL, 'Producteur de miel', 'Nous proposons exclusivement des miels issus de nos ruchers situ?s ? proximit? de Tessancourt sur Aubette (VEXIN). Nos miels ne sont ? aucun moment chauff?s. Aucun sucre ou sirop de glucose/fructose n\'est ajout? ? nos miels. Les ruches ne sont jamais soumis aux traitements ? base de mol?cules chimiques (amitraze) contre le varroa. Nous vous proposons des miels de fleurs sauvages, de printemps, du Vexin, de tilleul, de ch?taignier ou de chataignier-roncier ainsi que des pr?parations ? base de miel. Nos miels sont liquides, cr?meux, ou encore cristallis?s suivant les nectars butin?s et la saison.', 'producteur_id30.jpg', 'cproducteur_id30.jpg', NULL, NULL);
INSERT INTO `utilisateur` (`type_utilisateur`, `id_utilisateur`, `mail_utilisateur`, `mdp_utilisateur`, `nom_utilisateur`, `prenom_utilisateur`, `identifiant_salarie`, `datedesinscription_nonsalarie`, `dateinscription_nonsalarie`, `tel1_nonsalarie`, `tel2_nonsalarie`, `bic_professionnel`, `iban_professionnel`, `identifiant_professionnel`, `raisonsociale_professionnel`, `siret_professionnel`, `descriptionbreve_producteur`, `descriptiondetaillee_producteur`, `photo_producteur`, `photocarree_producteur`, `tourneeReelleLivraison_id_tournee_theorique`, `tourneeReelleProducteur_id_tournee_theorique`) VALUES('producteur', 31, 'huniere@gmail.com', 'huniere', 'Bourgeois', 'Pascal', NULL, NULL, NULL, '01 89 74 52 30', NULL, NULL, NULL, 'huniere', 'Earl de la Huni?re', NULL, 'Producteur d\'?ufs ', NULL, 'producteur_id31.jpg', 'cproducteur_id31.jpg', NULL, NULL);
INSERT INTO `utilisateur` (`type_utilisateur`, `id_utilisateur`, `mail_utilisateur`, `mdp_utilisateur`, `nom_utilisateur`, `prenom_utilisateur`, `identifiant_salarie`, `datedesinscription_nonsalarie`, `dateinscription_nonsalarie`, `tel1_nonsalarie`, `tel2_nonsalarie`, `bic_professionnel`, `iban_professionnel`, `identifiant_professionnel`, `raisonsociale_professionnel`, `siret_professionnel`, `descriptionbreve_producteur`, `descriptiondetaillee_producteur`, `photo_producteur`, `photocarree_producteur`, `tourneeReelleLivraison_id_tournee_theorique`, `tourneeReelleProducteur_id_tournee_theorique`) VALUES('producteur', 32, 'plaisirs@yahoo.fr', 'plaisirs', 'Boyer', 'Arnaud', NULL, NULL, NULL, '01 48 78 96 20', NULL, NULL, NULL, 'plaisirs', 'Earl les Plaisirs du Jardin', NULL, 'Producteur de l?gumes', 'Nous sommes producteurs mara?chers, dans la zone mara?ch?re de Cergy, au bord de l?Oise. Nous cultivons environ 140 vari?t?s de l?gumes, de fruits et de fruits rouges sur une surface de pr?s de 12 Ha. Nous distribuons ces r?coltes sous forme de paniers. Nous avons le label AB Agriculture Biologique (depuis 2009) et pratiquons la biodynamie (label DEMETER depuis 2013).', 'producteur_id32.jpg', 'cproducteur_id32.jpg', NULL, NULL);
INSERT INTO `utilisateur` (`type_utilisateur`, `id_utilisateur`, `mail_utilisateur`, `mdp_utilisateur`, `nom_utilisateur`, `prenom_utilisateur`, `identifiant_salarie`, `datedesinscription_nonsalarie`, `dateinscription_nonsalarie`, `tel1_nonsalarie`, `tel2_nonsalarie`, `bic_professionnel`, `iban_professionnel`, `identifiant_professionnel`, `raisonsociale_professionnel`, `siret_professionnel`, `descriptionbreve_producteur`, `descriptiondetaillee_producteur`, `photo_producteur`, `photocarree_producteur`, `tourneeReelleLivraison_id_tournee_theorique`, `tourneeReelleProducteur_id_tournee_theorique`) VALUES('producteur', 33, 'arche@gmail.com', 'arche', 'Lefevre', 'Laurent', NULL, NULL, NULL, '01 78 52 36 90', NULL, NULL, NULL, 'arche', 'Ferme de l\'Arche', NULL, 'Producteur de lait', 'La Ferme de l\'Arche vous propose depuis plus de 10 ans du lait de nos vaches.', 'producteur_id33.jpg', 'cproducteur_id33.jpg', NULL, NULL);
INSERT INTO `utilisateur` (`type_utilisateur`, `id_utilisateur`, `mail_utilisateur`, `mdp_utilisateur`, `nom_utilisateur`, `prenom_utilisateur`, `identifiant_salarie`, `datedesinscription_nonsalarie`, `dateinscription_nonsalarie`, `tel1_nonsalarie`, `tel2_nonsalarie`, `bic_professionnel`, `iban_professionnel`, `identifiant_professionnel`, `raisonsociale_professionnel`, `siret_professionnel`, `descriptionbreve_producteur`, `descriptiondetaillee_producteur`, `photo_producteur`, `photocarree_producteur`, `tourneeReelleLivraison_id_tournee_theorique`, `tourneeReelleProducteur_id_tournee_theorique`) VALUES('producteur', 34, 'luat@gmail.com', 'luat', 'Dumas', 'Alexandra', NULL, NULL, NULL, '01 56 23 10 45', NULL, NULL, NULL, 'luat', 'Les Vergers du Luat', NULL, 'Productrice de pommes', NULL, 'producteur_id34.jpg', 'cproducteur_id34.jpg', NULL, NULL);
INSERT INTO `utilisateur` (`type_utilisateur`, `id_utilisateur`, `mail_utilisateur`, `mdp_utilisateur`, `nom_utilisateur`, `prenom_utilisateur`, `identifiant_salarie`, `datedesinscription_nonsalarie`, `dateinscription_nonsalarie`, `tel1_nonsalarie`, `tel2_nonsalarie`, `bic_professionnel`, `iban_professionnel`, `identifiant_professionnel`, `raisonsociale_professionnel`, `siret_professionnel`, `descriptionbreve_producteur`, `descriptiondetaillee_producteur`, `photo_producteur`, `photocarree_producteur`, `tourneeReelleLivraison_id_tournee_theorique`, `tourneeReelleProducteur_id_tournee_theorique`) VALUES('producteur', 35, 'ly@yahoo.fr', 'lykevin', 'Ly', 'K?vin', NULL, NULL, NULL, '01 54 12 96 53', NULL, NULL, NULL, 'chaillotine', 'La Ferme de Ly', NULL, 'Producteur de fruits', NULL, 'producteur_id35.jpg', 'cproducteur_id35.jpg', NULL, NULL);
INSERT INTO `utilisateur` (`type_utilisateur`, `id_utilisateur`, `mail_utilisateur`, `mdp_utilisateur`, `nom_utilisateur`, `prenom_utilisateur`, `identifiant_salarie`, `datedesinscription_nonsalarie`, `dateinscription_nonsalarie`, `tel1_nonsalarie`, `tel2_nonsalarie`, `bic_professionnel`, `iban_professionnel`, `identifiant_professionnel`, `raisonsociale_professionnel`, `siret_professionnel`, `descriptionbreve_producteur`, `descriptiondetaillee_producteur`, `photo_producteur`, `photocarree_producteur`, `tourneeReelleLivraison_id_tournee_theorique`, `tourneeReelleProducteur_id_tournee_theorique`) VALUES('producteur', 36, 'gatinorge@yahoo.fr', 'gatinorge', 'Dufour', 'Gr?goire', NULL, NULL, NULL, '01 65 12 45 60', NULL, NULL, NULL, 'gatinorge', 'SARL Gatinorge', NULL, 'Producteur de bi?res', 'Notre Bi?re est n?e du terroir du G?tinais en l?an 2000. A l?initiative d?un groupe d?agriculteurs, producteurs d?orge, amoureux de leur m?tier. Notre but est de valoriser une production r?gionale de renomm?e : l?orge brassicole du G?tinais. Notre projet a ?t? de ? cr?er une bi?re identifi?e ? un m?tier et ? un terroir ?. Du champ d?orge ? la G?tine, la tra?abilit? est assur?e. La G?tine est une bi?re artisanale, riche en malt, non filtr?e, non pasteuris?e. La fermentation haute, caract?ristique du brassage ? l?ancienne, lib?re les ar?mes de la G?tine. Elle parfait son bouquet gr?ce ? la refermentation en bouteille. La G?tine est une bi?re sur lie, l?g?re et digeste, la levure que l?on observe dans le fond de la bouteille est symbole de qualit?. Notre bi?re fait partie des produits du terroir de SEINE ET MARNE.', 'producteur_id36.jpg', 'cproducteur_id36.jpg', NULL, NULL);
INSERT INTO `utilisateur` (`type_utilisateur`, `id_utilisateur`, `mail_utilisateur`, `mdp_utilisateur`, `nom_utilisateur`, `prenom_utilisateur`, `identifiant_salarie`, `datedesinscription_nonsalarie`, `dateinscription_nonsalarie`, `tel1_nonsalarie`, `tel2_nonsalarie`, `bic_professionnel`, `iban_professionnel`, `identifiant_professionnel`, `raisonsociale_professionnel`, `siret_professionnel`, `descriptionbreve_producteur`, `descriptiondetaillee_producteur`, `photo_producteur`, `photocarree_producteur`, `tourneeReelleLivraison_id_tournee_theorique`, `tourneeReelleProducteur_id_tournee_theorique`) VALUES('producteur', 37, 'rouilly@gmail.com', 'rouilly', 'Bailly', 'Laura', NULL, NULL, NULL, '01 47 52 13 15', NULL, NULL, NULL, 'rouilly', 'Ferme de Rouilly Le Bas', NULL, 'Productrice de lait', 'Je suis ?leveuse de Charolaise, elles passent 7 mois de l\'ann?e au pr? et sont rentr?s en hiver. Les vaches laiti?res mangent des aliments produits sur la ferme (betterave, bl?, lin, foin...). Les animaux sont n?s, ?lev?s en seine et marne. ', 'producteur_id37.jpg', 'cproducteur_id37.jpg', NULL, NULL);
INSERT INTO `utilisateur` (`type_utilisateur`, `id_utilisateur`, `mail_utilisateur`, `mdp_utilisateur`, `nom_utilisateur`, `prenom_utilisateur`, `identifiant_salarie`, `datedesinscription_nonsalarie`, `dateinscription_nonsalarie`, `tel1_nonsalarie`, `tel2_nonsalarie`, `bic_professionnel`, `iban_professionnel`, `identifiant_professionnel`, `raisonsociale_professionnel`, `siret_professionnel`, `descriptionbreve_producteur`, `descriptiondetaillee_producteur`, `photo_producteur`, `photocarree_producteur`, `tourneeReelleLivraison_id_tournee_theorique`, `tourneeReelleProducteur_id_tournee_theorique`) VALUES('producteur', 38, 'hermitage@gmail.com', 'hermitage', 'Guibert', 'Alain', NULL, NULL, NULL, '01 20 14 20 56', NULL, NULL, NULL, 'hermitage', 'Soci?t? la Ferme de l\'Hermitage', NULL, 'Producteur de fruits', NULL, 'producteur_id38.jpg', 'cproducteur_id38.jpg', NULL, NULL);
INSERT INTO `utilisateur` (`type_utilisateur`, `id_utilisateur`, `mail_utilisateur`, `mdp_utilisateur`, `nom_utilisateur`, `prenom_utilisateur`, `identifiant_salarie`, `datedesinscription_nonsalarie`, `dateinscription_nonsalarie`, `tel1_nonsalarie`, `tel2_nonsalarie`, `bic_professionnel`, `iban_professionnel`, `identifiant_professionnel`, `raisonsociale_professionnel`, `siret_professionnel`, `descriptionbreve_producteur`, `descriptiondetaillee_producteur`, `photo_producteur`, `photocarree_producteur`, `tourneeReelleLivraison_id_tournee_theorique`, `tourneeReelleProducteur_id_tournee_theorique`) VALUES('producteur', 39, 'raehm@yahoo.fr', 'raehmpierre', 'Raehm', 'Jean-Pierre', NULL, NULL, NULL, '01 78 96 52 41', NULL, NULL, NULL, 'raehmpierre', 'Raehm Jean Pierre', NULL, 'Producteur de l?gumes', NULL, 'producteur_id39.jpg', 'cproducteur_id39.jpg', NULL, NULL);
INSERT INTO `utilisateur` (`type_utilisateur`, `id_utilisateur`, `mail_utilisateur`, `mdp_utilisateur`, `nom_utilisateur`, `prenom_utilisateur`, `identifiant_salarie`, `datedesinscription_nonsalarie`, `dateinscription_nonsalarie`, `tel1_nonsalarie`, `tel2_nonsalarie`, `bic_professionnel`, `iban_professionnel`, `identifiant_professionnel`, `raisonsociale_professionnel`, `siret_professionnel`, `descriptionbreve_producteur`, `descriptiondetaillee_producteur`, `photo_producteur`, `photocarree_producteur`, `tourneeReelleLivraison_id_tournee_theorique`, `tourneeReelleProducteur_id_tournee_theorique`) VALUES('producteur', 40, 'roques@gmail.fr', 'roques', 'Dumont', 'Bertrand', NULL, NULL, NULL, '01 54 23 10 12', NULL, NULL, NULL, 'lesroques', 'Domaine Les Roques de Cana', NULL, 'Producteur de vins', '', 'producteur_id40.jpg', 'cproducteur_id40.jpg', NULL, NULL);
INSERT INTO `utilisateur` (`type_utilisateur`, `id_utilisateur`, `mail_utilisateur`, `mdp_utilisateur`, `nom_utilisateur`, `prenom_utilisateur`, `identifiant_salarie`, `datedesinscription_nonsalarie`, `dateinscription_nonsalarie`, `tel1_nonsalarie`, `tel2_nonsalarie`, `bic_professionnel`, `iban_professionnel`, `identifiant_professionnel`, `raisonsociale_professionnel`, `siret_professionnel`, `descriptionbreve_producteur`, `descriptiondetaillee_producteur`, `photo_producteur`, `photocarree_producteur`, `tourneeReelleLivraison_id_tournee_theorique`, `tourneeReelleProducteur_id_tournee_theorique`) VALUES('producteur', 41, 'kersante@laposte.net', 'kersante', 'Joly', 'H?l?ne', NULL, NULL, NULL, '01 78 45 20 12', NULL, NULL, NULL, 'kersante', 'Kersante', NULL, 'Productrice de l?gumes', NULL, 'producteur_id41.jpg', 'cproducteur_id41.jpg', NULL, NULL);
INSERT INTO `utilisateur` (`type_utilisateur`, `id_utilisateur`, `mail_utilisateur`, `mdp_utilisateur`, `nom_utilisateur`, `prenom_utilisateur`, `identifiant_salarie`, `datedesinscription_nonsalarie`, `dateinscription_nonsalarie`, `tel1_nonsalarie`, `tel2_nonsalarie`, `bic_professionnel`, `iban_professionnel`, `identifiant_professionnel`, `raisonsociale_professionnel`, `siret_professionnel`, `descriptionbreve_producteur`, `descriptiondetaillee_producteur`, `photo_producteur`, `photocarree_producteur`, `tourneeReelleLivraison_id_tournee_theorique`, `tourneeReelleProducteur_id_tournee_theorique`) VALUES('producteur', 42, 'kremer@yahoo.fr', 'kremer', 'Kremer', 'Daniela', NULL, NULL, NULL, '01 45 25 41 10', NULL, NULL, NULL, 'kremer', 'Kremer', NULL, 'Productrice de miel', 'Apiculteur Producteur - r?colte des miels de nos ruchers d\'Ile de France (Miels de Ville et for?t) et d\'Auvergne (Miels de Montagne). ne vend que du miel de ses ruchers - possibilit? de d?couvrir le travail de l\'apiculteur et de visiter un rucher sur rendez-vous.', 'producteur_id42.jpg', 'cproducteur_id42.jpg', NULL, NULL);
INSERT INTO `utilisateur` (`type_utilisateur`, `id_utilisateur`, `mail_utilisateur`, `mdp_utilisateur`, `nom_utilisateur`, `prenom_utilisateur`, `identifiant_salarie`, `datedesinscription_nonsalarie`, `dateinscription_nonsalarie`, `tel1_nonsalarie`, `tel2_nonsalarie`, `bic_professionnel`, `iban_professionnel`, `identifiant_professionnel`, `raisonsociale_professionnel`, `siret_professionnel`, `descriptionbreve_producteur`, `descriptiondetaillee_producteur`, `photo_producteur`, `photocarree_producteur`, `tourneeReelleLivraison_id_tournee_theorique`, `tourneeReelleProducteur_id_tournee_theorique`) VALUES('producteur', 43, 'itavi@laposte.net', 'itavi', 'Guillou', 'Fr?d?ric', NULL, NULL, NULL, '01 14 52 63 96', NULL, NULL, NULL, 'itavi', 'I.T.A.V.I', NULL, 'Producteur d\'?ufs', '', 'producteur_id43.jpg', 'cproducteur_id43.jpg', NULL, NULL);
INSERT INTO `utilisateur` (`type_utilisateur`, `id_utilisateur`, `mail_utilisateur`, `mdp_utilisateur`, `nom_utilisateur`, `prenom_utilisateur`, `identifiant_salarie`, `datedesinscription_nonsalarie`, `dateinscription_nonsalarie`, `tel1_nonsalarie`, `tel2_nonsalarie`, `bic_professionnel`, `iban_professionnel`, `identifiant_professionnel`, `raisonsociale_professionnel`, `siret_professionnel`, `descriptionbreve_producteur`, `descriptiondetaillee_producteur`, `photo_producteur`, `photocarree_producteur`, `tourneeReelleLivraison_id_tournee_theorique`, `tourneeReelleProducteur_id_tournee_theorique`) VALUES('producteur', 44, 'vignerons@yahoo.fr', 'vignerons', 'Aubry', 'Salomon', NULL, NULL, NULL, '01 45 89 41 20', NULL, NULL, NULL, 'vignerons', 'Vignerons de Paris', NULL, 'Producteur de vins', NULL, 'producteur_id44.jpg', 'cproducteur_id44.jpg', NULL, NULL);
INSERT INTO `utilisateur` (`type_utilisateur`, `id_utilisateur`, `mail_utilisateur`, `mdp_utilisateur`, `nom_utilisateur`, `prenom_utilisateur`, `identifiant_salarie`, `datedesinscription_nonsalarie`, `dateinscription_nonsalarie`, `tel1_nonsalarie`, `tel2_nonsalarie`, `bic_professionnel`, `iban_professionnel`, `identifiant_professionnel`, `raisonsociale_professionnel`, `siret_professionnel`, `descriptionbreve_producteur`, `descriptiondetaillee_producteur`, `photo_producteur`, `photocarree_producteur`, `tourneeReelleLivraison_id_tournee_theorique`, `tourneeReelleProducteur_id_tournee_theorique`) VALUES('pointrelais', 45, 'fleurs_amour@gmail.com', 'pr21', 'Marchand', 'Lydia', NULL, NULL, '2017-09-18 00:00:00', '01 98 75 23 14', NULL, NULL, NULL, 'pr21filetgarni', 'Fleurs d\'amour', '78965423658794', NULL, NULL, NULL, NULL, NULL, NULL);
INSERT INTO `utilisateur` (`type_utilisateur`, `id_utilisateur`, `mail_utilisateur`, `mdp_utilisateur`, `nom_utilisateur`, `prenom_utilisateur`, `identifiant_salarie`, `datedesinscription_nonsalarie`, `dateinscription_nonsalarie`, `tel1_nonsalarie`, `tel2_nonsalarie`, `bic_professionnel`, `iban_professionnel`, `identifiant_professionnel`, `raisonsociale_professionnel`, `siret_professionnel`, `descriptionbreve_producteur`, `descriptiondetaillee_producteur`, `photo_producteur`, `photocarree_producteur`, `tourneeReelleLivraison_id_tournee_theorique`, `tourneeReelleProducteur_id_tournee_theorique`) VALUES('pointrelais', 46, 'armurerie_bruneau', 'pr22', 'Bruneau', 'Jean-Fran?ois', NULL, NULL, '2017-09-18 00:00:00', '01 25 49 67 32', NULL, NULL, NULL, 'pr22filetgarni', 'Armurerie Bruneau', '78965423589674', NULL, NULL, NULL, NULL, NULL, NULL);
INSERT INTO `utilisateur` (`type_utilisateur`, `id_utilisateur`, `mail_utilisateur`, `mdp_utilisateur`, `nom_utilisateur`, `prenom_utilisateur`, `identifiant_salarie`, `datedesinscription_nonsalarie`, `dateinscription_nonsalarie`, `tel1_nonsalarie`, `tel2_nonsalarie`, `bic_professionnel`, `iban_professionnel`, `identifiant_professionnel`, `raisonsociale_professionnel`, `siret_professionnel`, `descriptionbreve_producteur`, `descriptiondetaillee_producteur`, `photo_producteur`, `photocarree_producteur`, `tourneeReelleLivraison_id_tournee_theorique`, `tourneeReelleProducteur_id_tournee_theorique`) VALUES('pointrelais', 47, 'bonpalais@laposte.net', 'pr23', 'Lerucher', 'Patrice', NULL, NULL, '2017-09-18 00:00:00', '01 21 11 14 17', NULL, NULL, NULL, 'pr23filetgarni', 'Au Bon Palais', '78954325874125', NULL, NULL, NULL, NULL, NULL, NULL);
INSERT INTO `utilisateur` (`type_utilisateur`, `id_utilisateur`, `mail_utilisateur`, `mdp_utilisateur`, `nom_utilisateur`, `prenom_utilisateur`, `identifiant_salarie`, `datedesinscription_nonsalarie`, `dateinscription_nonsalarie`, `tel1_nonsalarie`, `tel2_nonsalarie`, `bic_professionnel`, `iban_professionnel`, `identifiant_professionnel`, `raisonsociale_professionnel`, `siret_professionnel`, `descriptionbreve_producteur`, `descriptiondetaillee_producteur`, `photo_producteur`, `photocarree_producteur`, `tourneeReelleLivraison_id_tournee_theorique`, `tourneeReelleProducteur_id_tournee_theorique`) VALUES('pointrelais', 48, 'interphone92@gmail.com', 'pr24', 'Michaudel', 'Ludovic', NULL, NULL, '2017-09-18 00:00:00', '01 98 77 33 45', NULL, NULL, NULL, 'pr25filetgarni', 'Interphone', '87956321478569', NULL, NULL, NULL, NULL, NULL, NULL);
INSERT INTO `utilisateur` (`type_utilisateur`, `id_utilisateur`, `mail_utilisateur`, `mdp_utilisateur`, `nom_utilisateur`, `prenom_utilisateur`, `identifiant_salarie`, `datedesinscription_nonsalarie`, `dateinscription_nonsalarie`, `tel1_nonsalarie`, `tel2_nonsalarie`, `bic_professionnel`, `iban_professionnel`, `identifiant_professionnel`, `raisonsociale_professionnel`, `siret_professionnel`, `descriptionbreve_producteur`, `descriptiondetaillee_producteur`, `photo_producteur`, `photocarree_producteur`, `tourneeReelleLivraison_id_tournee_theorique`, `tourneeReelleProducteur_id_tournee_theorique`) VALUES('pointrelais', 49, 'lesbrugnauts@yahoo.fr', 'pr25', 'Botrel', 'Maryvonne', NULL, NULL, '2017-09-18 00:00:00', '01 25 34 78 98', NULL, NULL, NULL, 'pr25filetgarni', 'Tabac Presse Les Brugnauts', '254863597541235', NULL, NULL, NULL, NULL, NULL, NULL);
INSERT INTO `utilisateur` (`type_utilisateur`, `id_utilisateur`, `mail_utilisateur`, `mdp_utilisateur`, `nom_utilisateur`, `prenom_utilisateur`, `identifiant_salarie`, `datedesinscription_nonsalarie`, `dateinscription_nonsalarie`, `tel1_nonsalarie`, `tel2_nonsalarie`, `bic_professionnel`, `iban_professionnel`, `identifiant_professionnel`, `raisonsociale_professionnel`, `siret_professionnel`, `descriptionbreve_producteur`, `descriptiondetaillee_producteur`, `photo_producteur`, `photocarree_producteur`, `tourneeReelleLivraison_id_tournee_theorique`, `tourneeReelleProducteur_id_tournee_theorique`) VALUES('pointrelais', 50, 'reflex_rent', 'pr26', 'Zakowic', 'Virginie', NULL, NULL, '2017-09-18 00:00:00', '01 74 85 96 12', NULL, NULL, NULL, 'pr26filetgarni', 'Au Bon app?tit', '78956321456545', NULL, NULL, NULL, NULL, NULL, NULL);
INSERT INTO `utilisateur` (`type_utilisateur`, `id_utilisateur`, `mail_utilisateur`, `mdp_utilisateur`, `nom_utilisateur`, `prenom_utilisateur`, `identifiant_salarie`, `datedesinscription_nonsalarie`, `dateinscription_nonsalarie`, `tel1_nonsalarie`, `tel2_nonsalarie`, `bic_professionnel`, `iban_professionnel`, `identifiant_professionnel`, `raisonsociale_professionnel`, `siret_professionnel`, `descriptionbreve_producteur`, `descriptiondetaillee_producteur`, `photo_producteur`, `photocarree_producteur`, `tourneeReelleLivraison_id_tournee_theorique`, `tourneeReelleProducteur_id_tournee_theorique`) VALUES('pointrelais', 51, 'new_link@laposte.net', 'pr27', 'Bellamy', 'Marion', NULL, NULL, '2017-09-18 00:00:00', '01 80 62 60 61', NULL, NULL, NULL, 'pr27filetgarni', 'New Link', '36978412563214', NULL, NULL, NULL, NULL, NULL, NULL);
INSERT INTO `utilisateur` (`type_utilisateur`, `id_utilisateur`, `mail_utilisateur`, `mdp_utilisateur`, `nom_utilisateur`, `prenom_utilisateur`, `identifiant_salarie`, `datedesinscription_nonsalarie`, `dateinscription_nonsalarie`, `tel1_nonsalarie`, `tel2_nonsalarie`, `bic_professionnel`, `iban_professionnel`, `identifiant_professionnel`, `raisonsociale_professionnel`, `siret_professionnel`, `descriptionbreve_producteur`, `descriptiondetaillee_producteur`, `photo_producteur`, `photocarree_producteur`, `tourneeReelleLivraison_id_tournee_theorique`, `tourneeReelleProducteur_id_tournee_theorique`) VALUES('pointrelais', 52, 'alamtout@yahoo.fr', 'pr28', 'Abdoulah', 'Yassin', NULL, NULL, '2017-09-18 00:00:00', '01 25 87 96 32', NULL, NULL, NULL, 'pr28filetgarni', 'Alamtout Services', '78956321478965', NULL, NULL, NULL, NULL, NULL, NULL);
INSERT INTO `utilisateur` (`type_utilisateur`, `id_utilisateur`, `mail_utilisateur`, `mdp_utilisateur`, `nom_utilisateur`, `prenom_utilisateur`, `identifiant_salarie`, `datedesinscription_nonsalarie`, `dateinscription_nonsalarie`, `tel1_nonsalarie`, `tel2_nonsalarie`, `bic_professionnel`, `iban_professionnel`, `identifiant_professionnel`, `raisonsociale_professionnel`, `siret_professionnel`, `descriptionbreve_producteur`, `descriptiondetaillee_producteur`, `photo_producteur`, `photocarree_producteur`, `tourneeReelleLivraison_id_tournee_theorique`, `tourneeReelleProducteur_id_tournee_theorique`) VALUES('pointrelais', 53, 'aupremiercoupdoeil@laposte.net', 'pr29', 'Midamegbe', 'Afiwa', NULL, NULL, '2017-09-18 00:00:00', '01 87 63 54 58', NULL, NULL, NULL, 'pr29filetgarni', 'Au premier coup d\'oeil', '32179564852698', NULL, NULL, NULL, NULL, NULL, NULL);
INSERT INTO `utilisateur` (`type_utilisateur`, `id_utilisateur`, `mail_utilisateur`, `mdp_utilisateur`, `nom_utilisateur`, `prenom_utilisateur`, `identifiant_salarie`, `datedesinscription_nonsalarie`, `dateinscription_nonsalarie`, `tel1_nonsalarie`, `tel2_nonsalarie`, `bic_professionnel`, `iban_professionnel`, `identifiant_professionnel`, `raisonsociale_professionnel`, `siret_professionnel`, `descriptionbreve_producteur`, `descriptiondetaillee_producteur`, `photo_producteur`, `photocarree_producteur`, `tourneeReelleLivraison_id_tournee_theorique`, `tourneeReelleProducteur_id_tournee_theorique`) VALUES('pointrelais', 54, 'bl?_folies@gmail.com', 'pr30', 'Mandelbaum', 'Jo?l', NULL, NULL, '2017-09-18 00:00:00', '01 69 78 25 32', NULL, NULL, NULL, 'pr30filetgarni', 'Les Folies du Bl?', '58796431258978', NULL, NULL, NULL, NULL, NULL, NULL);
INSERT INTO `utilisateur` (`type_utilisateur`, `id_utilisateur`, `mail_utilisateur`, `mdp_utilisateur`, `nom_utilisateur`, `prenom_utilisateur`, `identifiant_salarie`, `datedesinscription_nonsalarie`, `dateinscription_nonsalarie`, `tel1_nonsalarie`, `tel2_nonsalarie`, `bic_professionnel`, `iban_professionnel`, `identifiant_professionnel`, `raisonsociale_professionnel`, `siret_professionnel`, `descriptionbreve_producteur`, `descriptiondetaillee_producteur`, `photo_producteur`, `photocarree_producteur`, `tourneeReelleLivraison_id_tournee_theorique`, `tourneeReelleProducteur_id_tournee_theorique`) VALUES('pointrelais', 55, 'caverne_particulier', 'pr31', 'Poulain', 'Christian', NULL, NULL, '2017-09-18 00:00:00', '01 68 97 58 44', NULL, NULL, NULL, 'pr31filetgarni', 'La Caverne du Particulier', '85236974136974', NULL, NULL, NULL, NULL, NULL, NULL);
INSERT INTO `utilisateur` (`type_utilisateur`, `id_utilisateur`, `mail_utilisateur`, `mdp_utilisateur`, `nom_utilisateur`, `prenom_utilisateur`, `identifiant_salarie`, `datedesinscription_nonsalarie`, `dateinscription_nonsalarie`, `tel1_nonsalarie`, `tel2_nonsalarie`, `bic_professionnel`, `iban_professionnel`, `identifiant_professionnel`, `raisonsociale_professionnel`, `siret_professionnel`, `descriptionbreve_producteur`, `descriptiondetaillee_producteur`, `photo_producteur`, `photocarree_producteur`, `tourneeReelleLivraison_id_tournee_theorique`, `tourneeReelleProducteur_id_tournee_theorique`) VALUES('pointrelais', 56, 'lembellie@gmail.com', 'pr32', 'Fleury', 'C?cile', NULL, NULL, '2017-09-17 00:00:00', '01 74 56 96 32', NULL, NULL, NULL, 'pr32filetgarni', 'L\'Embellie', '23976158763258', NULL, NULL, NULL, NULL, NULL, NULL);
INSERT INTO `utilisateur` (`type_utilisateur`, `id_utilisateur`, `mail_utilisateur`, `mdp_utilisateur`, `nom_utilisateur`, `prenom_utilisateur`, `identifiant_salarie`, `datedesinscription_nonsalarie`, `dateinscription_nonsalarie`, `tel1_nonsalarie`, `tel2_nonsalarie`, `bic_professionnel`, `iban_professionnel`, `identifiant_professionnel`, `raisonsociale_professionnel`, `siret_professionnel`, `descriptionbreve_producteur`, `descriptiondetaillee_producteur`, `photo_producteur`, `photocarree_producteur`, `tourneeReelleLivraison_id_tournee_theorique`, `tourneeReelleProducteur_id_tournee_theorique`) VALUES('pointrelais', 57, 'luzinthesky@gmail.com', 'pr33', 'Millet', 'St?phane', NULL, NULL, '2017-09-18 00:00:00', '01 78 96 35 15', NULL, NULL, NULL, 'pr33filetgarni', 'Luz In The Sky', '23569878451236', NULL, NULL, NULL, NULL, NULL, NULL);
INSERT INTO `utilisateur` (`type_utilisateur`, `id_utilisateur`, `mail_utilisateur`, `mdp_utilisateur`, `nom_utilisateur`, `prenom_utilisateur`, `identifiant_salarie`, `datedesinscription_nonsalarie`, `dateinscription_nonsalarie`, `tel1_nonsalarie`, `tel2_nonsalarie`, `bic_professionnel`, `iban_professionnel`, `identifiant_professionnel`, `raisonsociale_professionnel`, `siret_professionnel`, `descriptionbreve_producteur`, `descriptiondetaillee_producteur`, `photo_producteur`, `photocarree_producteur`, `tourneeReelleLivraison_id_tournee_theorique`, `tourneeReelleProducteur_id_tournee_theorique`) VALUES('pointrelais', 58, 'lefruitiers@yahoo.fr', 'pr34', 'Dubleumortier', 'Sebastien', NULL, NULL, '2017-09-11 00:00:00', '01 87 98 69 23', NULL, NULL, NULL, 'pr34filatgarni', 'Le Fruitier', '85634789654789', NULL, NULL, NULL, NULL, NULL, NULL);
INSERT INTO `utilisateur` (`type_utilisateur`, `id_utilisateur`, `mail_utilisateur`, `mdp_utilisateur`, `nom_utilisateur`, `prenom_utilisateur`, `identifiant_salarie`, `datedesinscription_nonsalarie`, `dateinscription_nonsalarie`, `tel1_nonsalarie`, `tel2_nonsalarie`, `bic_professionnel`, `iban_professionnel`, `identifiant_professionnel`, `raisonsociale_professionnel`, `siret_professionnel`, `descriptionbreve_producteur`, `descriptiondetaillee_producteur`, `photo_producteur`, `photocarree_producteur`, `tourneeReelleLivraison_id_tournee_theorique`, `tourneeReelleProducteur_id_tournee_theorique`) VALUES('pointrelais', 59, 'labopc@google.fr', 'pr35', 'Rouault', 'Florian', NULL, NULL, '2017-09-18 00:00:00', '01 98 36 65 64', NULL, NULL, NULL, 'pr35filetgarni', 'Labo PC', '32879654789321', NULL, NULL, NULL, NULL, NULL, NULL);
INSERT INTO `utilisateur` (`type_utilisateur`, `id_utilisateur`, `mail_utilisateur`, `mdp_utilisateur`, `nom_utilisateur`, `prenom_utilisateur`, `identifiant_salarie`, `datedesinscription_nonsalarie`, `dateinscription_nonsalarie`, `tel1_nonsalarie`, `tel2_nonsalarie`, `bic_professionnel`, `iban_professionnel`, `identifiant_professionnel`, `raisonsociale_professionnel`, `siret_professionnel`, `descriptionbreve_producteur`, `descriptiondetaillee_producteur`, `photo_producteur`, `photocarree_producteur`, `tourneeReelleLivraison_id_tournee_theorique`, `tourneeReelleProducteur_id_tournee_theorique`) VALUES('pointrelais', 60, 'evidence_media@gmail.com', 'pr36', 'Houbl?', 'Benjamin', NULL, NULL, '2017-09-18 00:00:00', '01 78 52 96 12', NULL, NULL, NULL, 'pr36filetgarni', 'Evidence Media', '32589654712358', NULL, NULL, NULL, NULL, NULL, NULL);
INSERT INTO `utilisateur` (`type_utilisateur`, `id_utilisateur`, `mail_utilisateur`, `mdp_utilisateur`, `nom_utilisateur`, `prenom_utilisateur`, `identifiant_salarie`, `datedesinscription_nonsalarie`, `dateinscription_nonsalarie`, `tel1_nonsalarie`, `tel2_nonsalarie`, `bic_professionnel`, `iban_professionnel`, `identifiant_professionnel`, `raisonsociale_professionnel`, `siret_professionnel`, `descriptionbreve_producteur`, `descriptiondetaillee_producteur`, `photo_producteur`, `photocarree_producteur`, `tourneeReelleLivraison_id_tournee_theorique`, `tourneeReelleProducteur_id_tournee_theorique`) VALUES('pointrelais', 61, 'prestonnet@laposte.net', 'pr37', 'Prestonnet', 'Josianne', NULL, NULL, '2017-09-18 00:00:00', '01 25 89 74 36', NULL, NULL, NULL, 'pr37filetgarni', 'Prestonnet', '85632587465214', NULL, NULL, NULL, NULL, NULL, NULL);
INSERT INTO `utilisateur` (`type_utilisateur`, `id_utilisateur`, `mail_utilisateur`, `mdp_utilisateur`, `nom_utilisateur`, `prenom_utilisateur`, `identifiant_salarie`, `datedesinscription_nonsalarie`, `dateinscription_nonsalarie`, `tel1_nonsalarie`, `tel2_nonsalarie`, `bic_professionnel`, `iban_professionnel`, `identifiant_professionnel`, `raisonsociale_professionnel`, `siret_professionnel`, `descriptionbreve_producteur`, `descriptiondetaillee_producteur`, `photo_producteur`, `photocarree_producteur`, `tourneeReelleLivraison_id_tournee_theorique`, `tourneeReelleProducteur_id_tournee_theorique`) VALUES('pointrelais', 62, 'fradett@gmail.com', 'pr38', 'Dereeper', 'Eloi', NULL, NULL, '2017-09-24 00:00:00', '0136633663', NULL, NULL, NULL, 'pr38filetgarni', 'Fradett D?co et Meubles', '12579658742365', NULL, NULL, NULL, NULL, NULL, NULL);
INSERT INTO `utilisateur` (`type_utilisateur`, `id_utilisateur`, `mail_utilisateur`, `mdp_utilisateur`, `nom_utilisateur`, `prenom_utilisateur`, `identifiant_salarie`, `datedesinscription_nonsalarie`, `dateinscription_nonsalarie`, `tel1_nonsalarie`, `tel2_nonsalarie`, `bic_professionnel`, `iban_professionnel`, `identifiant_professionnel`, `raisonsociale_professionnel`, `siret_professionnel`, `descriptionbreve_producteur`, `descriptiondetaillee_producteur`, `photo_producteur`, `photocarree_producteur`, `tourneeReelleLivraison_id_tournee_theorique`, `tourneeReelleProducteur_id_tournee_theorique`) VALUES('pointrelais', 63, 'amarante@gmail.com', 'pr40', 'Grogneuf', 'Sabrina', NULL, NULL, '2017-09-17 00:00:00', '01 98 56 74 32', NULL, NULL, NULL, 'pr40filetgarni', 'Amarante Fleuriste', '56478932147896', NULL, NULL, NULL, NULL, NULL, NULL);
INSERT INTO `utilisateur` (`type_utilisateur`, `id_utilisateur`, `mail_utilisateur`, `mdp_utilisateur`, `nom_utilisateur`, `prenom_utilisateur`, `identifiant_salarie`, `datedesinscription_nonsalarie`, `dateinscription_nonsalarie`, `tel1_nonsalarie`, `tel2_nonsalarie`, `bic_professionnel`, `iban_professionnel`, `identifiant_professionnel`, `raisonsociale_professionnel`, `siret_professionnel`, `descriptionbreve_producteur`, `descriptiondetaillee_producteur`, `photo_producteur`, `photocarree_producteur`, `tourneeReelleLivraison_id_tournee_theorique`, `tourneeReelleProducteur_id_tournee_theorique`) VALUES('pointrelais', 64, 'melylux@gamail.com', 'pr41', 'Jourdan', 'Jean-Baptiste', NULL, NULL, '2017-09-17 00:00:00', '01 78 58 68 98', NULL, NULL, NULL, 'pr41filetgarni', 'Mel y Lux', '23578965421536', NULL, NULL, NULL, NULL, NULL, NULL);
INSERT INTO `utilisateur` (`type_utilisateur`, `id_utilisateur`, `mail_utilisateur`, `mdp_utilisateur`, `nom_utilisateur`, `prenom_utilisateur`, `identifiant_salarie`, `datedesinscription_nonsalarie`, `dateinscription_nonsalarie`, `tel1_nonsalarie`, `tel2_nonsalarie`, `bic_professionnel`, `iban_professionnel`, `identifiant_professionnel`, `raisonsociale_professionnel`, `siret_professionnel`, `descriptionbreve_producteur`, `descriptiondetaillee_producteur`, `photo_producteur`, `photocarree_producteur`, `tourneeReelleLivraison_id_tournee_theorique`, `tourneeReelleProducteur_id_tournee_theorique`) VALUES('pointrelais', 65, 'showbizz@laposte.net', 'pr42', 'Minily', 'Keyla', NULL, NULL, '2017-09-17 00:00:00', '01 45 78 12 36', NULL, NULL, NULL, 'pr42filetgarni', 'SHOWBIZZ', '25796321578965', NULL, NULL, NULL, NULL, NULL, NULL);
INSERT INTO `utilisateur` (`type_utilisateur`, `id_utilisateur`, `mail_utilisateur`, `mdp_utilisateur`, `nom_utilisateur`, `prenom_utilisateur`, `identifiant_salarie`, `datedesinscription_nonsalarie`, `dateinscription_nonsalarie`, `tel1_nonsalarie`, `tel2_nonsalarie`, `bic_professionnel`, `iban_professionnel`, `identifiant_professionnel`, `raisonsociale_professionnel`, `siret_professionnel`, `descriptionbreve_producteur`, `descriptiondetaillee_producteur`, `photo_producteur`, `photocarree_producteur`, `tourneeReelleLivraison_id_tournee_theorique`, `tourneeReelleProducteur_id_tournee_theorique`) VALUES('pointrelais', 66, 'mtm_informatica@gmail.com', 'pr43', 'Camarguier', 'Camille', NULL, NULL, '2017-09-18 00:00:00', '01 56 98 41 32', NULL, NULL, NULL, 'pr43filetgarni', 'MTM Informatica', '23784596745285', NULL, NULL, NULL, NULL, NULL, NULL);
INSERT INTO `utilisateur` (`type_utilisateur`, `id_utilisateur`, `mail_utilisateur`, `mdp_utilisateur`, `nom_utilisateur`, `prenom_utilisateur`, `identifiant_salarie`, `datedesinscription_nonsalarie`, `dateinscription_nonsalarie`, `tel1_nonsalarie`, `tel2_nonsalarie`, `bic_professionnel`, `iban_professionnel`, `identifiant_professionnel`, `raisonsociale_professionnel`, `siret_professionnel`, `descriptionbreve_producteur`, `descriptiondetaillee_producteur`, `photo_producteur`, `photocarree_producteur`, `tourneeReelleLivraison_id_tournee_theorique`, `tourneeReelleProducteur_id_tournee_theorique`) VALUES('pointrelais', 67, 'xhorient@gmail.com', 'pr44', 'Pericard', 'S?bastien', NULL, NULL, '2017-09-17 00:00:00', '01 23 23 54 74', NULL, NULL, NULL, 'pr44filetgarni', 'Xhorient', '327536984215878', NULL, NULL, NULL, NULL, NULL, NULL);
INSERT INTO `utilisateur` (`type_utilisateur`, `id_utilisateur`, `mail_utilisateur`, `mdp_utilisateur`, `nom_utilisateur`, `prenom_utilisateur`, `identifiant_salarie`, `datedesinscription_nonsalarie`, `dateinscription_nonsalarie`, `tel1_nonsalarie`, `tel2_nonsalarie`, `bic_professionnel`, `iban_professionnel`, `identifiant_professionnel`, `raisonsociale_professionnel`, `siret_professionnel`, `descriptionbreve_producteur`, `descriptiondetaillee_producteur`, `photo_producteur`, `photocarree_producteur`, `tourneeReelleLivraison_id_tournee_theorique`, `tourneeReelleProducteur_id_tournee_theorique`) VALUES('pointrelais', 68, 'shabo@laposte.net', 'pr45', 'Rondoullet', 'Mathieu', NULL, NULL, '2017-09-18 00:00:00', '01 78 69 52 45', NULL, NULL, NULL, 'pr45filetgarni', 'SHABO', '54863289745214', NULL, NULL, NULL, NULL, NULL, NULL);
INSERT INTO `utilisateur` (`type_utilisateur`, `id_utilisateur`, `mail_utilisateur`, `mdp_utilisateur`, `nom_utilisateur`, `prenom_utilisateur`, `identifiant_salarie`, `datedesinscription_nonsalarie`, `dateinscription_nonsalarie`, `tel1_nonsalarie`, `tel2_nonsalarie`, `bic_professionnel`, `iban_professionnel`, `identifiant_professionnel`, `raisonsociale_professionnel`, `siret_professionnel`, `descriptionbreve_producteur`, `descriptiondetaillee_producteur`, `photo_producteur`, `photocarree_producteur`, `tourneeReelleLivraison_id_tournee_theorique`, `tourneeReelleProducteur_id_tournee_theorique`) VALUES('pointrelais', 69, 'milleetunefleur@yahoo.fr', 'pr46', 'Lepage', 'Agn?s', NULL, NULL, '2017-09-17 00:00:00', '01 87 56 21 37', NULL, NULL, NULL, 'p46filetgarni', 'Mille et Une Fleur', '12795468327932', NULL, NULL, NULL, NULL, NULL, NULL);
INSERT INTO `utilisateur` (`type_utilisateur`, `id_utilisateur`, `mail_utilisateur`, `mdp_utilisateur`, `nom_utilisateur`, `prenom_utilisateur`, `identifiant_salarie`, `datedesinscription_nonsalarie`, `dateinscription_nonsalarie`, `tel1_nonsalarie`, `tel2_nonsalarie`, `bic_professionnel`, `iban_professionnel`, `identifiant_professionnel`, `raisonsociale_professionnel`, `siret_professionnel`, `descriptionbreve_producteur`, `descriptiondetaillee_producteur`, `photo_producteur`, `photocarree_producteur`, `tourneeReelleLivraison_id_tournee_theorique`, `tourneeReelleProducteur_id_tournee_theorique`) VALUES('pointrelais', 70, 'lepicerieducoin@yahoo.fr', 'pr47', 'Legrand', 'Romain', NULL, NULL, '2017-09-17 00:00:00', '01 78 96 52 41', NULL, NULL, NULL, 'pr47filetgarni', 'L\'?picerie du coin', '753654878895213', NULL, NULL, NULL, NULL, NULL, NULL);
INSERT INTO `utilisateur` (`type_utilisateur`, `id_utilisateur`, `mail_utilisateur`, `mdp_utilisateur`, `nom_utilisateur`, `prenom_utilisateur`, `identifiant_salarie`, `datedesinscription_nonsalarie`, `dateinscription_nonsalarie`, `tel1_nonsalarie`, `tel2_nonsalarie`, `bic_professionnel`, `iban_professionnel`, `identifiant_professionnel`, `raisonsociale_professionnel`, `siret_professionnel`, `descriptionbreve_producteur`, `descriptiondetaillee_producteur`, `photo_producteur`, `photocarree_producteur`, `tourneeReelleLivraison_id_tournee_theorique`, `tourneeReelleProducteur_id_tournee_theorique`) VALUES('pointrelais', 71, 'cintre-pressing@laposte.net', 'pr48', 'Reymar', 'Rafika', NULL, NULL, '2017-09-18 00:00:00', '01 86 75 42 13', NULL, NULL, NULL, 'p48 filetgarni', 'Cintre Chic Pressing', '78459653574255', NULL, NULL, NULL, NULL, NULL, NULL);
INSERT INTO `utilisateur` (`type_utilisateur`, `id_utilisateur`, `mail_utilisateur`, `mdp_utilisateur`, `nom_utilisateur`, `prenom_utilisateur`, `identifiant_salarie`, `datedesinscription_nonsalarie`, `dateinscription_nonsalarie`, `tel1_nonsalarie`, `tel2_nonsalarie`, `bic_professionnel`, `iban_professionnel`, `identifiant_professionnel`, `raisonsociale_professionnel`, `siret_professionnel`, `descriptionbreve_producteur`, `descriptiondetaillee_producteur`, `photo_producteur`, `photocarree_producteur`, `tourneeReelleLivraison_id_tournee_theorique`, `tourneeReelleProducteur_id_tournee_theorique`) VALUES('pointrelais', 72, 'khpmarket@laposte.net', 'pr49', 'Andr?', 'Erwann', NULL, NULL, '2017-09-17 00:00:00', '01 78 95 42 31', NULL, NULL, NULL, 'pr49filetgarni', 'KHP Market', '32587956425874', NULL, NULL, NULL, NULL, NULL, NULL);
INSERT INTO `utilisateur` (`type_utilisateur`, `id_utilisateur`, `mail_utilisateur`, `mdp_utilisateur`, `nom_utilisateur`, `prenom_utilisateur`, `identifiant_salarie`, `datedesinscription_nonsalarie`, `dateinscription_nonsalarie`, `tel1_nonsalarie`, `tel2_nonsalarie`, `bic_professionnel`, `iban_professionnel`, `identifiant_professionnel`, `raisonsociale_professionnel`, `siret_professionnel`, `descriptionbreve_producteur`, `descriptiondetaillee_producteur`, `photo_producteur`, `photocarree_producteur`, `tourneeReelleLivraison_id_tournee_theorique`, `tourneeReelleProducteur_id_tournee_theorique`) VALUES('pointrelais', 73, 'aunaturel@gmail.com', 'pr50', 'Dumont', 'Camilla', NULL, NULL, '2017-09-18 00:00:00', '01 87 96 45 32', NULL, NULL, NULL, 'pr50filetgarni', 'Au Naturel', '84563247896524', NULL, NULL, NULL, NULL, NULL, NULL);
INSERT INTO `utilisateur` (`type_utilisateur`, `id_utilisateur`, `mail_utilisateur`, `mdp_utilisateur`, `nom_utilisateur`, `prenom_utilisateur`, `identifiant_salarie`, `datedesinscription_nonsalarie`, `dateinscription_nonsalarie`, `tel1_nonsalarie`, `tel2_nonsalarie`, `bic_professionnel`, `iban_professionnel`, `identifiant_professionnel`, `raisonsociale_professionnel`, `siret_professionnel`, `descriptionbreve_producteur`, `descriptiondetaillee_producteur`, `photo_producteur`, `photocarree_producteur`, `tourneeReelleLivraison_id_tournee_theorique`, `tourneeReelleProducteur_id_tournee_theorique`) VALUES('pointrelais', 74, 'ivryphone@gmail.com', 'pr51', 'Collet', 'Juliette', NULL, NULL, '2017-09-17 00:00:00', '01 79 81 45 63', NULL, NULL, NULL, 'pr51filetagrni', 'Ivry Phone', '57845635789654', NULL, NULL, NULL, NULL, NULL, NULL);
INSERT INTO `utilisateur` (`type_utilisateur`, `id_utilisateur`, `mail_utilisateur`, `mdp_utilisateur`, `nom_utilisateur`, `prenom_utilisateur`, `identifiant_salarie`, `datedesinscription_nonsalarie`, `dateinscription_nonsalarie`, `tel1_nonsalarie`, `tel2_nonsalarie`, `bic_professionnel`, `iban_professionnel`, `identifiant_professionnel`, `raisonsociale_professionnel`, `siret_professionnel`, `descriptionbreve_producteur`, `descriptiondetaillee_producteur`, `photo_producteur`, `photocarree_producteur`, `tourneeReelleLivraison_id_tournee_theorique`, `tourneeReelleProducteur_id_tournee_theorique`) VALUES('pointrelais', 75, 'demarque_online@yahoo.fr', 'pr52', 'Bouvier', 'Carole', NULL, NULL, '2017-09-17 00:00:00', '01 54 64 93 72', NULL, NULL, NULL, 'pr52filetgarni', 'Demarque Online', '328795632147856', NULL, NULL, NULL, NULL, NULL, NULL);
INSERT INTO `utilisateur` (`type_utilisateur`, `id_utilisateur`, `mail_utilisateur`, `mdp_utilisateur`, `nom_utilisateur`, `prenom_utilisateur`, `identifiant_salarie`, `datedesinscription_nonsalarie`, `dateinscription_nonsalarie`, `tel1_nonsalarie`, `tel2_nonsalarie`, `bic_professionnel`, `iban_professionnel`, `identifiant_professionnel`, `raisonsociale_professionnel`, `siret_professionnel`, `descriptionbreve_producteur`, `descriptiondetaillee_producteur`, `photo_producteur`, `photocarree_producteur`, `tourneeReelleLivraison_id_tournee_theorique`, `tourneeReelleProducteur_id_tournee_theorique`) VALUES('pointrelais', 76, 'pressing_renova@gamail.com', 'pr53', 'Duroc', 'Didier', NULL, NULL, '2017-09-18 00:00:00', '01 45 46 23 89', NULL, NULL, NULL, 'pr53filetgarni', 'Pressing Renova Matic', '78564231598456', NULL, NULL, NULL, NULL, NULL, NULL);
INSERT INTO `utilisateur` (`type_utilisateur`, `id_utilisateur`, `mail_utilisateur`, `mdp_utilisateur`, `nom_utilisateur`, `prenom_utilisateur`, `identifiant_salarie`, `datedesinscription_nonsalarie`, `dateinscription_nonsalarie`, `tel1_nonsalarie`, `tel2_nonsalarie`, `bic_professionnel`, `iban_professionnel`, `identifiant_professionnel`, `raisonsociale_professionnel`, `siret_professionnel`, `descriptionbreve_producteur`, `descriptiondetaillee_producteur`, `photo_producteur`, `photocarree_producteur`, `tourneeReelleLivraison_id_tournee_theorique`, `tourneeReelleProducteur_id_tournee_theorique`) VALUES('pointrelais', 77, 'girbal@laposte.net', 'pr54', 'Girbal', 'Robert', NULL, NULL, '2017-09-17 00:00:00', '01 79 65 42 39', NULL, NULL, NULL, 'pr54filetgarni', 'Girbal Librairie', '78956423879512', NULL, NULL, NULL, NULL, NULL, NULL);
INSERT INTO `utilisateur` (`type_utilisateur`, `id_utilisateur`, `mail_utilisateur`, `mdp_utilisateur`, `nom_utilisateur`, `prenom_utilisateur`, `identifiant_salarie`, `datedesinscription_nonsalarie`, `dateinscription_nonsalarie`, `tel1_nonsalarie`, `tel2_nonsalarie`, `bic_professionnel`, `iban_professionnel`, `identifiant_professionnel`, `raisonsociale_professionnel`, `siret_professionnel`, `descriptionbreve_producteur`, `descriptiondetaillee_producteur`, `photo_producteur`, `photocarree_producteur`, `tourneeReelleLivraison_id_tournee_theorique`, `tourneeReelleProducteur_id_tournee_theorique`) VALUES('pointrelais', 78, 'fingerstip', 'pr55', 'Lachame', 'Denise', NULL, NULL, '2017-09-18 00:00:00', '01 65 78 21 31', NULL, NULL, NULL, 'pr55filetgarni', 'Fingerstip', '85643578961246', NULL, NULL, NULL, NULL, NULL, NULL);
INSERT INTO `utilisateur` (`type_utilisateur`, `id_utilisateur`, `mail_utilisateur`, `mdp_utilisateur`, `nom_utilisateur`, `prenom_utilisateur`, `identifiant_salarie`, `datedesinscription_nonsalarie`, `dateinscription_nonsalarie`, `tel1_nonsalarie`, `tel2_nonsalarie`, `bic_professionnel`, `iban_professionnel`, `identifiant_professionnel`, `raisonsociale_professionnel`, `siret_professionnel`, `descriptionbreve_producteur`, `descriptiondetaillee_producteur`, `photo_producteur`, `photocarree_producteur`, `tourneeReelleLivraison_id_tournee_theorique`, `tourneeReelleProducteur_id_tournee_theorique`) VALUES('consommateur', 79, 'emmanuelle.bureau@gmail.com', 'emmanuelle224', 'Bureau', 'Emmanuelle', NULL, NULL, '2017-09-01 00:00:00', '0140154741', NULL, NULL, NULL, NULL, NULL, NULL, NULL, NULL, NULL, NULL, NULL, NULL);
INSERT INTO `utilisateur` (`type_utilisateur`, `id_utilisateur`, `mail_utilisateur`, `mdp_utilisateur`, `nom_utilisateur`, `prenom_utilisateur`, `identifiant_salarie`, `datedesinscription_nonsalarie`, `dateinscription_nonsalarie`, `tel1_nonsalarie`, `tel2_nonsalarie`, `bic_professionnel`, `iban_professionnel`, `identifiant_professionnel`, `raisonsociale_professionnel`, `siret_professionnel`, `descriptionbreve_producteur`, `descriptiondetaillee_producteur`, `photo_producteur`, `photocarree_producteur`, `tourneeReelleLivraison_id_tournee_theorique`, `tourneeReelleProducteur_id_tournee_theorique`) VALUES('consommateur', 80, 'fabien.chandonnet@gmail.com', 'fabien4242', 'Chandonnet', 'Fabien', NULL, NULL, '2017-08-01 00:00:00', '0162645250', NULL, NULL, NULL, NULL, NULL, NULL, NULL, NULL, NULL, NULL, NULL, NULL);
INSERT INTO `utilisateur` (`type_utilisateur`, `id_utilisateur`, `mail_utilisateur`, `mdp_utilisateur`, `nom_utilisateur`, `prenom_utilisateur`, `identifiant_salarie`, `datedesinscription_nonsalarie`, `dateinscription_nonsalarie`, `tel1_nonsalarie`, `tel2_nonsalarie`, `bic_professionnel`, `iban_professionnel`, `identifiant_professionnel`, `raisonsociale_professionnel`, `siret_professionnel`, `descriptionbreve_producteur`, `descriptiondetaillee_producteur`, `photo_producteur`, `photocarree_producteur`, `tourneeReelleLivraison_id_tournee_theorique`, `tourneeReelleProducteur_id_tournee_theorique`) VALUES('consommateur', 81, 'virginie.zakowic@yahoo.fr', 'vivizako748545', 'Zakowic', 'Virginie', NULL, NULL, '2017-09-04 00:00:00', '0625161232', '0150292947', NULL, NULL, NULL, NULL, NULL, NULL, NULL, NULL, NULL, NULL, NULL);
INSERT INTO `utilisateur` (`type_utilisateur`, `id_utilisateur`, `mail_utilisateur`, `mdp_utilisateur`, `nom_utilisateur`, `prenom_utilisateur`, `identifiant_salarie`, `datedesinscription_nonsalarie`, `dateinscription_nonsalarie`, `tel1_nonsalarie`, `tel2_nonsalarie`, `bic_professionnel`, `iban_professionnel`, `identifiant_professionnel`, `raisonsociale_professionnel`, `siret_professionnel`, `descriptionbreve_producteur`, `descriptiondetaillee_producteur`, `photo_producteur`, `photocarree_producteur`, `tourneeReelleLivraison_id_tournee_theorique`, `tourneeReelleProducteur_id_tournee_theorique`) VALUES('consommateur', 82, 'marion.bellamy@gmail.com', 'marion302', 'Bellamy', 'Marion', NULL, NULL, '2017-08-22 00:00:00', '0625151478', '0145785652', NULL, NULL, NULL, NULL, NULL, NULL, NULL, NULL, NULL, NULL, NULL);
INSERT INTO `utilisateur` (`type_utilisateur`, `id_utilisateur`, `mail_utilisateur`, `mdp_utilisateur`, `nom_utilisateur`, `prenom_utilisateur`, `identifiant_salarie`, `datedesinscription_nonsalarie`, `dateinscription_nonsalarie`, `tel1_nonsalarie`, `tel2_nonsalarie`, `bic_professionnel`, `iban_professionnel`, `identifiant_professionnel`, `raisonsociale_professionnel`, `siret_professionnel`, `descriptionbreve_producteur`, `descriptiondetaillee_producteur`, `photo_producteur`, `photocarree_producteur`, `tourneeReelleLivraison_id_tournee_theorique`, `tourneeReelleProducteur_id_tournee_theorique`) VALUES('consommateur', 83, 'migamegbe@yahoo.fr', 'afiwa635', 'Midamegbe', 'Afiwa', NULL, NULL, '2017-08-16 00:00:00', '0625212145', NULL, NULL, NULL, NULL, NULL, NULL, NULL, NULL, NULL, NULL, NULL, NULL);
INSERT INTO `utilisateur` (`type_utilisateur`, `id_utilisateur`, `mail_utilisateur`, `mdp_utilisateur`, `nom_utilisateur`, `prenom_utilisateur`, `identifiant_salarie`, `datedesinscription_nonsalarie`, `dateinscription_nonsalarie`, `tel1_nonsalarie`, `tel2_nonsalarie`, `bic_professionnel`, `iban_professionnel`, `identifiant_professionnel`, `raisonsociale_professionnel`, `siret_professionnel`, `descriptionbreve_producteur`, `descriptiondetaillee_producteur`, `photo_producteur`, `photocarree_producteur`, `tourneeReelleLivraison_id_tournee_theorique`, `tourneeReelleProducteur_id_tournee_theorique`) VALUES('consommateur', 84, 'lulumichau@gmail.com', 'ludovic', 'Michaudel', 'Ludovic', NULL, NULL, '2017-09-02 00:00:00', '0621458956', NULL, NULL, NULL, NULL, NULL, NULL, NULL, NULL, NULL, NULL, NULL, NULL);
INSERT INTO `utilisateur` (`type_utilisateur`, `id_utilisateur`, `mail_utilisateur`, `mdp_utilisateur`, `nom_utilisateur`, `prenom_utilisateur`, `identifiant_salarie`, `datedesinscription_nonsalarie`, `dateinscription_nonsalarie`, `tel1_nonsalarie`, `tel2_nonsalarie`, `bic_professionnel`, `iban_professionnel`, `identifiant_professionnel`, `raisonsociale_professionnel`, `siret_professionnel`, `descriptionbreve_producteur`, `descriptiondetaillee_producteur`, `photo_producteur`, `photocarree_producteur`, `tourneeReelleLivraison_id_tournee_theorique`, `tourneeReelleProducteur_id_tournee_theorique`) VALUES('consommateur', 85, 'antoinelulu@yahoo.fr', 'antoine1234', 'Louis', 'Antoine', NULL, NULL, '2017-09-01 00:00:00', '0626321512', NULL, NULL, NULL, NULL, NULL, NULL, NULL, NULL, NULL, NULL, NULL, NULL);
INSERT INTO `utilisateur` (`type_utilisateur`, `id_utilisateur`, `mail_utilisateur`, `mdp_utilisateur`, `nom_utilisateur`, `prenom_utilisateur`, `identifiant_salarie`, `datedesinscription_nonsalarie`, `dateinscription_nonsalarie`, `tel1_nonsalarie`, `tel2_nonsalarie`, `bic_professionnel`, `iban_professionnel`, `identifiant_professionnel`, `raisonsociale_professionnel`, `siret_professionnel`, `descriptionbreve_producteur`, `descriptiondetaillee_producteur`, `photo_producteur`, `photocarree_producteur`, `tourneeReelleLivraison_id_tournee_theorique`, `tourneeReelleProducteur_id_tournee_theorique`) VALUES('consommateur', 86, 'ramyajeyacumar@gmail.com', 'ramya789', 'Jeyacumar', 'Ramya', NULL, NULL, '2017-08-14 00:00:00', '0632315123', NULL, NULL, NULL, NULL, NULL, NULL, NULL, NULL, NULL, NULL, NULL, NULL);
INSERT INTO `utilisateur` (`type_utilisateur`, `id_utilisateur`, `mail_utilisateur`, `mdp_utilisateur`, `nom_utilisateur`, `prenom_utilisateur`, `identifiant_salarie`, `datedesinscription_nonsalarie`, `dateinscription_nonsalarie`, `tel1_nonsalarie`, `tel2_nonsalarie`, `bic_professionnel`, `iban_professionnel`, `identifiant_professionnel`, `raisonsociale_professionnel`, `siret_professionnel`, `descriptionbreve_producteur`, `descriptiondetaillee_producteur`, `photo_producteur`, `photocarree_producteur`, `tourneeReelleLivraison_id_tournee_theorique`, `tourneeReelleProducteur_id_tournee_theorique`) VALUES('consommateur', 87, 'florenceduhamel1889@gmail.com', 'florence78965', 'Duhamel', 'Florence', NULL, NULL, '2017-09-11 00:00:00', '0652454578', NULL, NULL, NULL, NULL, NULL, NULL, NULL, NULL, NULL, NULL, NULL, NULL);
INSERT INTO `utilisateur` (`type_utilisateur`, `id_utilisateur`, `mail_utilisateur`, `mdp_utilisateur`, `nom_utilisateur`, `prenom_utilisateur`, `identifiant_salarie`, `datedesinscription_nonsalarie`, `dateinscription_nonsalarie`, `tel1_nonsalarie`, `tel2_nonsalarie`, `bic_professionnel`, `iban_professionnel`, `identifiant_professionnel`, `raisonsociale_professionnel`, `siret_professionnel`, `descriptionbreve_producteur`, `descriptiondetaillee_producteur`, `photo_producteur`, `photocarree_producteur`, `tourneeReelleLivraison_id_tournee_theorique`, `tourneeReelleProducteur_id_tournee_theorique`) VALUES('consommateur', 88, 'fluetgustave@yahoo.com', 'gustavefluflu789', 'Fluet', 'Gustave', NULL, NULL, '2017-09-04 00:00:00', '0623147895', NULL, NULL, NULL, NULL, NULL, NULL, NULL, NULL, NULL, NULL, NULL, NULL);
INSERT INTO `utilisateur` (`type_utilisateur`, `id_utilisateur`, `mail_utilisateur`, `mdp_utilisateur`, `nom_utilisateur`, `prenom_utilisateur`, `identifiant_salarie`, `datedesinscription_nonsalarie`, `dateinscription_nonsalarie`, `tel1_nonsalarie`, `tel2_nonsalarie`, `bic_professionnel`, `iban_professionnel`, `identifiant_professionnel`, `raisonsociale_professionnel`, `siret_professionnel`, `descriptionbreve_producteur`, `descriptiondetaillee_producteur`, `photo_producteur`, `photocarree_producteur`, `tourneeReelleLivraison_id_tournee_theorique`, `tourneeReelleProducteur_id_tournee_theorique`) VALUES('consommateur', 89, 'gigibousquet@gmail.com', 'gilbert7884', 'Bousquet', 'Gilbert', NULL, NULL, '2017-09-05 00:00:00', '0623157845', NULL, NULL, NULL, NULL, NULL, NULL, NULL, NULL, NULL, NULL, NULL, NULL);
INSERT INTO `utilisateur` (`type_utilisateur`, `id_utilisateur`, `mail_utilisateur`, `mdp_utilisateur`, `nom_utilisateur`, `prenom_utilisateur`, `identifiant_salarie`, `datedesinscription_nonsalarie`, `dateinscription_nonsalarie`, `tel1_nonsalarie`, `tel2_nonsalarie`, `bic_professionnel`, `iban_professionnel`, `identifiant_professionnel`, `raisonsociale_professionnel`, `siret_professionnel`, `descriptionbreve_producteur`, `descriptiondetaillee_producteur`, `photo_producteur`, `photocarree_producteur`, `tourneeReelleLivraison_id_tournee_theorique`, `tourneeReelleProducteur_id_tournee_theorique`) VALUES('consommateur', 90, 'saintpierre@orange.fr', 'willy75245', 'Saintpierre', 'William', NULL, NULL, '2017-09-03 00:00:00', '0623124578', NULL, NULL, NULL, NULL, NULL, NULL, NULL, NULL, NULL, NULL, NULL, NULL);
INSERT INTO `utilisateur` (`type_utilisateur`, `id_utilisateur`, `mail_utilisateur`, `mdp_utilisateur`, `nom_utilisateur`, `prenom_utilisateur`, `identifiant_salarie`, `datedesinscription_nonsalarie`, `dateinscription_nonsalarie`, `tel1_nonsalarie`, `tel2_nonsalarie`, `bic_professionnel`, `iban_professionnel`, `identifiant_professionnel`, `raisonsociale_professionnel`, `siret_professionnel`, `descriptionbreve_producteur`, `descriptiondetaillee_producteur`, `photo_producteur`, `photocarree_producteur`, `tourneeReelleLivraison_id_tournee_theorique`, `tourneeReelleProducteur_id_tournee_theorique`) VALUES('consommateur', 91, 'chausseegilles@orange.fr', 'gillou874512', 'Chauss?e', 'Gilles', NULL, NULL, '2017-09-07 00:00:00', '0645784515', NULL, NULL, NULL, NULL, NULL, NULL, NULL, NULL, NULL, NULL, NULL, NULL);
INSERT INTO `utilisateur` (`type_utilisateur`, `id_utilisateur`, `mail_utilisateur`, `mdp_utilisateur`, `nom_utilisateur`, `prenom_utilisateur`, `identifiant_salarie`, `datedesinscription_nonsalarie`, `dateinscription_nonsalarie`, `tel1_nonsalarie`, `tel2_nonsalarie`, `bic_professionnel`, `iban_professionnel`, `identifiant_professionnel`, `raisonsociale_professionnel`, `siret_professionnel`, `descriptionbreve_producteur`, `descriptiondetaillee_producteur`, `photo_producteur`, `photocarree_producteur`, `tourneeReelleLivraison_id_tournee_theorique`, `tourneeReelleProducteur_id_tournee_theorique`) VALUES('consommateur', 92, 'alexandrie@gmail.com', 'alexalex78451', 'Plaisance', 'Alexandra', NULL, NULL, '2017-08-15 00:00:00', '0641212178', NULL, NULL, NULL, NULL, NULL, NULL, NULL, NULL, NULL, NULL, NULL, NULL);
INSERT INTO `utilisateur` (`type_utilisateur`, `id_utilisateur`, `mail_utilisateur`, `mdp_utilisateur`, `nom_utilisateur`, `prenom_utilisateur`, `identifiant_salarie`, `datedesinscription_nonsalarie`, `dateinscription_nonsalarie`, `tel1_nonsalarie`, `tel2_nonsalarie`, `bic_professionnel`, `iban_professionnel`, `identifiant_professionnel`, `raisonsociale_professionnel`, `siret_professionnel`, `descriptionbreve_producteur`, `descriptiondetaillee_producteur`, `photo_producteur`, `photocarree_producteur`, `tourneeReelleLivraison_id_tournee_theorique`, `tourneeReelleProducteur_id_tournee_theorique`) VALUES('consommateur', 93, 'robitaille@gmail.com', 'amaury74562', 'Robitaille', 'Amaury', NULL, NULL, '2017-08-08 00:00:00', '0623124578', NULL, NULL, NULL, NULL, NULL, NULL, NULL, NULL, NULL, NULL, NULL, NULL);
INSERT INTO `utilisateur` (`type_utilisateur`, `id_utilisateur`, `mail_utilisateur`, `mdp_utilisateur`, `nom_utilisateur`, `prenom_utilisateur`, `identifiant_salarie`, `datedesinscription_nonsalarie`, `dateinscription_nonsalarie`, `tel1_nonsalarie`, `tel2_nonsalarie`, `bic_professionnel`, `iban_professionnel`, `identifiant_professionnel`, `raisonsociale_professionnel`, `siret_professionnel`, `descriptionbreve_producteur`, `descriptiondetaillee_producteur`, `photo_producteur`, `photocarree_producteur`, `tourneeReelleLivraison_id_tournee_theorique`, `tourneeReelleProducteur_id_tournee_theorique`) VALUES('consommateur', 94, 'simone.adler@gmail.com', 'simomo7845', 'Adler', 'Simone', NULL, NULL, '2017-09-06 00:00:00', '0645651325', NULL, NULL, NULL, NULL, NULL, NULL, NULL, NULL, NULL, NULL, NULL, NULL);
INSERT INTO `utilisateur` (`type_utilisateur`, `id_utilisateur`, `mail_utilisateur`, `mdp_utilisateur`, `nom_utilisateur`, `prenom_utilisateur`, `identifiant_salarie`, `datedesinscription_nonsalarie`, `dateinscription_nonsalarie`, `tel1_nonsalarie`, `tel2_nonsalarie`, `bic_professionnel`, `iban_professionnel`, `identifiant_professionnel`, `raisonsociale_professionnel`, `siret_professionnel`, `descriptionbreve_producteur`, `descriptiondetaillee_producteur`, `photo_producteur`, `photocarree_producteur`, `tourneeReelleLivraison_id_tournee_theorique`, `tourneeReelleProducteur_id_tournee_theorique`) VALUES('consommateur', 95, 'danicartier@gmail.com', 'danidu789', 'Cartier', 'Danielle', NULL, NULL, '2017-08-10 00:00:00', '0665548723', NULL, NULL, NULL, NULL, NULL, NULL, NULL, NULL, NULL, NULL, NULL, NULL);
INSERT INTO `utilisateur` (`type_utilisateur`, `id_utilisateur`, `mail_utilisateur`, `mdp_utilisateur`, `nom_utilisateur`, `prenom_utilisateur`, `identifiant_salarie`, `datedesinscription_nonsalarie`, `dateinscription_nonsalarie`, `tel1_nonsalarie`, `tel2_nonsalarie`, `bic_professionnel`, `iban_professionnel`, `identifiant_professionnel`, `raisonsociale_professionnel`, `siret_professionnel`, `descriptionbreve_producteur`, `descriptiondetaillee_producteur`, `photo_producteur`, `photocarree_producteur`, `tourneeReelleLivraison_id_tournee_theorique`, `tourneeReelleProducteur_id_tournee_theorique`) VALUES('consommateur', 96, 'guiguidonatien@yahoo.fr', 'guigui995', 'Guiguere', 'Donatien', NULL, NULL, '2017-09-08 00:00:00', '0629581247', NULL, NULL, NULL, NULL, NULL, NULL, NULL, NULL, NULL, NULL, NULL, NULL);
INSERT INTO `utilisateur` (`type_utilisateur`, `id_utilisateur`, `mail_utilisateur`, `mdp_utilisateur`, `nom_utilisateur`, `prenom_utilisateur`, `identifiant_salarie`, `datedesinscription_nonsalarie`, `dateinscription_nonsalarie`, `tel1_nonsalarie`, `tel2_nonsalarie`, `bic_professionnel`, `iban_professionnel`, `identifiant_professionnel`, `raisonsociale_professionnel`, `siret_professionnel`, `descriptionbreve_producteur`, `descriptiondetaillee_producteur`, `photo_producteur`, `photocarree_producteur`, `tourneeReelleLivraison_id_tournee_theorique`, `tourneeReelleProducteur_id_tournee_theorique`) VALUES('consommateur', 97, 'steph789@gmail.com', 'steph7845', 'Jodoin', 'St?phane', NULL, NULL, '2017-09-11 00:00:00', '0665654542', NULL, NULL, NULL, NULL, NULL, NULL, NULL, NULL, NULL, NULL, NULL, NULL);
INSERT INTO `utilisateur` (`type_utilisateur`, `id_utilisateur`, `mail_utilisateur`, `mdp_utilisateur`, `nom_utilisateur`, `prenom_utilisateur`, `identifiant_salarie`, `datedesinscription_nonsalarie`, `dateinscription_nonsalarie`, `tel1_nonsalarie`, `tel2_nonsalarie`, `bic_professionnel`, `iban_professionnel`, `identifiant_professionnel`, `raisonsociale_professionnel`, `siret_professionnel`, `descriptionbreve_producteur`, `descriptiondetaillee_producteur`, `photo_producteur`, `photocarree_producteur`, `tourneeReelleLivraison_id_tournee_theorique`, `tourneeReelleProducteur_id_tournee_theorique`) VALUES('consommateur', 98, 'penelopebrodeur@gmail.com', 'penelopelope789', 'Brodeur', 'Penelope', NULL, NULL, '2017-09-07 00:00:00', '0623312582', NULL, NULL, NULL, NULL, NULL, NULL, NULL, NULL, NULL, NULL, NULL, NULL);
INSERT INTO `utilisateur` (`type_utilisateur`, `id_utilisateur`, `mail_utilisateur`, `mdp_utilisateur`, `nom_utilisateur`, `prenom_utilisateur`, `identifiant_salarie`, `datedesinscription_nonsalarie`, `dateinscription_nonsalarie`, `tel1_nonsalarie`, `tel2_nonsalarie`, `bic_professionnel`, `iban_professionnel`, `identifiant_professionnel`, `raisonsociale_professionnel`, `siret_professionnel`, `descriptionbreve_producteur`, `descriptiondetaillee_producteur`, `photo_producteur`, `photocarree_producteur`, `tourneeReelleLivraison_id_tournee_theorique`, `tourneeReelleProducteur_id_tournee_theorique`) VALUES('consommateur', 99, 'patrick.sennet@yahoo.fr', 'patoche123', 'Sennet', 'Patrick', NULL, NULL, '2017-09-05 00:00:00', '0632214578', NULL, NULL, NULL, NULL, NULL, NULL, NULL, NULL, NULL, NULL, NULL, NULL);
INSERT INTO `utilisateur` (`type_utilisateur`, `id_utilisateur`, `mail_utilisateur`, `mdp_utilisateur`, `nom_utilisateur`, `prenom_utilisateur`, `identifiant_salarie`, `datedesinscription_nonsalarie`, `dateinscription_nonsalarie`, `tel1_nonsalarie`, `tel2_nonsalarie`, `bic_professionnel`, `iban_professionnel`, `identifiant_professionnel`, `raisonsociale_professionnel`, `siret_professionnel`, `descriptionbreve_producteur`, `descriptiondetaillee_producteur`, `photo_producteur`, `photocarree_producteur`, `tourneeReelleLivraison_id_tournee_theorique`, `tourneeReelleProducteur_id_tournee_theorique`) VALUES('consommateur', 100, 'olivieraudet@yahoo.fr', 'oliveverte89', 'Audet', 'OIivier', NULL, NULL, '2017-09-05 00:00:00', '0697923235', NULL, NULL, NULL, NULL, NULL, NULL, NULL, NULL, NULL, NULL, NULL, NULL);
INSERT INTO `utilisateur` (`type_utilisateur`, `id_utilisateur`, `mail_utilisateur`, `mdp_utilisateur`, `nom_utilisateur`, `prenom_utilisateur`, `identifiant_salarie`, `datedesinscription_nonsalarie`, `dateinscription_nonsalarie`, `tel1_nonsalarie`, `tel2_nonsalarie`, `bic_professionnel`, `iban_professionnel`, `identifiant_professionnel`, `raisonsociale_professionnel`, `siret_professionnel`, `descriptionbreve_producteur`, `descriptiondetaillee_producteur`, `photo_producteur`, `photocarree_producteur`, `tourneeReelleLivraison_id_tournee_theorique`, `tourneeReelleProducteur_id_tournee_theorique`) VALUES('consommateur', 101, 'loloricard@yahoo.fr', 'laurence7845', 'Ricard', 'Laurence', NULL, NULL, '2017-09-06 00:00:00', '0632914979', NULL, NULL, NULL, NULL, NULL, NULL, NULL, NULL, NULL, NULL, NULL, NULL);
INSERT INTO `utilisateur` (`type_utilisateur`, `id_utilisateur`, `mail_utilisateur`, `mdp_utilisateur`, `nom_utilisateur`, `prenom_utilisateur`, `identifiant_salarie`, `datedesinscription_nonsalarie`, `dateinscription_nonsalarie`, `tel1_nonsalarie`, `tel2_nonsalarie`, `bic_professionnel`, `iban_professionnel`, `identifiant_professionnel`, `raisonsociale_professionnel`, `siret_professionnel`, `descriptionbreve_producteur`, `descriptiondetaillee_producteur`, `photo_producteur`, `photocarree_producteur`, `tourneeReelleLivraison_id_tournee_theorique`, `tourneeReelleProducteur_id_tournee_theorique`) VALUES('consommateur', 102, 'estelloufortier@gmail.com', 'estelle3263', 'Fortier', 'Estelle', NULL, NULL, '2017-08-08 00:00:00', '0656363932', NULL, NULL, NULL, NULL, NULL, NULL, NULL, NULL, NULL, NULL, NULL, NULL);
INSERT INTO `utilisateur` (`type_utilisateur`, `id_utilisateur`, `mail_utilisateur`, `mdp_utilisateur`, `nom_utilisateur`, `prenom_utilisateur`, `identifiant_salarie`, `datedesinscription_nonsalarie`, `dateinscription_nonsalarie`, `tel1_nonsalarie`, `tel2_nonsalarie`, `bic_professionnel`, `iban_professionnel`, `identifiant_professionnel`, `raisonsociale_professionnel`, `siret_professionnel`, `descriptionbreve_producteur`, `descriptiondetaillee_producteur`, `photo_producteur`, `photocarree_producteur`, `tourneeReelleLivraison_id_tournee_theorique`, `tourneeReelleProducteur_id_tournee_theorique`) VALUES('consommateur', 103, 'jojobaril@gmail.com', 'joanna56123', 'Baril', 'Joanna', NULL, NULL, '2017-09-08 00:00:00', '0649612325', NULL, NULL, NULL, NULL, NULL, NULL, NULL, NULL, NULL, NULL, NULL, NULL);
INSERT INTO `utilisateur` (`type_utilisateur`, `id_utilisateur`, `mail_utilisateur`, `mdp_utilisateur`, `nom_utilisateur`, `prenom_utilisateur`, `identifiant_salarie`, `datedesinscription_nonsalarie`, `dateinscription_nonsalarie`, `tel1_nonsalarie`, `tel2_nonsalarie`, `bic_professionnel`, `iban_professionnel`, `identifiant_professionnel`, `raisonsociale_professionnel`, `siret_professionnel`, `descriptionbreve_producteur`, `descriptiondetaillee_producteur`, `photo_producteur`, `photocarree_producteur`, `tourneeReelleLivraison_id_tournee_theorique`, `tourneeReelleProducteur_id_tournee_theorique`) VALUES('consommateur', 104, 'ambrebarrientos@gmail.com', 'ambre4551', 'Barrientos', 'Ambre', NULL, NULL, '2017-09-05 00:00:00', '0623197842', NULL, NULL, NULL, NULL, NULL, NULL, NULL, NULL, NULL, NULL, NULL, NULL);
INSERT INTO `utilisateur` (`type_utilisateur`, `id_utilisateur`, `mail_utilisateur`, `mdp_utilisateur`, `nom_utilisateur`, `prenom_utilisateur`, `identifiant_salarie`, `datedesinscription_nonsalarie`, `dateinscription_nonsalarie`, `tel1_nonsalarie`, `tel2_nonsalarie`, `bic_professionnel`, `iban_professionnel`, `identifiant_professionnel`, `raisonsociale_professionnel`, `siret_professionnel`, `descriptionbreve_producteur`, `descriptiondetaillee_producteur`, `photo_producteur`, `photocarree_producteur`, `tourneeReelleLivraison_id_tournee_theorique`, `tourneeReelleProducteur_id_tournee_theorique`) VALUES('consommateur', 105, 'arnaudcollin@gmail.com', 'collin4565', 'Collin', 'Arnaud', NULL, NULL, '2017-09-12 00:00:00', '0634363932', NULL, NULL, NULL, NULL, NULL, NULL, NULL, NULL, NULL, NULL, NULL, NULL);
INSERT INTO `utilisateur` (`type_utilisateur`, `id_utilisateur`, `mail_utilisateur`, `mdp_utilisateur`, `nom_utilisateur`, `prenom_utilisateur`, `identifiant_salarie`, `datedesinscription_nonsalarie`, `dateinscription_nonsalarie`, `tel1_nonsalarie`, `tel2_nonsalarie`, `bic_professionnel`, `iban_professionnel`, `identifiant_professionnel`, `raisonsociale_professionnel`, `siret_professionnel`, `descriptionbreve_producteur`, `descriptiondetaillee_producteur`, `photo_producteur`, `photocarree_producteur`, `tourneeReelleLivraison_id_tournee_theorique`, `tourneeReelleProducteur_id_tournee_theorique`) VALUES('consommateur', 106, 'rachelledevost@yahoo.fr', 'rachelledevost', 'Devost', 'Rachelle', NULL, NULL, '2017-09-12 00:00:00', '0621272826', NULL, NULL, NULL, NULL, NULL, NULL, NULL, NULL, NULL, NULL, NULL, NULL);
INSERT INTO `utilisateur` (`type_utilisateur`, `id_utilisateur`, `mail_utilisateur`, `mdp_utilisateur`, `nom_utilisateur`, `prenom_utilisateur`, `identifiant_salarie`, `datedesinscription_nonsalarie`, `dateinscription_nonsalarie`, `tel1_nonsalarie`, `tel2_nonsalarie`, `bic_professionnel`, `iban_professionnel`, `identifiant_professionnel`, `raisonsociale_professionnel`, `siret_professionnel`, `descriptionbreve_producteur`, `descriptiondetaillee_producteur`, `photo_producteur`, `photocarree_producteur`, `tourneeReelleLivraison_id_tournee_theorique`, `tourneeReelleProducteur_id_tournee_theorique`) VALUES('consommateur', 107, 'elisabeth774@gmail.com', 'elisabeth5631', 'Bouchard', 'Elisabeth', NULL, NULL, '2017-09-04 00:00:00', '0649620145', NULL, NULL, NULL, NULL, NULL, NULL, NULL, NULL, NULL, NULL, NULL, NULL);
INSERT INTO `utilisateur` (`type_utilisateur`, `id_utilisateur`, `mail_utilisateur`, `mdp_utilisateur`, `nom_utilisateur`, `prenom_utilisateur`, `identifiant_salarie`, `datedesinscription_nonsalarie`, `dateinscription_nonsalarie`, `tel1_nonsalarie`, `tel2_nonsalarie`, `bic_professionnel`, `iban_professionnel`, `identifiant_professionnel`, `raisonsociale_professionnel`, `siret_professionnel`, `descriptionbreve_producteur`, `descriptiondetaillee_producteur`, `photo_producteur`, `photocarree_producteur`, `tourneeReelleLivraison_id_tournee_theorique`, `tourneeReelleProducteur_id_tournee_theorique`) VALUES('consommateur', 108, 'daubignerelo@gmail.com', 'elodie123456', 'Daubigner', 'Elodie', NULL, NULL, '2017-08-22 00:00:00', '0637193937', NULL, NULL, NULL, NULL, NULL, NULL, NULL, NULL, NULL, NULL, NULL, NULL);
INSERT INTO `utilisateur` (`type_utilisateur`, `id_utilisateur`, `mail_utilisateur`, `mdp_utilisateur`, `nom_utilisateur`, `prenom_utilisateur`, `identifiant_salarie`, `datedesinscription_nonsalarie`, `dateinscription_nonsalarie`, `tel1_nonsalarie`, `tel2_nonsalarie`, `bic_professionnel`, `iban_professionnel`, `identifiant_professionnel`, `raisonsociale_professionnel`, `siret_professionnel`, `descriptionbreve_producteur`, `descriptiondetaillee_producteur`, `photo_producteur`, `photocarree_producteur`, `tourneeReelleLivraison_id_tournee_theorique`, `tourneeReelleProducteur_id_tournee_theorique`) VALUES('consommateur', 109, 'christophedelhomme@gmail.com', 'christophedelhomme123', 'Delhomme', 'Christophe', NULL, NULL, '2017-08-23 00:00:00', '0632353712', NULL, NULL, NULL, NULL, NULL, NULL, NULL, NULL, NULL, NULL, NULL, NULL);
INSERT INTO `utilisateur` (`type_utilisateur`, `id_utilisateur`, `mail_utilisateur`, `mdp_utilisateur`, `nom_utilisateur`, `prenom_utilisateur`, `identifiant_salarie`, `datedesinscription_nonsalarie`, `dateinscription_nonsalarie`, `tel1_nonsalarie`, `tel2_nonsalarie`, `bic_professionnel`, `iban_professionnel`, `identifiant_professionnel`, `raisonsociale_professionnel`, `siret_professionnel`, `descriptionbreve_producteur`, `descriptiondetaillee_producteur`, `photo_producteur`, `photocarree_producteur`, `tourneeReelleLivraison_id_tournee_theorique`, `tourneeReelleProducteur_id_tournee_theorique`) VALUES('consommateur', 110, 'mallorydespins@gmail.com', 'mallory1234', 'Despins', 'Mallory', NULL, NULL, '2017-08-20 00:00:00', '0628199796', NULL, NULL, NULL, NULL, NULL, NULL, NULL, NULL, NULL, NULL, NULL, NULL);


-- --------------------------------------------------------


--
-- D?chargement des donn?es de la table `adresse_nonsalarie`
--

INSERT INTO `adresse_nonsalarie` (`id_nonsalarie`, `id_adresse`) VALUES (1, 1);
INSERT INTO `adresse_nonsalarie` (`id_nonsalarie`, `id_adresse`) VALUES (2, 2);
INSERT INTO `adresse_nonsalarie` (`id_nonsalarie`, `id_adresse`) VALUES (3, 3);
INSERT INTO `adresse_nonsalarie` (`id_nonsalarie`, `id_adresse`) VALUES (3, 4);
INSERT INTO `adresse_nonsalarie` (`id_nonsalarie`, `id_adresse`) VALUES (4, 3);
INSERT INTO `adresse_nonsalarie` (`id_nonsalarie`, `id_adresse`) VALUES (5, 5);
INSERT INTO `adresse_nonsalarie` (`id_nonsalarie`, `id_adresse`) VALUES (6, 6);
INSERT INTO `adresse_nonsalarie` (`id_nonsalarie`, `id_adresse`) VALUES (7, 7);
INSERT INTO `adresse_nonsalarie` (`id_nonsalarie`, `id_adresse`) VALUES (8, 8);
INSERT INTO `adresse_nonsalarie` (`id_nonsalarie`, `id_adresse`) VALUES (9, 9);
INSERT INTO `adresse_nonsalarie` (`id_nonsalarie`, `id_adresse`) VALUES (10, 10);
INSERT INTO `adresse_nonsalarie` (`id_nonsalarie`, `id_adresse`) VALUES (11, 11);
INSERT INTO `adresse_nonsalarie` (`id_nonsalarie`, `id_adresse`) VALUES (12, 12);
INSERT INTO `adresse_nonsalarie` (`id_nonsalarie`, `id_adresse`) VALUES (13, 13);
INSERT INTO `adresse_nonsalarie` (`id_nonsalarie`, `id_adresse`) VALUES (14, 14);
INSERT INTO `adresse_nonsalarie` (`id_nonsalarie`, `id_adresse`) VALUES (15, 15);
INSERT INTO `adresse_nonsalarie` (`id_nonsalarie`, `id_adresse`) VALUES (16, 16);
INSERT INTO `adresse_nonsalarie` (`id_nonsalarie`, `id_adresse`) VALUES (17, 17);
INSERT INTO `adresse_nonsalarie` (`id_nonsalarie`, `id_adresse`) VALUES (18, 18);
INSERT INTO `adresse_nonsalarie` (`id_nonsalarie`, `id_adresse`) VALUES (19, 19);
INSERT INTO `adresse_nonsalarie` (`id_nonsalarie`, `id_adresse`) VALUES (20, 20);
INSERT INTO `adresse_nonsalarie` (`id_nonsalarie`, `id_adresse`) VALUES (45, 21);
INSERT INTO `adresse_nonsalarie` (`id_nonsalarie`, `id_adresse`) VALUES (46, 22);
INSERT INTO `adresse_nonsalarie` (`id_nonsalarie`, `id_adresse`) VALUES (47, 23);
INSERT INTO `adresse_nonsalarie` (`id_nonsalarie`, `id_adresse`) VALUES (48, 24);
INSERT INTO `adresse_nonsalarie` (`id_nonsalarie`, `id_adresse`) VALUES (49, 25);
INSERT INTO `adresse_nonsalarie` (`id_nonsalarie`, `id_adresse`) VALUES (50, 26);
INSERT INTO `adresse_nonsalarie` (`id_nonsalarie`, `id_adresse`) VALUES (51, 27);
INSERT INTO `adresse_nonsalarie` (`id_nonsalarie`, `id_adresse`) VALUES (52, 28);
INSERT INTO `adresse_nonsalarie` (`id_nonsalarie`, `id_adresse`) VALUES (53, 29);
INSERT INTO `adresse_nonsalarie` (`id_nonsalarie`, `id_adresse`) VALUES (54, 30);
INSERT INTO `adresse_nonsalarie` (`id_nonsalarie`, `id_adresse`) VALUES (55, 31);
INSERT INTO `adresse_nonsalarie` (`id_nonsalarie`, `id_adresse`) VALUES (56, 32);
INSERT INTO `adresse_nonsalarie` (`id_nonsalarie`, `id_adresse`) VALUES (57, 33);
INSERT INTO `adresse_nonsalarie` (`id_nonsalarie`, `id_adresse`) VALUES (58, 34);
INSERT INTO `adresse_nonsalarie` (`id_nonsalarie`, `id_adresse`) VALUES (59, 35);
INSERT INTO `adresse_nonsalarie` (`id_nonsalarie`, `id_adresse`) VALUES (60, 36);
INSERT INTO `adresse_nonsalarie` (`id_nonsalarie`, `id_adresse`) VALUES (61, 61);
INSERT INTO `adresse_nonsalarie` (`id_nonsalarie`, `id_adresse`) VALUES (62, 62);
INSERT INTO `adresse_nonsalarie` (`id_nonsalarie`, `id_adresse`) VALUES (63, 63);
INSERT INTO `adresse_nonsalarie` (`id_nonsalarie`, `id_adresse`) VALUES (64, 64);
INSERT INTO `adresse_nonsalarie` (`id_nonsalarie`, `id_adresse`) VALUES (65, 65);
INSERT INTO `adresse_nonsalarie` (`id_nonsalarie`, `id_adresse`) VALUES (66, 66);
INSERT INTO `adresse_nonsalarie` (`id_nonsalarie`, `id_adresse`) VALUES (67, 67);
INSERT INTO `adresse_nonsalarie` (`id_nonsalarie`, `id_adresse`) VALUES (68, 68);
INSERT INTO `adresse_nonsalarie` (`id_nonsalarie`, `id_adresse`) VALUES (69, 69);
INSERT INTO `adresse_nonsalarie` (`id_nonsalarie`, `id_adresse`) VALUES (70, 70);
INSERT INTO `adresse_nonsalarie` (`id_nonsalarie`, `id_adresse`) VALUES (71, 71);
INSERT INTO `adresse_nonsalarie` (`id_nonsalarie`, `id_adresse`) VALUES (72, 72);
INSERT INTO `adresse_nonsalarie` (`id_nonsalarie`, `id_adresse`) VALUES (73, 73);
INSERT INTO `adresse_nonsalarie` (`id_nonsalarie`, `id_adresse`) VALUES (74, 74);
INSERT INTO `adresse_nonsalarie` (`id_nonsalarie`, `id_adresse`) VALUES (75, 75);
INSERT INTO `adresse_nonsalarie` (`id_nonsalarie`, `id_adresse`) VALUES (76, 76);
INSERT INTO `adresse_nonsalarie` (`id_nonsalarie`, `id_adresse`) VALUES (77, 77);
INSERT INTO `adresse_nonsalarie` (`id_nonsalarie`, `id_adresse`) VALUES (78, 78);
INSERT INTO `adresse_nonsalarie` (`id_nonsalarie`, `id_adresse`) VALUES (21, 37);
INSERT INTO `adresse_nonsalarie` (`id_nonsalarie`, `id_adresse`) VALUES (22, 38);
INSERT INTO `adresse_nonsalarie` (`id_nonsalarie`, `id_adresse`) VALUES (23, 39);
INSERT INTO `adresse_nonsalarie` (`id_nonsalarie`, `id_adresse`) VALUES (24, 40);
INSERT INTO `adresse_nonsalarie` (`id_nonsalarie`, `id_adresse`) VALUES (25, 41);
INSERT INTO `adresse_nonsalarie` (`id_nonsalarie`, `id_adresse`) VALUES (26, 42);
INSERT INTO `adresse_nonsalarie` (`id_nonsalarie`, `id_adresse`) VALUES (27, 43);
INSERT INTO `adresse_nonsalarie` (`id_nonsalarie`, `id_adresse`) VALUES (28, 44);
INSERT INTO `adresse_nonsalarie` (`id_nonsalarie`, `id_adresse`) VALUES (29, 45);
INSERT INTO `adresse_nonsalarie` (`id_nonsalarie`, `id_adresse`) VALUES (30, 46);
INSERT INTO `adresse_nonsalarie` (`id_nonsalarie`, `id_adresse`) VALUES (31, 47);
INSERT INTO `adresse_nonsalarie` (`id_nonsalarie`, `id_adresse`) VALUES (32, 48);
INSERT INTO `adresse_nonsalarie` (`id_nonsalarie`, `id_adresse`) VALUES (33, 49);
INSERT INTO `adresse_nonsalarie` (`id_nonsalarie`, `id_adresse`) VALUES (34, 50);
INSERT INTO `adresse_nonsalarie` (`id_nonsalarie`, `id_adresse`) VALUES (35, 51);
INSERT INTO `adresse_nonsalarie` (`id_nonsalarie`, `id_adresse`) VALUES (36, 52);
INSERT INTO `adresse_nonsalarie` (`id_nonsalarie`, `id_adresse`) VALUES (37, 53);
INSERT INTO `adresse_nonsalarie` (`id_nonsalarie`, `id_adresse`) VALUES (38, 54);
INSERT INTO `adresse_nonsalarie` (`id_nonsalarie`, `id_adresse`) VALUES (39, 55);
INSERT INTO `adresse_nonsalarie` (`id_nonsalarie`, `id_adresse`) VALUES (40, 56);
INSERT INTO `adresse_nonsalarie` (`id_nonsalarie`, `id_adresse`) VALUES (41, 57);
INSERT INTO `adresse_nonsalarie` (`id_nonsalarie`, `id_adresse`) VALUES (42, 58);
INSERT INTO `adresse_nonsalarie` (`id_nonsalarie`, `id_adresse`) VALUES (43, 59);
INSERT INTO `adresse_nonsalarie` (`id_nonsalarie`, `id_adresse`) VALUES (44, 60);
INSERT INTO `adresse_nonsalarie` (`id_nonsalarie`, `id_adresse`) VALUES (108, 79);
INSERT INTO `adresse_nonsalarie` (`id_nonsalarie`, `id_adresse`) VALUES (108, 80);
INSERT INTO `adresse_nonsalarie` (`id_nonsalarie`, `id_adresse`) VALUES (88, 81);
INSERT INTO `adresse_nonsalarie` (`id_nonsalarie`, `id_adresse`) VALUES (88, 82);
INSERT INTO `adresse_nonsalarie` (`id_nonsalarie`, `id_adresse`) VALUES (85, 83);
INSERT INTO `adresse_nonsalarie` (`id_nonsalarie`, `id_adresse`) VALUES (85, 84);

-- --------------------------------------------------------


--
-- D?chargement des donn?es de la table `categorieproducteur`
--

INSERT INTO `categorieproducteur` (`id_categorieproducteur`, `libelle_categorieproducteur`) VALUES (1, 'Apiculteur');
INSERT INTO `categorieproducteur` (`id_categorieproducteur`, `libelle_categorieproducteur`) VALUES (2, 'Producteur de fruits');
INSERT INTO `categorieproducteur` (`id_categorieproducteur`, `libelle_categorieproducteur`) VALUES (3, 'Mara?cher');
INSERT INTO `categorieproducteur` (`id_categorieproducteur`, `libelle_categorieproducteur`) VALUES (4, 'Producteur d\'?ufs');
INSERT INTO `categorieproducteur` (`id_categorieproducteur`, `libelle_categorieproducteur`) VALUES (5, 'Brasseur');
INSERT INTO `categorieproducteur` (`id_categorieproducteur`, `libelle_categorieproducteur`) VALUES (6, 'Vigneron');
INSERT INTO `categorieproducteur` (`id_categorieproducteur`, `libelle_categorieproducteur`) VALUES (7, 'Producteur de lait');

-- --------------------------------------------------------


--
-- D?chargement des donn?es de la table `categorie_producteur`
--


INSERT INTO `categorie_producteur` (`id_producteur`, `id_categorieproducteur`) VALUES (21, 1);
INSERT INTO `categorie_producteur` (`id_producteur`, `id_categorieproducteur`) VALUES (22, 6);
INSERT INTO `categorie_producteur` (`id_producteur`, `id_categorieproducteur`) VALUES (23, 3);
INSERT INTO `categorie_producteur` (`id_producteur`, `id_categorieproducteur`) VALUES (24, 2);
INSERT INTO `categorie_producteur` (`id_producteur`, `id_categorieproducteur`) VALUES (25, 3);
INSERT INTO `categorie_producteur` (`id_producteur`, `id_categorieproducteur`) VALUES (26, 2);
INSERT INTO `categorie_producteur` (`id_producteur`, `id_categorieproducteur`) VALUES (27, 4);
INSERT INTO `categorie_producteur` (`id_producteur`, `id_categorieproducteur`) VALUES (28, 2);
INSERT INTO `categorie_producteur` (`id_producteur`, `id_categorieproducteur`) VALUES (29, 3);
INSERT INTO `categorie_producteur` (`id_producteur`, `id_categorieproducteur`) VALUES (30, 1);
INSERT INTO `categorie_producteur` (`id_producteur`, `id_categorieproducteur`) VALUES (31, 4);
INSERT INTO `categorie_producteur` (`id_producteur`, `id_categorieproducteur`) VALUES (32, 3);
INSERT INTO `categorie_producteur` (`id_producteur`, `id_categorieproducteur`) VALUES (33, 7);
INSERT INTO `categorie_producteur` (`id_producteur`, `id_categorieproducteur`) VALUES (34, 2);
INSERT INTO `categorie_producteur` (`id_producteur`, `id_categorieproducteur`) VALUES (35, 2);
INSERT INTO `categorie_producteur` (`id_producteur`, `id_categorieproducteur`) VALUES (36, 5);
INSERT INTO `categorie_producteur` (`id_producteur`, `id_categorieproducteur`) VALUES (37, 7);
INSERT INTO `categorie_producteur` (`id_producteur`, `id_categorieproducteur`) VALUES (38, 2);
INSERT INTO `categorie_producteur` (`id_producteur`, `id_categorieproducteur`) VALUES (39, 3);
INSERT INTO `categorie_producteur` (`id_producteur`, `id_categorieproducteur`) VALUES (40, 6);
INSERT INTO `categorie_producteur` (`id_producteur`, `id_categorieproducteur`) VALUES (41, 3);
INSERT INTO `categorie_producteur` (`id_producteur`, `id_categorieproducteur`) VALUES (42, 1);
INSERT INTO `categorie_producteur` (`id_producteur`, `id_categorieproducteur`) VALUES (43, 4);
INSERT INTO `categorie_producteur` (`id_producteur`, `id_categorieproducteur`) VALUES (44, 6);

-- --------------------------------------------------------

--
-- D?chargement des donn?es de la table `categorieproduit`
--

INSERT INTO `categorieproduit` (`id_categorieproduit`, `libelle_categorieproduit`, `id_categorie_tcategorie`) VALUES (1, 'Fruits', NULL);
INSERT INTO `categorieproduit` (`id_categorieproduit`, `libelle_categorieproduit`, `id_categorie_tcategorie`) VALUES (2, 'L?gumes', NULL);
INSERT INTO `categorieproduit` (`id_categorieproduit`, `libelle_categorieproduit`, `id_categorie_tcategorie`) VALUES (3, 'Lait / ?ufs', NULL);
INSERT INTO `categorieproduit` (`id_categorieproduit`, `libelle_categorieproduit`, `id_categorie_tcategorie`) VALUES (4, 'Miel', NULL);
INSERT INTO `categorieproduit` (`id_categorieproduit`, `libelle_categorieproduit`, `id_categorie_tcategorie`) VALUES (5, 'Boissons', NULL);
INSERT INTO `categorieproduit` (`id_categorieproduit`, `libelle_categorieproduit`, `id_categorie_tcategorie`) VALUES (6, 'Boissons non alcoolis?es', 5);
INSERT INTO `categorieproduit` (`id_categorieproduit`, `libelle_categorieproduit`, `id_categorie_tcategorie`) VALUES (7, 'Boissons alcoolis?es', 5);
INSERT INTO `categorieproduit` (`id_categorieproduit`, `libelle_categorieproduit`, `id_categorie_tcategorie`) VALUES (8, 'Fruits ? p?pins', 1);
INSERT INTO `categorieproduit` (`id_categorieproduit`, `libelle_categorieproduit`, `id_categorie_tcategorie`) VALUES (9, 'Fruits ? noyau', 1);
INSERT INTO `categorieproduit` (`id_categorieproduit`, `libelle_categorieproduit`, `id_categorie_tcategorie`) VALUES (10, 'Fruits secs', 1);
INSERT INTO `categorieproduit` (`id_categorieproduit`, `libelle_categorieproduit`, `id_categorie_tcategorie`) VALUES (11, 'L?gumes ? racines', 2);
INSERT INTO `categorieproduit` (`id_categorieproduit`, `libelle_categorieproduit`, `id_categorie_tcategorie`) VALUES (12, 'L?gumes ? bulbes', 2);
INSERT INTO `categorieproduit` (`id_categorieproduit`, `libelle_categorieproduit`, `id_categorie_tcategorie`) VALUES (13, 'L?gumes ? fleurs', 2);
INSERT INTO `categorieproduit` (`id_categorieproduit`, `libelle_categorieproduit`, `id_categorie_tcategorie`) VALUES (14, 'L?gumes verts', 2);
INSERT INTO `categorieproduit` (`id_categorieproduit`, `libelle_categorieproduit`, `id_categorie_tcategorie`) VALUES (15, 'Herbes aromatiques', 2);
INSERT INTO `categorieproduit` (`id_categorieproduit`, `libelle_categorieproduit`, `id_categorie_tcategorie`) VALUES (16, 'Lait', 3);
INSERT INTO `categorieproduit` (`id_categorieproduit`, `libelle_categorieproduit`, `id_categorie_tcategorie`) VALUES (17, '?ufs', 3);
INSERT INTO `categorieproduit` (`id_categorieproduit`, `libelle_categorieproduit`, `id_categorie_tcategorie`) VALUES (18, 'Pommes', 8);
INSERT INTO `categorieproduit` (`id_categorieproduit`, `libelle_categorieproduit`, `id_categorie_tcategorie`) VALUES (19, 'Poires', 8);
INSERT INTO `categorieproduit` (`id_categorieproduit`, `libelle_categorieproduit`, `id_categorie_tcategorie`) VALUES (20, 'Raisins', 8);
INSERT INTO `categorieproduit` (`id_categorieproduit`, `libelle_categorieproduit`, `id_categorie_tcategorie`) VALUES (21, 'Citrons', 8);
INSERT INTO `categorieproduit` (`id_categorieproduit`, `libelle_categorieproduit`, `id_categorie_tcategorie`) VALUES (22, 'Prunes', 9);
INSERT INTO `categorieproduit` (`id_categorieproduit`, `libelle_categorieproduit`, `id_categorie_tcategorie`) VALUES (23, 'Reine-claude', 9);
INSERT INTO `categorieproduit` (`id_categorieproduit`, `libelle_categorieproduit`, `id_categorie_tcategorie`) VALUES (24, 'Noix', 10);
INSERT INTO `categorieproduit` (`id_categorieproduit`, `libelle_categorieproduit`, `id_categorie_tcategorie`) VALUES (25, 'Noisettes', 10);
INSERT INTO `categorieproduit` (`id_categorieproduit`, `libelle_categorieproduit`, `id_categorie_tcategorie`) VALUES (26, 'Betteraves', 11);
INSERT INTO `categorieproduit` (`id_categorieproduit`, `libelle_categorieproduit`, `id_categorie_tcategorie`) VALUES (27, 'Carottes', 11);
INSERT INTO `categorieproduit` (`id_categorieproduit`, `libelle_categorieproduit`, `id_categorie_tcategorie`) VALUES (28, 'C?leri', 11);
INSERT INTO `categorieproduit` (`id_categorieproduit`, `libelle_categorieproduit`, `id_categorie_tcategorie`) VALUES (29, 'Oignons', 12);
INSERT INTO `categorieproduit` (`id_categorieproduit`, `libelle_categorieproduit`, `id_categorie_tcategorie`) VALUES (30, 'Ail', 12);
INSERT INTO `categorieproduit` (`id_categorieproduit`, `libelle_categorieproduit`, `id_categorie_tcategorie`) VALUES (31, 'Echalottes', 12);
INSERT INTO `categorieproduit` (`id_categorieproduit`, `libelle_categorieproduit`, `id_categorie_tcategorie`) VALUES (32, 'Brocolis', 13);
INSERT INTO `categorieproduit` (`id_categorieproduit`, `libelle_categorieproduit`, `id_categorie_tcategorie`) VALUES (33, 'Artichaut', 13);
INSERT INTO `categorieproduit` (`id_categorieproduit`, `libelle_categorieproduit`, `id_categorie_tcategorie`) VALUES (34, 'Chou-fleur', 13);
INSERT INTO `categorieproduit` (`id_categorieproduit`, `libelle_categorieproduit`, `id_categorie_tcategorie`) VALUES (35, 'Haricots verts', 14);
INSERT INTO `categorieproduit` (`id_categorieproduit`, `libelle_categorieproduit`, `id_categorie_tcategorie`) VALUES (36, 'Salades', 14);
INSERT INTO `categorieproduit` (`id_categorieproduit`, `libelle_categorieproduit`, `id_categorie_tcategorie`) VALUES (37, 'Poireaux', 14);
INSERT INTO `categorieproduit` (`id_categorieproduit`, `libelle_categorieproduit`, `id_categorie_tcategorie`) VALUES (38, 'Basilic', 15);
INSERT INTO `categorieproduit` (`id_categorieproduit`, `libelle_categorieproduit`, `id_categorie_tcategorie`) VALUES (39, 'Persil', 15);
INSERT INTO `categorieproduit` (`id_categorieproduit`, `libelle_categorieproduit`, `id_categorie_tcategorie`) VALUES (40, '?ufs de poule', 17);
INSERT INTO `categorieproduit` (`id_categorieproduit`, `libelle_categorieproduit`, `id_categorie_tcategorie`) VALUES (41, '?ufs de caille', 17);
INSERT INTO `categorieproduit` (`id_categorieproduit`, `libelle_categorieproduit`, `id_categorie_tcategorie`) VALUES (42, 'Bi?res', 7);
INSERT INTO `categorieproduit` (`id_categorieproduit`, `libelle_categorieproduit`, `id_categorie_tcategorie`) VALUES (43, 'Vins', 7);
INSERT INTO `categorieproduit` (`id_categorieproduit`, `libelle_categorieproduit`, `id_categorie_tcategorie`) VALUES (44, 'Champignons', NULL);
INSERT INTO `categorieproduit` (`id_categorieproduit`, `libelle_categorieproduit`, `id_categorie_tcategorie`) VALUES (45, 'Courges', NULL);
INSERT INTO `categorieproduit` (`id_categorieproduit`, `libelle_categorieproduit`, `id_categorie_tcategorie`) VALUES (46, 'Ch?taignes', 10);

-- --------------------------------------------------------


--
-- D?chargement des donn?es de la table `categorierecette`
--

INSERT INTO `categorierecette` (`id_categorierecette`, `libelle_categorierecette`) VALUES (1, 'Entr?e');
INSERT INTO `categorierecette` (`id_categorierecette`, `libelle_categorierecette`) VALUES (2, 'Plat');
INSERT INTO `categorierecette` (`id_categorierecette`, `libelle_categorierecette`) VALUES (3, 'Dessert');

-- --------------------------------------------------------



--
-- D?chargement des donn?es de la table `conditionnement`
--
INSERT INTO `conditionnement` (`id_conditionnement`, `libelle_conditionnement`, `quantite_conditionnement`, `unite_conditionnement`) VALUES(1, 'Barquette', 125, 'g');
INSERT INTO `conditionnement` (`id_conditionnement`, `libelle_conditionnement`, `quantite_conditionnement`, `unite_conditionnement`) VALUES(2, 'Barquette', 250, 'g');
INSERT INTO `conditionnement` (`id_conditionnement`, `libelle_conditionnement`, `quantite_conditionnement`, `unite_conditionnement`) VALUES(3, 'Barquette', 500, 'g');
INSERT INTO `conditionnement` (`id_conditionnement`, `libelle_conditionnement`, `quantite_conditionnement`, `unite_conditionnement`) VALUES(4, 'Barquette', 1, 'Kg');
INSERT INTO `conditionnement` (`id_conditionnement`, `libelle_conditionnement`, `quantite_conditionnement`, `unite_conditionnement`) VALUES(5, 'Botte', 1, 'unit?');
INSERT INTO `conditionnement` (`id_conditionnement`, `libelle_conditionnement`, `quantite_conditionnement`, `unite_conditionnement`) VALUES(6, 'Boite (*6)', 1, 'unit?');
INSERT INTO `conditionnement` (`id_conditionnement`, `libelle_conditionnement`, `quantite_conditionnement`, `unite_conditionnement`) VALUES(7, 'Boite (*12)', 1, 'unit?');
INSERT INTO `conditionnement` (`id_conditionnement`, `libelle_conditionnement`, `quantite_conditionnement`, `unite_conditionnement`) VALUES(8, 'Boite (*24)', 1, 'unit?');
INSERT INTO `conditionnement` (`id_conditionnement`, `libelle_conditionnement`, `quantite_conditionnement`, `unite_conditionnement`) VALUES(9, 'Boite', 125, 'g');
INSERT INTO `conditionnement` (`id_conditionnement`, `libelle_conditionnement`, `quantite_conditionnement`, `unite_conditionnement`) VALUES(10, 'Boite', 250, 'g');
INSERT INTO `conditionnement` (`id_conditionnement`, `libelle_conditionnement`, `quantite_conditionnement`, `unite_conditionnement`) VALUES(11, 'Boite', 500, 'g');
INSERT INTO `conditionnement` (`id_conditionnement`, `libelle_conditionnement`, `quantite_conditionnement`, `unite_conditionnement`) VALUES(12, 'Boite', 1, 'Kg');
INSERT INTO `conditionnement` (`id_conditionnement`, `libelle_conditionnement`, `quantite_conditionnement`, `unite_conditionnement`) VALUES(13, 'Bouteille', 100, 'ml');
INSERT INTO `conditionnement` (`id_conditionnement`, `libelle_conditionnement`, `quantite_conditionnement`, `unite_conditionnement`) VALUES(14, 'Bouteille', 175, 'ml');
INSERT INTO `conditionnement` (`id_conditionnement`, `libelle_conditionnement`, `quantite_conditionnement`, `unite_conditionnement`) VALUES(15, 'Bouteille', 50, 'cl');
INSERT INTO `conditionnement` (`id_conditionnement`, `libelle_conditionnement`, `quantite_conditionnement`, `unite_conditionnement`) VALUES(16, 'Bouteille', 75, 'cl');
INSERT INTO `conditionnement` (`id_conditionnement`, `libelle_conditionnement`, `quantite_conditionnement`, `unite_conditionnement`) VALUES(17, 'Bouteille', 1, 'Litre');
INSERT INTO `conditionnement` (`id_conditionnement`, `libelle_conditionnement`, `quantite_conditionnement`, `unite_conditionnement`) VALUES(18, 'Bouteille', 2, 'Litres');
INSERT INTO `conditionnement` (`id_conditionnement`, `libelle_conditionnement`, `quantite_conditionnement`, `unite_conditionnement`) VALUES(19, 'Pack', 3, 'unit?s');
INSERT INTO `conditionnement` (`id_conditionnement`, `libelle_conditionnement`, `quantite_conditionnement`, `unite_conditionnement`) VALUES(20, 'Pack', 6, 'unit?s');
INSERT INTO `conditionnement` (`id_conditionnement`, `libelle_conditionnement`, `quantite_conditionnement`, `unite_conditionnement`) VALUES(21, 'Brique', 500, 'ml');
INSERT INTO `conditionnement` (`id_conditionnement`, `libelle_conditionnement`, `quantite_conditionnement`, `unite_conditionnement`) VALUES(22, 'Brique', 1, 'Litre');
INSERT INTO `conditionnement` (`id_conditionnement`, `libelle_conditionnement`, `quantite_conditionnement`, `unite_conditionnement`) VALUES(23, 'Cagette', 1, 'Kg');
INSERT INTO `conditionnement` (`id_conditionnement`, `libelle_conditionnement`, `quantite_conditionnement`, `unite_conditionnement`) VALUES(24, 'Cagette', 2, 'Kg');
INSERT INTO `conditionnement` (`id_conditionnement`, `libelle_conditionnement`, `quantite_conditionnement`, `unite_conditionnement`) VALUES(25, 'Cagette', 2.5, 'Kg');
INSERT INTO `conditionnement` (`id_conditionnement`, `libelle_conditionnement`, `quantite_conditionnement`, `unite_conditionnement`) VALUES(26, 'Cagette', 5, 'Kg');
INSERT INTO `conditionnement` (`id_conditionnement`, `libelle_conditionnement`, `quantite_conditionnement`, `unite_conditionnement`) VALUES(27, 'Cagette', 10, 'Kg');
INSERT INTO `conditionnement` (`id_conditionnement`, `libelle_conditionnement`, `quantite_conditionnement`, `unite_conditionnement`) VALUES(28, 'Panier', 1, 'unit?');
INSERT INTO `conditionnement` (`id_conditionnement`, `libelle_conditionnement`, `quantite_conditionnement`, `unite_conditionnement`) VALUES(29, 'Bocal', 250, 'g');
INSERT INTO `conditionnement` (`id_conditionnement`, `libelle_conditionnement`, `quantite_conditionnement`, `unite_conditionnement`) VALUES(30, 'Bocal', 500, 'g');
INSERT INTO `conditionnement` (`id_conditionnement`, `libelle_conditionnement`, `quantite_conditionnement`, `unite_conditionnement`) VALUES(31, 'Bocal', 1, 'Kg');
INSERT INTO `conditionnement` (`id_conditionnement`, `libelle_conditionnement`, `quantite_conditionnement`, `unite_conditionnement`) VALUES(32, 'Pot', 125, 'g');
INSERT INTO `conditionnement` (`id_conditionnement`, `libelle_conditionnement`, `quantite_conditionnement`, `unite_conditionnement`) VALUES(33, 'Pot', 250, 'g');
INSERT INTO `conditionnement` (`id_conditionnement`, `libelle_conditionnement`, `quantite_conditionnement`, `unite_conditionnement`) VALUES(34, 'Pot', 500, 'g');
INSERT INTO `conditionnement` (`id_conditionnement`, `libelle_conditionnement`, `quantite_conditionnement`, `unite_conditionnement`) VALUES(35, 'Pot', 1, 'Kg');
INSERT INTO `conditionnement` (`id_conditionnement`, `libelle_conditionnement`, `quantite_conditionnement`, `unite_conditionnement`) VALUES(36, 'Paquet', 1, 'unit?');

-- --------------------------------------------------------





--
-- D?chargement des donn?es de la table `produit`
--

INSERT INTO `produit` (`id_produit`, `date_creation_produit`, `description_produit`, `libelle_produit`, `photo_produit`, `prix_produit`, `quantitestock_produit`, `id_categorie_tproduit`, `id_producteur_tproduit`) VALUES(1, '2017-09-19 00:00:00', 'Le miel de ch?taignier est un produit qui porte le nom de son arbre d?origine. Les Castanea sativa Mill, de la famille des fagac?es, comme le ch?ne et le h?tre, sont de grands producteurs de pollen. Ces arbres sont surtout connus pour secr?ter du miellat et non du nectar. Or, le ch?taignier fait exception ? cette r?gle, par le fait qu?il secr?te du nectar et ?ventuellement du miellat. Quant ? son pollen, tr?s abondant, il se retrouve dans les miels r?colt?s au printemps.', 'Miel de ch?taignier', 'mielChataignier.jpg', 5.95, 50, 4, 21);
INSERT INTO `produit` (`id_produit`, `date_creation_produit`, `description_produit`, `libelle_produit`, `photo_produit`, `prix_produit`, `quantitestock_produit`, `id_categorie_tproduit`, `id_producteur_tproduit`) VALUES(2, '2017-09-19 00:00:00', 'Aux vertus apaisantes, ce miel d?un jaune clair ou fonc? a un go?t fortement menthol?, frais, sans acidit?, mais l?g?rement amer. Issu des fleurs du m?me nom, le miel de tilleul a un usage reconnu pour traiter les troubles d?insomnie. ', 'Miel de tilleul', 'miel-de-tilleul.jpg', 8.35, 60, 4, 21);
INSERT INTO `produit` (`id_produit`, `date_creation_produit`, `description_produit`, `libelle_produit`, `photo_produit`, `prix_produit`, `quantitestock_produit`, `id_categorie_tproduit`, `id_producteur_tproduit`) VALUES(3, '2017-09-19 00:00:00', 'Le miel de sarrasin est originaire du continent am?ricain. Longtemps consid?r? comme l\'embl?me de la Bretagne, il fut un temps o? il a failli disparaitre. Mais aujourd\'hui, il reprend peu ? peu du terrain et il est connu surtout comme miel de cru.', 'Miel de sarrasin', 'mielSarrasin.jpg', 9.25, 30, 4, 21);
INSERT INTO `produit` (`id_produit`, `date_creation_produit`, `description_produit`, `libelle_produit`, `photo_produit`, `prix_produit`, `quantitestock_produit`, `id_categorie_tproduit`, `id_producteur_tproduit`) VALUES(4, '2017-09-19 08:42:22', 'Magnifique cuv?e exub?rante et raffin?e en m?me temps. Ar?mes de fruits noirs, cacao et ?pices, bouche savoureuse et franche, tr?s aromatique, avec une belle trame m?re et go?teuse, de l\'?l?gance et un bel ?quilibre.', 'La Lionne 2015 Rouge', 'Lionne2015.png', 9.2, 140, 43, 22);
INSERT INTO `produit` (`id_produit`, `date_creation_produit`, `description_produit`, `libelle_produit`, `photo_produit`, `prix_produit`, `quantitestock_produit`, `id_categorie_tproduit`, `id_producteur_tproduit`) VALUES(5, '2017-09-19 08:42:22', 'Robe jaune dor? ? reflets verts. Le nez est explosif sur les fleurs blanches, les agrumes et le poivron vert bien m?r. Sauvignon de terroir ? la forte personnalit?, il explose en bouche d?veloppant ses ar?mes dans une trame beurr?e, presque poivr?e o? le poivron vert s\'enrobe de fleurs blanches, de pamplemousse et d\'une pointe anis?e. La cuv?e longue et fra?che pr?sente un bel ?quilibre en bouche.', 'La Lionne 2015 Blanc', 'LionneBlanc.jpg', 9.5, 56, 43, 22);
INSERT INTO `produit` (`id_produit`, `date_creation_produit`, `description_produit`, `libelle_produit`, `photo_produit`, `prix_produit`, `quantitestock_produit`, `id_categorie_tproduit`, `id_producteur_tproduit`) VALUES(6, '2017-09-19 00:00:00', 'Robe: p?tale de rose. Nez: fraise, framboise, pointe menthol?e? on reconna?t l?Engarran ros? ? son nez, une marque de fabrique qui se joue des mill?simes. Bouche: de la p?che de vigne ? une touche de groseille pour la douceur au palais, de la menthe froiss?e ? la cl?mentine pour r?veiller les papilles, ? la fois plein et frais, vif et long en bouche.', 'Vin ros?', 'roseEngarran.png', 9.5, 30, 43, 22);
INSERT INTO `produit` (`id_produit`, `date_creation_produit`, `description_produit`, `libelle_produit`, `photo_produit`, `prix_produit`, `quantitestock_produit`, `id_categorie_tproduit`, `id_producteur_tproduit`) VALUES(7, '2017-09-19 00:00:00', 'Le brocoli est un v?ritable d?lice vert qui se consomme sous tellement de formes et de textures qu?il est possible de jouer de sa saveur dans quantit? de pr?parations sal?es.', 'Brocoli', 'Brocolis.jpg', 3.5, 12, 32, 23);
INSERT INTO `produit` (`id_produit`, `date_creation_produit`, `description_produit`, `libelle_produit`, `photo_produit`, `prix_produit`, `quantitestock_produit`, `id_categorie_tproduit`, `id_producteur_tproduit`) VALUES(8, '2017-09-19 00:00:00', 'Le chou romanesco est une magnifique vari?t? de chou-fleur originaire d?Italie. C?est un l?gume-feuille de la famille du chou. Il est plus fin et un l?ger go?t de noix se d?gage de cette vari?t? de chou.', 'Chou romanesco', 'chouRomanesco.jpg', 4.5, 15, 34, 23);
INSERT INTO `produit` (`id_produit`, `date_creation_produit`, `description_produit`, `libelle_produit`, `photo_produit`, `prix_produit`, `quantitestock_produit`, `id_categorie_tproduit`, `id_producteur_tproduit`) VALUES(9, '2017-09-19 00:00:00', 'Les haricots mangetout sont une des vari?t?s de haricots verts. On les reconnait ? leur gousse allong?e sans parchemin et ? leur couleur verte ou jaune. M?rs, ils contiennent des graines tendres, parfois sans fil. ', 'Mange-tout', 'mangeTout.jpg', 2.5, 70, 35, 23);
INSERT INTO `produit` (`id_produit`, `date_creation_produit`, `description_produit`, `libelle_produit`, `photo_produit`, `prix_produit`, `quantitestock_produit`, `id_categorie_tproduit`, `id_producteur_tproduit`) VALUES(10, '2017-09-19 09:01:25', 'La pomme Ariane est ? la fois sucr?e et acidul?e, ferme et croquante, juteuse et p?tillante en bouche, pour une saveur authentique. Bicolore, d?un rouge profond et brillant  paillet? de lenticelles, Ariane marie ?l?gance et rusticit?.', 'Pomme Ariane', 'pommeAriane.jpg', 3.3, 45, 18, 24);
INSERT INTO `produit` (`id_produit`, `date_creation_produit`, `description_produit`, `libelle_produit`, `photo_produit`, `prix_produit`, `quantitestock_produit`, `id_categorie_tproduit`, `id_producteur_tproduit`) VALUES(11, '2017-09-19 09:01:25', 'La Gala est une pomme rouge issue du croisement entre la Kidd\'s Orange Red et la Golden Delicious. La vari?t? a ?t? cr??e en Nouvelle-Z?lande dans les ann?es 1930 par le p?pini?riste J.H. Kidd. Elle est disponible de septembre ? mai.', 'Pomme Gala', 'PommeGala.jpg', 2.5, 30, 18, 24);
INSERT INTO `produit` (`id_produit`, `date_creation_produit`, `description_produit`, `libelle_produit`, `photo_produit`, `prix_produit`, `quantitestock_produit`, `id_categorie_tproduit`, `id_producteur_tproduit`) VALUES(12, '2017-09-19 09:05:46', 'Disponible de septembre ? avril, la poire Conf?rence est la poire d?automne et d?hiver par excellence. Elle a en effet besoin d?une p?riode de froid pour se d?velopper. Vari?t? la plus produite en Europe, elle doit son succ?s ? sa tenue lors de l?affinage et de la conservation.', 'Poire Conf?rence', 'PoireConference.jpg', 3.5, 45, 19, 24);
INSERT INTO `produit` (`id_produit`, `date_creation_produit`, `description_produit`, `libelle_produit`, `photo_produit`, `prix_produit`, `quantitestock_produit`, `id_categorie_tproduit`, `id_producteur_tproduit`) VALUES(13, '2017-09-19 09:05:46', 'Un tr?sor de sant? !  Riche en germanium et s?l?nium, c\'est un aliment pr?cieux pour la sant?.  L\'ail violet est une vari?t? d\'automne, productive, pr?coce, violet. Bonne conservation.', 'Ail violet', 'AilViolet.jpg', 5.9, 75, 30, 25);
INSERT INTO `produit` (`id_produit`, `date_creation_produit`, `description_produit`, `libelle_produit`, `photo_produit`, `prix_produit`, `quantitestock_produit`, `id_categorie_tproduit`, `id_producteur_tproduit`) VALUES(14, '2017-09-19 09:09:46', 'L?oignon jaune, parfois appel? oignon paille, est le bulbe d?une plante potag?re de la famille des alliac?s et qui porte le m?me nom. Le bulbe de l?oignon est constitu? de feuilles claires, tr?s charnues, juteuses et fortes en go?t, recouvertes de fines pelures d?un jaune plus ou moins fonc?.', 'Oignon jaune', 'OignonJaune.jpg', 1.9, 25, 29, 25);
INSERT INTO `produit` (`id_produit`, `date_creation_produit`, `description_produit`, `libelle_produit`, `photo_produit`, `prix_produit`, `quantitestock_produit`, `id_categorie_tproduit`, `id_producteur_tproduit`) VALUES(15, '2017-09-19 09:09:46', 'D?licieux et craquant cru, savoureux et gourmand cuit, le c?leri-rave se pr?pare rapidement et se marie avec tous types de plats, du plus simple au plus ?l?gant. Voici quelques astuces pour appr?cier ce l?gume rustique.', 'C?reri-rave', 'celeri-rave.jpg', 2.5, 45, 28, 25);
INSERT INTO `produit` (`id_produit`, `date_creation_produit`, `description_produit`, `libelle_produit`, `photo_produit`, `prix_produit`, `quantitestock_produit`, `id_categorie_tproduit`, `id_producteur_tproduit`) VALUES(16, '2017-09-19 09:15:08', 'Le raisin Chasselas est un c?page blanc parmi les plus c?l?bres. Il est aussi bien utilis? comme raisin de table que pour la vinification. Ses grappes plus ou moins l?ches sont compos?es de petits grains jaunes dor?s tr?s juteux qui se fendent lorsqu\'on les croque.', 'Raisin blanc Chasselas', 'raisinChasselas.jpg', 4.5, 25, 20, 26);
INSERT INTO `produit` (`id_produit`, `date_creation_produit`, `description_produit`, `libelle_produit`, `photo_produit`, `prix_produit`, `quantitestock_produit`, `id_categorie_tproduit`, `id_producteur_tproduit`) VALUES(17, '2017-09-19 09:15:08', 'R?colt? de mi-ao?t jusqu?? la mi-octobre, ce beau raisin noir offre une grappe g?n?reuse, a?r?e et tr?s allong?e. Son grain est gros ? la chaire ferme et juteuse. Sa pulpe ferme et charnue se pr?te aux tartes et clafoutis !', 'Raisin noir Muscat', 'raisinMuscat.jpg', 6.75, 48, 20, 26);
INSERT INTO `produit` (`id_produit`, `date_creation_produit`, `description_produit`, `libelle_produit`, `photo_produit`, `prix_produit`, `quantitestock_produit`, `id_categorie_tproduit`, `id_producteur_tproduit`) VALUES(18, '2017-09-19 09:38:07', 'C\'est un fruit jaune avec une face ros?e ? rouge, et une peau tr?s fine agr?able en bouche. Cependant, cette derni?re particularit? la rend fragile ? maturit?, il faut la manipuler avec pr?caution. Sa chaire est blanche, juteuse et fondante, extr?mement parfum?e et sucr?e. On obtient des fruits gros ? tr?s gros.', 'Poire Comice', 'PoireComice.png', 3.5, 80, 19, 26);
INSERT INTO `produit` (`id_produit`, `date_creation_produit`, `description_produit`, `libelle_produit`, `photo_produit`, `prix_produit`, `quantitestock_produit`, `id_categorie_tproduit`, `id_producteur_tproduit`) VALUES(19, '2017-09-19 00:00:00', 'Les ?ufs Label Rouge sont pondus par des poules fermi?res qui, comme les volailles fermi?res Label Rouge, sont ?lev?es selon un mode de production fermier, en plein air, dans le respect d?un cahier des charges. Ramass?s et tri?s ? la main deux fois par jour, la qualit? des ?ufs Label Rouge est r?guli?rement test?e. Un ?levage fermier qui change tout !', '?ufs plein air', 'OeufPoule12.jpg', 10.5, 15, 40, 27);
INSERT INTO `produit` (`id_produit`, `date_creation_produit`, `description_produit`, `libelle_produit`, `photo_produit`, `prix_produit`, `quantitestock_produit`, `id_categorie_tproduit`, `id_producteur_tproduit`) VALUES(20, '2017-09-19 00:00:00', 'Petit par la taille, l\'?uf de caille est un g?ant en termes d\'?quilibre. La principale caract?ristique de l\'?uf de caille est qu\'il est l\'?uf le plus di?t?tique de la plan?te, tout du moins en l\'?tat actuel des connaissances. Il est r?put? pour ?tre le symbole de l\'?quilibre parfait entre tous ses composants.', '?ufs de caille', 'OeufDeCaille.jpg', 4.5, 41, 41, 27);
INSERT INTO `produit` (`id_produit`, `date_creation_produit`, `description_produit`, `libelle_produit`, `photo_produit`, `prix_produit`, `quantitestock_produit`, `id_categorie_tproduit`, `id_producteur_tproduit`) VALUES(21, '2017-09-19 00:00:00', 'La Harco est une poule calme de caract?re, aux multiples qualit?s : bonne pondeuse, mais aussi bonne couveuse et bonne m?re? que demander de plus ? Sa rusticit? n?est plus ? prouver, c?est un vrai plaisir de l??lever.', '?ufs de poule Harco', 'OeufPoule6.jpg', 3.5, 45, 40, 27);
INSERT INTO `produit` (`id_produit`, `date_creation_produit`, `description_produit`, `libelle_produit`, `photo_produit`, `prix_produit`, `quantitestock_produit`, `id_categorie_tproduit`, `id_producteur_tproduit`) VALUES(22, '2017-09-19 00:00:00', 'Vari?t? pr?coce cuillie de mi-ao?t ? d?but octobre se pr?sente en grosse grappe ? la pulpe croquante et juteuse l?g?rement aromatique.', 'Raisin blanc Danlas', 'raisinDanlas.jpg', 3.95, 20, 20, 28);
INSERT INTO `produit` (`id_produit`, `date_creation_produit`, `description_produit`, `libelle_produit`, `photo_produit`, `prix_produit`, `quantitestock_produit`, `id_categorie_tproduit`, `id_producteur_tproduit`) VALUES(23, '2017-09-19 00:00:00', 'Pomme ? couteau ? la peau fine et lisse, d\'une belle couleur bicolore rouge et jaune, la pomme Elstar est une vari?t? rustique de taille moyenne. Rafra?chissante, tr?s parfum?e, elle est appr?ci?e pour sa chair croquante et juteuse, sucr?e et l?g?rement acidul?e. Laissez-vous tenter par cette star du verger.', 'Pomme Elstar', 'PommeElstar.jpg', 2.5, 30, 18, 28);
INSERT INTO `produit` (`id_produit`, `date_creation_produit`, `description_produit`, `libelle_produit`, `photo_produit`, `prix_produit`, `quantitestock_produit`, `id_categorie_tproduit`, `id_producteur_tproduit`) VALUES(24, '2017-09-19 00:00:00', 'M?lange entre la \'Conf?rence\' et la \'Comice\', la Poire Concorde est tr?s productive, r?sistante et rustique. C\'est un gros fruit vert-gris qui devient vert-jaune ? maturit? et roux sur la face au soleil. La peau est mouchet?e de t?ches brunes. La chair est jaune p?le, juteuse, sucr?e, fine et fondante. La maturit? d?bute en octobre et peut se conserver jusqu\'en d?cembre. Cette poire est aussi id?ale pour des desserts.', 'Poire Concorde', 'PoireConcorde.jpg', 3.5, 25, 19, 28);
INSERT INTO `produit` (`id_produit`, `date_creation_produit`, `description_produit`, `libelle_produit`, `photo_produit`, `prix_produit`, `quantitestock_produit`, `id_categorie_tproduit`, `id_producteur_tproduit`) VALUES(25, '2017-09-19 00:00:00', 'De couleur rouge violac?e, rose, orang?e, jaune, blanche ou rose dont la chair est cercl?e d?anneaux blancs. Il en existe en plusieurs vari?t?s dont des cylindriques, des rondes, des globuleuses, des aplaties? Ce l?gume mesure, en moyenne, entre 10 et 20 centim?tre de long et de 7 ? 10 cm de diam?tre en fonction de la vari?t?.', 'Betterave rouge', 'betteraveRouge.jpg', 2.8, 14, 26, 29);
INSERT INTO `produit` (`id_produit`, `date_creation_produit`, `description_produit`, `libelle_produit`, `photo_produit`, `prix_produit`, `quantitestock_produit`, `id_categorie_tproduit`, `id_producteur_tproduit`) VALUES(26, '2017-09-19 00:00:00', 'La carotte Berlicum est une vari?t? tardive formant de belles racines uniformes, orang?es de 20 cm de long environ. Bonne texture et qualit? gustative. ', 'Carotte Berlicum', 'CarotteBerlicum.jpg', 3.95, 15, 27, 29);
INSERT INTO `produit` (`id_produit`, `date_creation_produit`, `description_produit`, `libelle_produit`, `photo_produit`, `prix_produit`, `quantitestock_produit`, `id_categorie_tproduit`, `id_producteur_tproduit`) VALUES(27, '2017-09-19 10:11:33', 'Le persil plat aux feuilles lisses mesure lui jusqu?? 45 cm Sa saveur tr?s parfum?e est moins am?re que le persil fris?.', 'Persil plat', 'persilPlat.jpg', 2, 16, 39, 29);
INSERT INTO `produit` (`id_produit`, `date_creation_produit`, `description_produit`, `libelle_produit`, `photo_produit`, `prix_produit`, `quantitestock_produit`, `id_categorie_tproduit`, `id_producteur_tproduit`) VALUES(28, '2017-09-19 10:11:33', 'Sa texture onctueuse, sa teinte claire et son go?t d?licat caract?risent le miel de lavande qui poss?de des vertus antiseptiques et anti-inflammatoires. ', 'Miel de lavande', 'mielLavande.jpg', 9.5, 25, 4, 30);
INSERT INTO `produit` (`id_produit`, `date_creation_produit`, `description_produit`, `libelle_produit`, `photo_produit`, `prix_produit`, `quantitestock_produit`, `id_categorie_tproduit`, `id_producteur_tproduit`) VALUES(29, '2017-09-19 10:17:49', 'Jaune p?le ? ambre. Tr?s clair ? l\'?tat solide.  Parfum et saveur du miel d\'aub?pine Ar?me discret mais tenace. Le go?t suave et fruit? perdure en bouche.', 'Miel d\'aub?pine', 'mielAubepinejpg.jpg', 7.5, 15, 4, 30);
INSERT INTO `produit` (`id_produit`, `date_creation_produit`, `description_produit`, `libelle_produit`, `photo_produit`, `prix_produit`, `quantitestock_produit`, `id_categorie_tproduit`, `id_producteur_tproduit`) VALUES(30, '2017-09-19 10:17:49', 'Comme nutriment, pas d?utilisation v?ritable en m?decine mais un rem?de id?al ? fabriquer avec un go?t tr?s agr?able. Certains sp?cialistes estiment toutefois que ce ?miel? pourrait ?tre utilis? contre la toux voire l?asthme.', 'Miel de pissenlit', 'mielPissenlit.jpg', 9.5, 23, 4, 30);
INSERT INTO `produit` (`id_produit`, `date_creation_produit`, `description_produit`, `libelle_produit`, `photo_produit`, `prix_produit`, `quantitestock_produit`, `id_categorie_tproduit`, `id_producteur_tproduit`) VALUES(31, '2017-09-19 10:24:01', 'La poule Sussex doit son nom ? son origine, le comt? de Sussex dans le sud de l?Angleterre. Tr?s reconnaissable gr?ce ? son plumage blanc et fourni ainsi qu?? sa collerette hermin?e noire.', '?ufs de poule Sussex', 'oeufsSussex.jpg', 3.5, 15, 40, 31);
INSERT INTO `produit` (`id_produit`, `date_creation_produit`, `description_produit`, `libelle_produit`, `photo_produit`, `prix_produit`, `quantitestock_produit`, `id_categorie_tproduit`, `id_producteur_tproduit`) VALUES(32, '2017-09-19 10:24:01', 'La Poule rousse fermi?re, issue d?une longue s?lection, est une pondeuse fermi?re particuli?rement productive.', '?ufs de poule Rousse', 'oeufsRousse.jpg', 2.5, 15, 40, 31);
INSERT INTO `produit` (`id_produit`, `date_creation_produit`, `description_produit`, `libelle_produit`, `photo_produit`, `prix_produit`, `quantitestock_produit`, `id_categorie_tproduit`, `id_producteur_tproduit`) VALUES(33, '2017-09-19 10:32:06', 'La poule Vorwerk est plac?e troisi?me dans notre top 10 des poules pondeuses. D?origine Allemande, elle est le fruit de plusieurs races : la lakenvelder, l?orpington, la ramelsloher et l?Andalouse. Elle a ?t? cr?? cr??e dans les ann?es 1900 par  Oskar Vorwerk dont elle porte aujourd?hui le nom.', '?ufs de poule Vorwerk', 'oeufVorwerk.jpg', 12.5, 30, 40, 31);
INSERT INTO `produit` (`id_produit`, `date_creation_produit`, `description_produit`, `libelle_produit`, `photo_produit`, `prix_produit`, `quantitestock_produit`, `id_categorie_tproduit`, `id_producteur_tproduit`) VALUES(34, '2017-09-19 10:32:06', 'Vari?t? rustique fournissant des grosses t?tes larges avec des ?cailles ?tal?es, bien charnues, enti?rement vert p?le sauf ? la base o? elles sont l?g?rement teint?es de violet. Vari?t? r?sistante au froid ? condition de bien prot?ger le pied pendant l?hiver avec de la paille ou une b?che. ', 'Artichaut Camus', 'ArtichautCamus.jpg', 3.6, 15, 34, 32);
INSERT INTO `produit` (`id_produit`, `date_creation_produit`, `description_produit`, `libelle_produit`, `photo_produit`, `prix_produit`, `quantitestock_produit`, `id_categorie_tproduit`, `id_producteur_tproduit`) VALUES(35, '2017-09-19 00:00:00', 'Avec ses fleurettes blanches et nuageuses qui n\'?cloront jamais, le chou-fleur renferme une richesse nutritionnelle et culinaire encore trop peu connue?', 'Chou-fleur', 'ChouxFleurGeant.jpg', 2.5, 45, 34, 32);
INSERT INTO `produit` (`id_produit`, `date_creation_produit`, `description_produit`, `libelle_produit`, `photo_produit`, `prix_produit`, `quantitestock_produit`, `id_categorie_tproduit`, `id_producteur_tproduit`) VALUES(36, '2017-09-19 10:48:58', 'Surnomm?e doucette, la m?che est un l?gume ? feuilles tendres et ? saveur d?licate. Ce n?est pas une laitue; elle appartient ? la m?me famille que la val?riane.Elle renferme beaucoup de b?ta-carot?ne, un antioxydant qui se transforme en vitamine A dans l?organisme.', 'M?che', 'MacheVerte.jpg', 2.1, 13, 36, 32);
INSERT INTO `produit` (`id_produit`, `date_creation_produit`, `description_produit`, `libelle_produit`, `photo_produit`, `prix_produit`, `quantitestock_produit`, `id_categorie_tproduit`, `id_producteur_tproduit`) VALUES(37, '2017-09-19 00:00:00', 'Le lait entier serait une source plus importante de vitamine D et permettrait de pr?venir le surpoids et l\'ob?sit? durant la petite enfance.', 'Lait entier', 'LaitEntier.jpg', 4.5, 56, 16, 37);
INSERT INTO `produit` (`id_produit`, `date_creation_produit`, `description_produit`, `libelle_produit`, `photo_produit`, `prix_produit`, `quantitestock_produit`, `id_categorie_tproduit`, `id_producteur_tproduit`) VALUES(38, '2017-09-19 11:38:48', 'Le lait demi-?cr?m? fait toute la diff?rence au niveau de sa teneur en mati?res grasses. \"Comptez 1,6 g de lipides pour 100 ml contre 3,2 g pour sa version enti?re\".', 'Lait demi-?cr?m?', 'LaitDemi-Ecreme.jpg', 2.5, 34, 16, 33);
INSERT INTO `produit` (`id_produit`, `date_creation_produit`, `description_produit`, `libelle_produit`, `photo_produit`, `prix_produit`, `quantitestock_produit`, `id_categorie_tproduit`, `id_producteur_tproduit`) VALUES(39, '2017-09-19 11:38:48', 'Le lait ?cr?m? est l?une des 3 vari?t?s de lait, apr?s le lait entier et le lait demi-?cr?m?. Comme son nom l?indique, ce lait est enti?rement d?barrass? de sa mati?re grasse, de sa cr?me. Ainsi, un lait est dit ?cr?m?, quand sa teneur en lipides est inf?rieure ? 0,5 g pour 100 ml. Ce faible taux en mati?res grasses explique que le lait ?cr?m? soit le lait le moins calorique de tous.', 'Lait ?cr?m?', 'LaitEcreme.jpg', 4.1, 65, 16, 33);
INSERT INTO `produit` (`id_produit`, `date_creation_produit`, `description_produit`, `libelle_produit`, `photo_produit`, `prix_produit`, `quantitestock_produit`, `id_categorie_tproduit`, `id_producteur_tproduit`) VALUES(40, '2017-09-19 11:45:41', 'Riche en vitamine C, cicatrisant, astringent, fortifiant et antiseptique renfor?ant vos d?fenses immunitaires, les propri?t?s du citron ne sont plus ? d?montrer.', 'Citron jaune', 'citronJaune.jpg', 2.5, 36, 21, 34);
INSERT INTO `produit` (`id_produit`, `date_creation_produit`, `description_produit`, `libelle_produit`, `photo_produit`, `prix_produit`, `quantitestock_produit`, `id_categorie_tproduit`, `id_producteur_tproduit`) VALUES(41, '2017-09-19 11:45:41', 'La quetsche ou prune de Damas, est le fruit d\'une des vari?t?s du prunier de Damas.', 'Quetsche', 'Quetsche.jpg', 4.55, 45, 22, 34);
INSERT INTO `produit` (`id_produit`, `date_creation_produit`, `description_produit`, `libelle_produit`, `photo_produit`, `prix_produit`, `quantitestock_produit`, `id_categorie_tproduit`, `id_producteur_tproduit`) VALUES(42, '2017-09-19 11:50:18', 'C\'est la fin de l\'?t?, la mirabelle, petite prune jaune originaire de la r?gion Lorraine, donnera tout son parfum aux confitures, tartes et autres desserts. Vous pouvez aussi tenter l\'eau de vie, mais avec mod?ration !', 'Mirabelle', 'mirabelle.jpg', 3.95, 16, 22, 34);
INSERT INTO `produit` (`id_produit`, `date_creation_produit`, `description_produit`, `libelle_produit`, `photo_produit`, `prix_produit`, `quantitestock_produit`, `id_categorie_tproduit`, `id_producteur_tproduit`) VALUES(43, '2017-09-19 11:57:37', 'Excellente pomme ? couteau, sa chair de couleur blanche-cr?me renferme des saveurs subtiles et d?licates. Douce, acidul?e et parfum?e, elle saura in?vitablement charmer les curieux. ? croquer sans mod?ration ? pleines dents.', 'Pomme des Reines', 'pommeReinette.jpg', 3.5, 45, 18, 35);
INSERT INTO `produit` (`id_produit`, `date_creation_produit`, `description_produit`, `libelle_produit`, `photo_produit`, `prix_produit`, `quantitestock_produit`, `id_categorie_tproduit`, `id_producteur_tproduit`) VALUES(44, '2017-09-19 00:00:00', 'Bonne vari?t?. Joli gros fruit rond ? chair croquante et juteuse gout acidul?. Pomme de table savoureuse.', 'Pomme Elstar', 'pommeElstar2.jpg', 2.5, 12, 18, 35);
INSERT INTO `produit` (`id_produit`, `date_creation_produit`, `description_produit`, `libelle_produit`, `photo_produit`, `prix_produit`, `quantitestock_produit`, `id_categorie_tproduit`, `id_producteur_tproduit`) VALUES(45, '2017-09-19 00:00:00', 'Les qualit?s gustatives de la poire Williams sont reconnues : sucr?es et parfum?es avec une chair fine, juteuse et fondante, la r?sistance aux manipulations est moyenne, comme pour la plupart des vari?t?s de poires. La maturit? des fruits ?volue rapidement surtout apr?s sortie de frigo. La poire Williams est utilis?e aussi bien pour la transformation (compote, poires au sirop ou distillerie) que pour la consommation en frais.', 'Poire Williams', 'poireWilliams.jpg', 2.75, 36, 19, 35);
INSERT INTO `produit` (`id_produit`, `date_creation_produit`, `description_produit`, `libelle_produit`, `photo_produit`, `prix_produit`, `quantitestock_produit`, `id_categorie_tproduit`, `id_producteur_tproduit`) VALUES(46, '2017-09-19 12:08:34', 'La G?tine blanche est une bi?re de d?gustation l?g?re, rafraichissante et d?salt?rante, avec un l?ger go?t de citron. Elle r?v?le toutes ses saveurs ? une temp?rature de 4-6 degr?s.', 'La Gat?ne blanche', 'gatineBlanche.jpg', 4.31, 45, 42, 36);
INSERT INTO `produit` (`id_produit`, `date_creation_produit`, `description_produit`, `libelle_produit`, `photo_produit`, `prix_produit`, `quantitestock_produit`, `id_categorie_tproduit`, `id_producteur_tproduit`) VALUES(47, '2017-09-19 12:18:01', 'La G?tine blonde est une bi?re de d?gustation l?g?re ou l\'on retrouve bien les ar?mes d\'une bi?re artisanale, le malt et le houblon avec une touche de miel. Elle r?v?le toutes ses saveurs ? une temp?rature de 6-8 degr?s.', 'La Gat?ne Blonde', 'GatineBlonde.jpg', 4.46, 56, 42, 36);
INSERT INTO `produit` (`id_produit`, `date_creation_produit`, `description_produit`, `libelle_produit`, `photo_produit`, `prix_produit`, `quantitestock_produit`, `id_categorie_tproduit`, `id_producteur_tproduit`) VALUES(48, '2017-09-19 12:18:01', 'La G?tine brune est une bi?re de d?gustation de caract?re, elle utilise des malts torr?fi?s qui lui conf?rent son go?t fum?. Elle r?v?le toutes ses saveurs ? une temp?rature de 8-10 degr?s.', 'La Gat?ne brune', 'gatineBrune.jpg', 2.36, 20, 42, 36);
INSERT INTO `produit` (`id_produit`, `date_creation_produit`, `description_produit`, `libelle_produit`, `photo_produit`, `prix_produit`, `quantitestock_produit`, `id_categorie_tproduit`, `id_producteur_tproduit`) VALUES(49, '2017-09-19 12:41:08', 'Le lait entier serait une source plus importante de vitamine D et permettrait de pr?venir le surpoids et l\'ob?sit? durant la petite enfance.', 'Lait entier', 'laitEntier2.jpg', 8.5, 12, 42, 37);
INSERT INTO `produit` (`id_produit`, `date_creation_produit`, `description_produit`, `libelle_produit`, `photo_produit`, `prix_produit`, `quantitestock_produit`, `id_categorie_tproduit`, `id_producteur_tproduit`) VALUES(50, '2017-09-19 12:41:08', 'Le lait demi-?cr?m? fait toute la diff?rence au niveau de sa teneur en mati?res grasses. \"Comptez 1,6 g de lipides pour 100 ml contre 3,2 g pour sa version enti?re\".', 'Lait demi-?cr?m?', 'laitDemiEcreme2.jpg', 2.3, 52, 16, 37);
INSERT INTO `produit` (`id_produit`, `date_creation_produit`, `description_produit`, `libelle_produit`, `photo_produit`, `prix_produit`, `quantitestock_produit`, `id_categorie_tproduit`, `id_producteur_tproduit`) VALUES(51, '2017-09-19 12:48:39', 'Le lait ?cr?m? est l?une des 3 vari?t?s de lait, apr?s le lait entier et le lait demi-?cr?m?. Comme son nom l?indique, ce lait est enti?rement d?barrass? de sa mati?re grasse, de sa cr?me. Ainsi, un lait est dit ?cr?m?, quand sa teneur en lipides est inf?rieure ? 0,5 g pour 100 ml. Ce faible taux en mati?res grasses explique que le lait ?cr?m? soit le lait le moins calorique de tous.', 'Lait ?cr?m?', 'laitecreme2.jpg', 2.1, 23, 16, 37);
INSERT INTO `produit` (`id_produit`, `date_creation_produit`, `description_produit`, `libelle_produit`, `photo_produit`, `prix_produit`, `quantitestock_produit`, `id_categorie_tproduit`, `id_producteur_tproduit`) VALUES(52, '2017-09-19 00:00:00', 'Rare sur les ?tals, la noisette fra?che est un fruit ? ne pas manquer ! Son go?t est subtil et l?g?rement lact?, tandis que sa texture se r?v?le tr?s raffin?e. Succombez aussi au croquant fruit? de la noisette s?che ! Fruit gourmand, la noisette poss?de en prime d\'excellentes qualit?s nutritionnelles.', 'Noisette', 'Noisette.jpg', 5.95, 30, 25, 38);
INSERT INTO `produit` (`id_produit`, `date_creation_produit`, `description_produit`, `libelle_produit`, `photo_produit`, `prix_produit`, `quantitestock_produit`, `id_categorie_tproduit`, `id_producteur_tproduit`) VALUES(53, '2017-09-19 00:00:00', 'Les noix sont associ?es ? plusieurs bienfaits pour la sant?. Comme les autres fruits ? coque, elles permettent de faire baisser le taux de cholest?rol sanguin, de lutter contre les maladies cardiovasculaires et contre le diab?te de type 2.', 'Noix', 'noix.jpg', 6.95, 10, 24, 38);
INSERT INTO `produit` (`id_produit`, `date_creation_produit`, `description_produit`, `libelle_produit`, `photo_produit`, `prix_produit`, `quantitestock_produit`, `id_categorie_tproduit`, `id_producteur_tproduit`) VALUES(54, '2017-09-19 00:00:00', 'Ronde et verte ? reflets dor?s on la trouve d?s le mois de juillet pour certaines vari?t?s. Sa chair est ferme, tr?s juteuse, sucr?e et parfum?e.', 'Reine-claude', 'reineclaude.jpg', 3.95, 12, 23, 38);
INSERT INTO `produit` (`id_produit`, `date_creation_produit`, `description_produit`, `libelle_produit`, `photo_produit`, `prix_produit`, `quantitestock_produit`, `id_categorie_tproduit`, `id_producteur_tproduit`) VALUES(55, '2017-09-19 00:00:00', 'Le c?pe, ? l?instar de tous les champignons sauvages, est consomm? depuis des si?cles. Sa saveur est tellement exceptionnelle qu?il est tr?s attendu et convoit?, d?s le d?but de l?automne, sur les ?tals. Ces petits ? bouchons ? gorg?s de vitamines sont d?licieux cuisin?s simplement, ou int?gr?s ? des recettes plus ?labor?es, voire ? des plats de f?te.', 'C?pes', 'cepes.jpg', 14, 15, 44, 39);
INSERT INTO `produit` (`id_produit`, `date_creation_produit`, `description_produit`, `libelle_produit`, `photo_produit`, `prix_produit`, `quantitestock_produit`, `id_categorie_tproduit`, `id_producteur_tproduit`) VALUES(56, '2017-09-19 00:00:00', 'De la famille des Morchellac?es, la morille (Morchella) est un champignon de printemps, qui fait partie des plus convoit?s pour son go?t ? la fois tr?s particulier et tr?s fin. Un petit peu comme la truffe, elle fait partie des champignons de prestige, sans doute aussi du fait de son caract?re capricieux concernant ses apparitions ! ', 'Morilles', 'morilles.jpg', 7.5, 30, 44, 39);
INSERT INTO `produit` (`id_produit`, `date_creation_produit`, `description_produit`, `libelle_produit`, `photo_produit`, `prix_produit`, `quantitestock_produit`, `id_categorie_tproduit`, `id_producteur_tproduit`) VALUES(57, '2017-09-19 00:00:00', 'Le basilic est une herbe aromatique incontournable, synonyme ? lui tout seul de la cuisine de l\'?t?.', 'Basilic', 'Basilic.jpg', 2, 25, 38, 39);
INSERT INTO `produit` (`id_produit`, `date_creation_produit`, `description_produit`, `libelle_produit`, `photo_produit`, `prix_produit`, `quantitestock_produit`, `id_categorie_tproduit`, `id_producteur_tproduit`) VALUES(58, '2017-09-19 00:00:00', 'Vin non bois? qui exprime toute la fraicheur et la min?ralit? du terroir des Roques.', 'Le Vin des Noces 2008', 'vindeNoces2008.jpg', 14.5, 25, 43, 40);
INSERT INTO `produit` (`id_produit`, `date_creation_produit`, `description_produit`, `libelle_produit`, `photo_produit`, `prix_produit`, `quantitestock_produit`, `id_categorie_tproduit`, `id_producteur_tproduit`) VALUES(59, '2017-09-19 00:00:00', 'Sanguis Christi est un vin structur?, puissant, qui r?v?le toute l??l?gance du Malbec sur le terroir des Roques.', 'Sanguis Christi 2011', 'sanguis-christi.png', 25, 56, 43, 40);
INSERT INTO `produit` (`id_produit`, `date_creation_produit`, `description_produit`, `libelle_produit`, `photo_produit`, `prix_produit`, `quantitestock_produit`, `id_categorie_tproduit`, `id_producteur_tproduit`) VALUES(60, '2017-09-19 13:53:17', 'Couleur rose fonc?. Nez sur des fruits rouges et bonbons Anglais.', 'Ros? de Marie 2009', 'rose-de-marie.png', 35.2, 45, 43, 40);
INSERT INTO `produit` (`id_produit`, `date_creation_produit`, `description_produit`, `libelle_produit`, `photo_produit`, `prix_produit`, `quantitestock_produit`, `id_categorie_tproduit`, `id_producteur_tproduit`) VALUES(61, '2017-09-19 13:53:17', 'L\'?chalote s\'utilise aussi bien crue que cuite, en condiment aussi bien qu\'en l?gume. Sa saveur marqu?e, utilis?e pour relever certaines pr?parations peut aussi se faire douce et suave, notamment lorsque l\'?chalote est lentement confite au four ou fondue dans le beurre.', 'Echalote rose', 'EchaloteRose.jpg', 2.55, 15, 31, 41);
INSERT INTO `produit` (`id_produit`, `date_creation_produit`, `description_produit`, `libelle_produit`, `photo_produit`, `prix_produit`, `quantitestock_produit`, `id_categorie_tproduit`, `id_producteur_tproduit`) VALUES(62, '2017-09-19 00:00:00', 'Cette vari?t? rustique et r?sistante au froid est id?ale pour les r?coltes d\'hiver. Ces poireaux ont un gros f?t de longueur moyenne avec un feuillage bleut?. Indispensable dans la soupe, le poireau se consomme aussi en salade, tarte ou gratins.', 'Poireau bleu', 'PoireauBleu.jpg', 2.5, 14, 37, 41);
INSERT INTO `produit` (`id_produit`, `date_creation_produit`, `description_produit`, `libelle_produit`, `photo_produit`, `prix_produit`, `quantitestock_produit`, `id_categorie_tproduit`, `id_producteur_tproduit`) VALUES(63, '2017-09-19 00:00:00', 'C?est en cuisant, ? l?eau ou ? la vapeur, que le haricot d?voile ses saveurs. Selon vos envies, mangez-le aussi bien chaud que froid, en salade, dans une jardini?re de petits l?gumes, avec de la cr?me ou encore en velout?', 'Haricot vert', 'HaricotsVerts.jpg', 2.5, 15, 35, 41);
INSERT INTO `produit` (`id_produit`, `date_creation_produit`, `description_produit`, `libelle_produit`, `photo_produit`, `prix_produit`, `quantitestock_produit`, `id_categorie_tproduit`, `id_producteur_tproduit`) VALUES(64, '2017-09-19 00:00:00', 'Le Miel de For?t est brun fonc?, le plus souvent liquide, l\'ar?me est bien marqu?. Il est ?labor? par les abeilles ? partir du miellat de pucerons.', 'Miel de for?t', 'mielForet.jpg', 9.5, 45, 4, 42);
INSERT INTO `produit` (`id_produit`, `date_creation_produit`, `description_produit`, `libelle_produit`, `photo_produit`, `prix_produit`, `quantitestock_produit`, `id_categorie_tproduit`, `id_producteur_tproduit`) VALUES(65, '2017-09-19 00:00:00', 'Miel multifloral, de couleur ambr?e, issu des fleurs des vall?es, au parfum doux et l?ger, riche en oligo-?l?ments en raison de la diversit? des fleurs butin?es. Il peut cristalliser ? la longue.', 'Miel multifleurs', 'mielMultifleurs.jpg', 7.5, 65, 4, 42);
INSERT INTO `produit` (`id_produit`, `date_creation_produit`, `description_produit`, `libelle_produit`, `photo_produit`, `prix_produit`, `quantitestock_produit`, `id_categorie_tproduit`, `id_producteur_tproduit`) VALUES(66, '2017-09-19 00:00:00', 'Le miel de tilleul bio est un miel tr?s r?put? pour apaiser l\'organisme. Il est conseill? de le d?guster avec une infusion du soir pour profiter de tous ses bienfaits.', 'Miel de tilleul', 'mielTilleul.jpg', 10.5, 78, 4, 42);
INSERT INTO `produit` (`id_produit`, `date_creation_produit`, `description_produit`, `libelle_produit`, `photo_produit`, `prix_produit`, `quantitestock_produit`, `id_categorie_tproduit`, `id_producteur_tproduit`) VALUES(67, '2017-09-19 00:00:00', 'La Poule rousse fermi?re, issue d?une longue s?lection, est une pondeuse fermi?re particuli?rement productive.', '?ufs de poule', 'oeufRousse2.jpg', 7.5, 45, 17, 43);
INSERT INTO `produit` (`id_produit`, `date_creation_produit`, `description_produit`, `libelle_produit`, `photo_produit`, `prix_produit`, `quantitestock_produit`, `id_categorie_tproduit`, `id_producteur_tproduit`) VALUES(68, '2017-09-19 00:00:00', 'L\'?uf de caille est tr?s petit et donne ? vos entr?es ou ? vos amuse bouche un cot? tr?s chic.', '?ufs de caille', 'oeufsCaille2.jpg', 7.5, 59, 17, 43);
INSERT INTO `produit` (`id_produit`, `date_creation_produit`, `description_produit`, `libelle_produit`, `photo_produit`, `prix_produit`, `quantitestock_produit`, `id_categorie_tproduit`, `id_producteur_tproduit`) VALUES(69, '2017-09-19 00:00:00', 'La Gournay est une race de poule locale, tr?s rustique.', '?ufs de poule', 'oeufGournay.jpg', 3.5, 42, 17, 43);
INSERT INTO `produit` (`id_produit`, `date_creation_produit`, `description_produit`, `libelle_produit`, `photo_produit`, `prix_produit`, `quantitestock_produit`, `id_categorie_tproduit`, `id_producteur_tproduit`) VALUES(70, '2017-09-19 00:00:00', 'Ce vin rouge croquant et gourmand a ?t? vinifi? avec des raisins provenant d?une seule parcelle cultiv?e en agriculture Biologique.', 'Turbigo 2016', 'Turbigo-2016.png', 15, 45, 43, 44);
INSERT INTO `produit` (`id_produit`, `date_creation_produit`, `description_produit`, `libelle_produit`, `photo_produit`, `prix_produit`, `quantitestock_produit`, `id_categorie_tproduit`, `id_producteur_tproduit`) VALUES(71, '2017-09-19 00:00:00', '  Ce vin blanc aromatique et frais a ?t? vinifi? ? partir de raisins cultiv?s en biodynamie.', 'Lut?ce 2016', 'Lutece-2016.png', 17, 15, 43, 44);
INSERT INTO `produit` (`id_produit`, `date_creation_produit`, `description_produit`, `libelle_produit`, `photo_produit`, `prix_produit`, `quantitestock_produit`, `id_categorie_tproduit`, `id_producteur_tproduit`) VALUES(72, '2017-09-19 00:00:00', '  Ce ros? issue de Cinsault et Grenache a ?t? vinifi? gr?ce ? des raisins issus d?une parcelle cultiv?e en Agriculture Biologique.', 'Sequana 2016', 'Sequana-2016.png', 18, 18, 43, 44);
INSERT INTO `produit` (`id_produit`, `date_creation_produit`, `description_produit`, `libelle_produit`, `photo_produit`, `prix_produit`, `quantitestock_produit`, `id_categorie_tproduit`, `id_producteur_tproduit`) VALUES(73, '2017-09-19 11:50:18', 'C\'est une pomme ? couteau qui se consomme de mani?res tr?s diverses, crue ou cuite, d\'octobre ? mai, et m?me jusqu\'en juillet. On la conserve quelques jours ? temp?rature ambiante, ou un peu plus longtemps dans le bac ? l?gumes du r?frig?rateur.', 'Pomme Golden', 'PommeGolden.jpg', 2.5, 30, 18, 34);
INSERT INTO `produit` (`id_produit`, `date_creation_produit`, `description_produit`, `libelle_produit`, `photo_produit`, `prix_produit`, `quantitestock_produit`, `id_categorie_tproduit`, `id_producteur_tproduit`) VALUES(74, '2017-09-19 12:02:53', 'Puissant anti-oxydant et cocktail de vitamines, il boostera votre organisme ? moindre prix !', 'Jus de pommes', 'JusDePomme.jpg', 4.5, 25, 6, 35);
INSERT INTO `produit` (`id_produit`, `date_creation_produit`, `description_produit`, `libelle_produit`, `photo_produit`, `prix_produit`, `quantitestock_produit`, `id_categorie_tproduit`, `id_producteur_tproduit`) VALUES(75, '2017-09-19 00:00:00', 'Le jus de poire est une boisson r?alis?e ? partir de poires. Ce jus de fruits, servi froid, est g?n?ralement ?pais et trouble.  Par fermentation du jus de poire, on obtient le poir?. Le jus de poire est ?galement ? la base de la production du vin cuit suisse ainsi que du Birnenhonig, sirop ?pais de Suisse centrale. C\'est aussi un ingr?dient du sirop de Li?ge.', 'Jus de poire', 'JusDePoire.jpg', 6.5, 20, 6, 26);
INSERT INTO `produit` (`id_produit`, `date_creation_produit`, `description_produit`, `libelle_produit`, `photo_produit`, `prix_produit`, `quantitestock_produit`, `id_categorie_tproduit`, `id_producteur_tproduit`) VALUES(76, '2017-09-19 00:00:00', 'La girolle est un champignon comestible tr?s appr?ci?, qui fait partie du groupe des chanterelles.', 'Girolles', 'girolles.jpg', 14.5, 12, 44, 23);
INSERT INTO `produit` (`id_produit`, `date_creation_produit`, `description_produit`, `libelle_produit`, `photo_produit`, `prix_produit`, `quantitestock_produit`, `id_categorie_tproduit`, `id_producteur_tproduit`) VALUES(77, '2017-09-19 00:00:00', 'Beau et bon, le potiron ne passe pas inaper?u. Ses saveurs se fondent ? merveille dans toutes les pr?parations culinaires. Doux et onctueux, il affirme son caract?re. Repr?sentant d?une cuisine rustique, il gagne ses lettres de noblesse au c?t? des aliments les plus fins.', 'Potiron', 'potiron.jpg', 3.55, 14, 45, 32);
INSERT INTO `produit` (`id_produit`, `date_creation_produit`, `description_produit`, `libelle_produit`, `photo_produit`, `prix_produit`, `quantitestock_produit`, `id_categorie_tproduit`, `id_producteur_tproduit`) VALUES(78, '2017-09-19 10:38:16', 'Le potimarron est une vari?t? de courge voisine du potiron. Sa forme et son go?t lui ont valu le surnom de courge ch?taigne. Cuisin?e en gratin comme ici, c?est un d?lice. Il est tr?s riche en vitamines A, B, C, D, E, en oligo-?l?ments (phosphore, calcium, magn?sium, fer, potassium, silicium, sodium?); en acides amin?s, en acides gras insatur?s, en amidon, en sucres naturels et en carot?ne.', 'Potimarron', 'potimarron.jpg', 4.5, 12, 45, 32);
INSERT INTO `produit` (`id_produit`, `date_creation_produit`, `description_produit`, `libelle_produit`, `photo_produit`, `prix_produit`, `quantitestock_produit`, `id_categorie_tproduit`, `id_producteur_tproduit`) VALUES(79, '2017-09-19 12:08:34', 'La ch?taigne est riche en min?raux et oligo-?l?ments. Elle apporte en effet 10 ? 15 % de l\'apport journalier recommand? en magn?sium, 15 ? 20 % de l\'AJR en mangan?se et 10 % de l\'AJR en cuivre.', 'Ch?taigne', 'chataigne.jpg', 4.5, 12, 46, 35);
INSERT INTO `produit` (`id_produit`, `date_creation_produit`, `description_produit`, `libelle_produit`, `photo_produit`, `prix_produit`, `quantitestock_produit`, `id_categorie_tproduit`, `id_producteur_tproduit`) VALUES(80, '2017-09-19 00:00:00', 'Salade craquante et tendre, dot?e d\'une grosse pomme vert clair ou vert jaune, gaufr?e, avec les bords d?coup?s, au go?t l?g?rement sucr?. Certaines vari?t?s sont parfois rouge?tres.', 'Batavia', 'batavia.jpg', 2, 15, 36, 39);
INSERT INTO `produit` (`id_produit`, `date_creation_produit`, `description_produit`, `libelle_produit`, `photo_produit`, `prix_produit`, `quantitestock_produit`, `id_categorie_tproduit`, `id_producteur_tproduit`) VALUES(81, '2017-09-19 00:00:00', 'La laitue feuille de ch?ne est tendre et savoureuse ? la d?gustation. Elle se mange crue comme une salade, mais peut ?galement ?tre d?gust?e cuite ou brais?e.', 'Feuille de ch?ne', 'feuilleChene.jpg', 2.5, 15, 36, 39);
INSERT INTO `produit` (`id_produit`, `date_creation_produit`, `description_produit`, `libelle_produit`, `photo_produit`, `prix_produit`, `quantitestock_produit`, `id_categorie_tproduit`, `id_producteur_tproduit`) VALUES(82, '2017-09-01 00:00:00', 'Cuisine et pour la p?tisserie.\r\nCalibre moyen ? gros. Demi-croquante, juteuse, douce, sucr?e, acidul?e', 'Pomme Idared', 'pommeIdaredG.jpg', 2.57, 2000, 18, 35);
INSERT INTO `produit` (`id_produit`, `date_creation_produit`, `description_produit`, `libelle_produit`, `photo_produit`, `prix_produit`, `quantitestock_produit`, `id_categorie_tproduit`, `id_producteur_tproduit`) VALUES(83, '2017-09-01 00:00:00', 'Fruit de table\r\nCalibre gros ? tr?s gros. croquante, juteuse, tr?s sucr?e', 'Pomme Jonagold', 'pommeJonagoldG2.jpg', 3.5, 800, 18, 35);
INSERT INTO `produit` (`id_produit`, `date_creation_produit`, `description_produit`, `libelle_produit`, `photo_produit`, `prix_produit`, `quantitestock_produit`, `id_categorie_tproduit`, `id_producteur_tproduit`) VALUES(84, '2017-09-01 00:00:00', 'Cox\'s Orange Pippin (parfois abr?g? en Cox orange) est comme le nom l\'indique (Pippin) une pomme de reinette.\r\nCette vari?t? est depuis plus d\'un si?cle une des cinq vari?t?s les plus utilis?es par les obtenteurs pour cr?er de nouvelles vari?t?s.', 'Pomme Cox', 'pommeCoxG.jpg', 2.89, 650, 18, 35);
INSERT INTO `produit` (`id_produit`, `date_creation_produit`, `description_produit`, `libelle_produit`, `photo_produit`, `prix_produit`, `quantitestock_produit`, `id_categorie_tproduit`, `id_producteur_tproduit`) VALUES(85, '2017-09-01 00:00:00', 'Pomme tr?s parfum?e, sucr?e.\r\nElle est ? croquer ou ? cuisiner.', 'Pomme Belchar Chantecler', 'pommeBelcharG.jpg', 3.2, 780, 18, 35);
INSERT INTO `produit` (`id_produit`, `date_creation_produit`, `description_produit`, `libelle_produit`, `photo_produit`, `prix_produit`, `quantitestock_produit`, `id_categorie_tproduit`, `id_producteur_tproduit`) VALUES(86, '2017-09-01 00:00:00', 'En 1855, ? Rouen, le p?pini?riste Louis Boisbunel a l\'id?e de croiser une poire avec un coing. Leur enfant est la passe-crassane. Elle a h?rit? d\'un peu de la physionomie de son ? p?re ? : elle est tr?s joufflue, presque ronde, parfois bossel?e. Sa peau est jaune marbr?e d\'ocre. La passe-crassane est g?n?ralement reconnaissable au bouchon de cire rouge qui orne l\'extr?mit? de sa queue.', 'Poire Passe Crassane', 'poireCrassane.jpg', 4.5, 320, 19, 35);
INSERT INTO `produit` (`id_produit`, `date_creation_produit`, `description_produit`, `libelle_produit`, `photo_produit`, `prix_produit`, `quantitestock_produit`, `id_categorie_tproduit`, `id_producteur_tproduit`) VALUES(87, '2017-09-01 00:00:00', 'La Conf?rence est un cultivar de poire d\'automne qui doit son nom au fait qu\'elle remporta le premier prix ? la conf?rence internationale de la poire ? Londres en 1885. Elle ressemble beaucoup ? la poire Beurr? Bosc.', 'Poire conf?rence', 'poireConferenceG.jpg', 3.9, 420, 19, 35);
INSERT INTO `produit` (`id_produit`, `date_creation_produit`, `description_produit`, `libelle_produit`, `photo_produit`, `prix_produit`, `quantitestock_produit`, `id_categorie_tproduit`, `id_producteur_tproduit`) VALUES(88, '2017-09-01 00:00:00', 'Jus de poire de Normandie\r\n100% pur jus de poire pasteuris?', 'Jus de poire', 'jusPoireG.jpg', 4.9, 120, 6, 35);
INSERT INTO `produit` (`id_produit`, `date_creation_produit`, `description_produit`, `libelle_produit`, `photo_produit`, `prix_produit`, `quantitestock_produit`, `id_categorie_tproduit`, `id_producteur_tproduit`) VALUES(89, '2017-09-01 00:00:00', 'On en fait des desserts bons ? croquer.\r\nElles s?int?grent facilement dans plusieurs plats, qu?elles rehaussent tant sur le plan de la saveur que de la valeur nutritive.', 'Noix', 'jusPoire.jpg', 0, 13, 24, 35);
INSERT INTO `produit` (`id_produit`, `date_creation_produit`, `description_produit`, `libelle_produit`, `photo_produit`, `prix_produit`, `quantitestock_produit`, `id_categorie_tproduit`, `id_producteur_tproduit`) VALUES(90, '2017-09-01 00:00:00', 'La noisette parfois appel?e noisette de Byzance, aveline ou coudre, est le fruit du noisetier commun, le Coryllus avellana. Il tient son nom de la province d?Avellino, dans la r?gion de la Campanie au Sud de l?Italie, o? il est toujours cultiv?. D?s l?Antiquit?, les Grecs et les Romains consommaient des noisettes, tant pour leurs qualit?s nutritionnelles que pour leurs propri?t?s m?dicinales.', 'Noisettes', 'noisettesG.jpg', 23.9, 80, 25, 35);

-- --------------------------------------------------------


--
-- D?chargement des donn?es de la table `conditionnement_produit`
--

INSERT INTO `conditionnement_produit` (`id_produit`, `id_conditionnement`) VALUES (1, 34);
INSERT INTO `conditionnement_produit` (`id_produit`, `id_conditionnement`) VALUES (2, 34);
INSERT INTO `conditionnement_produit` (`id_produit`, `id_conditionnement`) VALUES (3, 33);
INSERT INTO `conditionnement_produit` (`id_produit`, `id_conditionnement`) VALUES (4, 16);
INSERT INTO `conditionnement_produit` (`id_produit`, `id_conditionnement`) VALUES (5, 16);
INSERT INTO `conditionnement_produit` (`id_produit`, `id_conditionnement`) VALUES (6, 16);
INSERT INTO `conditionnement_produit` (`id_produit`, `id_conditionnement`) VALUES (7, 23);
INSERT INTO `conditionnement_produit` (`id_produit`, `id_conditionnement`) VALUES (8, 23);
INSERT INTO `conditionnement_produit` (`id_produit`, `id_conditionnement`) VALUES (9, 3);
INSERT INTO `conditionnement_produit` (`id_produit`, `id_conditionnement`) VALUES (10, 23);
INSERT INTO `conditionnement_produit` (`id_produit`, `id_conditionnement`) VALUES (11, 23);
INSERT INTO `conditionnement_produit` (`id_produit`, `id_conditionnement`) VALUES (12, 23);
INSERT INTO `conditionnement_produit` (`id_produit`, `id_conditionnement`) VALUES (13, 1);
INSERT INTO `conditionnement_produit` (`id_produit`, `id_conditionnement`) VALUES (14, 2);
INSERT INTO `conditionnement_produit` (`id_produit`, `id_conditionnement`) VALUES (15, 23);
INSERT INTO `conditionnement_produit` (`id_produit`, `id_conditionnement`) VALUES (16, 23);
INSERT INTO `conditionnement_produit` (`id_produit`, `id_conditionnement`) VALUES (17, 23);
INSERT INTO `conditionnement_produit` (`id_produit`, `id_conditionnement`) VALUES (18, 23);
INSERT INTO `conditionnement_produit` (`id_produit`, `id_conditionnement`) VALUES (19, 7);
INSERT INTO `conditionnement_produit` (`id_produit`, `id_conditionnement`) VALUES (20, 7);
INSERT INTO `conditionnement_produit` (`id_produit`, `id_conditionnement`) VALUES (21, 6);
INSERT INTO `conditionnement_produit` (`id_produit`, `id_conditionnement`) VALUES (22, 23);
INSERT INTO `conditionnement_produit` (`id_produit`, `id_conditionnement`) VALUES (23, 23);
INSERT INTO `conditionnement_produit` (`id_produit`, `id_conditionnement`) VALUES (24, 23);
INSERT INTO `conditionnement_produit` (`id_produit`, `id_conditionnement`) VALUES (25, 23);
INSERT INTO `conditionnement_produit` (`id_produit`, `id_conditionnement`) VALUES (26, 5);
INSERT INTO `conditionnement_produit` (`id_produit`, `id_conditionnement`) VALUES (27, 5);
INSERT INTO `conditionnement_produit` (`id_produit`, `id_conditionnement`) VALUES (28, 33);
INSERT INTO `conditionnement_produit` (`id_produit`, `id_conditionnement`) VALUES (29, 34);
INSERT INTO `conditionnement_produit` (`id_produit`, `id_conditionnement`) VALUES (30, 33);
INSERT INTO `conditionnement_produit` (`id_produit`, `id_conditionnement`) VALUES (31, 6);
INSERT INTO `conditionnement_produit` (`id_produit`, `id_conditionnement`) VALUES (32, 6);
INSERT INTO `conditionnement_produit` (`id_produit`, `id_conditionnement`) VALUES (33, 12);
INSERT INTO `conditionnement_produit` (`id_produit`, `id_conditionnement`) VALUES (34, 5);
INSERT INTO `conditionnement_produit` (`id_produit`, `id_conditionnement`) VALUES (35, 23);
INSERT INTO `conditionnement_produit` (`id_produit`, `id_conditionnement`) VALUES (36, 2);
INSERT INTO `conditionnement_produit` (`id_produit`, `id_conditionnement`) VALUES (37, 17);
INSERT INTO `conditionnement_produit` (`id_produit`, `id_conditionnement`) VALUES (38, 17);
INSERT INTO `conditionnement_produit` (`id_produit`, `id_conditionnement`) VALUES (39, 17);
INSERT INTO `conditionnement_produit` (`id_produit`, `id_conditionnement`) VALUES (40, 23);
INSERT INTO `conditionnement_produit` (`id_produit`, `id_conditionnement`) VALUES (41, 3);
INSERT INTO `conditionnement_produit` (`id_produit`, `id_conditionnement`) VALUES (42, 3);
INSERT INTO `conditionnement_produit` (`id_produit`, `id_conditionnement`) VALUES (43, 23);
INSERT INTO `conditionnement_produit` (`id_produit`, `id_conditionnement`) VALUES (44, 23);
INSERT INTO `conditionnement_produit` (`id_produit`, `id_conditionnement`) VALUES (45, 23);
INSERT INTO `conditionnement_produit` (`id_produit`, `id_conditionnement`) VALUES (46, 19);
INSERT INTO `conditionnement_produit` (`id_produit`, `id_conditionnement`) VALUES (47, 19);
INSERT INTO `conditionnement_produit` (`id_produit`, `id_conditionnement`) VALUES (48, 20);
INSERT INTO `conditionnement_produit` (`id_produit`, `id_conditionnement`) VALUES (49, 20);
INSERT INTO `conditionnement_produit` (`id_produit`, `id_conditionnement`) VALUES (50, 17);
INSERT INTO `conditionnement_produit` (`id_produit`, `id_conditionnement`) VALUES (51, 17);
INSERT INTO `conditionnement_produit` (`id_produit`, `id_conditionnement`) VALUES (52, 23);
INSERT INTO `conditionnement_produit` (`id_produit`, `id_conditionnement`) VALUES (53, 23);
INSERT INTO `conditionnement_produit` (`id_produit`, `id_conditionnement`) VALUES (54, 23);
INSERT INTO `conditionnement_produit` (`id_produit`, `id_conditionnement`) VALUES (55, 3);
INSERT INTO `conditionnement_produit` (`id_produit`, `id_conditionnement`) VALUES (56, 3);
INSERT INTO `conditionnement_produit` (`id_produit`, `id_conditionnement`) VALUES (57, 5);
INSERT INTO `conditionnement_produit` (`id_produit`, `id_conditionnement`) VALUES (58, 16);
INSERT INTO `conditionnement_produit` (`id_produit`, `id_conditionnement`) VALUES (59, 16);
INSERT INTO `conditionnement_produit` (`id_produit`, `id_conditionnement`) VALUES (60, 16);
INSERT INTO `conditionnement_produit` (`id_produit`, `id_conditionnement`) VALUES (61, 2);
INSERT INTO `conditionnement_produit` (`id_produit`, `id_conditionnement`) VALUES (62, 5);
INSERT INTO `conditionnement_produit` (`id_produit`, `id_conditionnement`) VALUES (63, 3);
INSERT INTO `conditionnement_produit` (`id_produit`, `id_conditionnement`) VALUES (64, 32);
INSERT INTO `conditionnement_produit` (`id_produit`, `id_conditionnement`) VALUES (65, 33);
INSERT INTO `conditionnement_produit` (`id_produit`, `id_conditionnement`) VALUES (66, 34);
INSERT INTO `conditionnement_produit` (`id_produit`, `id_conditionnement`) VALUES (67, 7);
INSERT INTO `conditionnement_produit` (`id_produit`, `id_conditionnement`) VALUES (68, 8);
INSERT INTO `conditionnement_produit` (`id_produit`, `id_conditionnement`) VALUES (69, 6);
INSERT INTO `conditionnement_produit` (`id_produit`, `id_conditionnement`) VALUES (70, 16);
INSERT INTO `conditionnement_produit` (`id_produit`, `id_conditionnement`) VALUES (71, 16);
INSERT INTO `conditionnement_produit` (`id_produit`, `id_conditionnement`) VALUES (72, 16);
INSERT INTO `conditionnement_produit` (`id_produit`, `id_conditionnement`) VALUES (73, 23);
INSERT INTO `conditionnement_produit` (`id_produit`, `id_conditionnement`) VALUES (74, 18);
INSERT INTO `conditionnement_produit` (`id_produit`, `id_conditionnement`) VALUES (75, 17);
INSERT INTO `conditionnement_produit` (`id_produit`, `id_conditionnement`) VALUES (76, 2);
INSERT INTO `conditionnement_produit` (`id_produit`, `id_conditionnement`) VALUES (77, 25);
INSERT INTO `conditionnement_produit` (`id_produit`, `id_conditionnement`) VALUES (78, 26);
INSERT INTO `conditionnement_produit` (`id_produit`, `id_conditionnement`) VALUES (79, 23);
INSERT INTO `conditionnement_produit` (`id_produit`, `id_conditionnement`) VALUES (80, 36);
INSERT INTO `conditionnement_produit` (`id_produit`, `id_conditionnement`) VALUES (81, 36);
INSERT INTO `conditionnement_produit` (`id_produit`, `id_conditionnement`) VALUES (82, 23);
INSERT INTO `conditionnement_produit` (`id_produit`, `id_conditionnement`) VALUES (83, 23);
INSERT INTO `conditionnement_produit` (`id_produit`, `id_conditionnement`) VALUES (84, 23);
INSERT INTO `conditionnement_produit` (`id_produit`, `id_conditionnement`) VALUES (85, 23);
INSERT INTO `conditionnement_produit` (`id_produit`, `id_conditionnement`) VALUES (86, 23);
INSERT INTO `conditionnement_produit` (`id_produit`, `id_conditionnement`) VALUES (87, 23);
INSERT INTO `conditionnement_produit` (`id_produit`, `id_conditionnement`) VALUES (88, 17);
INSERT INTO `conditionnement_produit` (`id_produit`, `id_conditionnement`) VALUES (89, 23);
INSERT INTO `conditionnement_produit` (`id_produit`, `id_conditionnement`) VALUES (90, 23);

-- --------------------------------------------------------

--
-- D?chargement des donn?es de la table `jour`
--

INSERT INTO `jour` (`id_jour`, `libelle_jour`) VALUES (1, 'Lundi');
INSERT INTO `jour` (`id_jour`, `libelle_jour`) VALUES (2, 'Mardi');
INSERT INTO `jour` (`id_jour`, `libelle_jour`) VALUES (3, 'Mercredi');
INSERT INTO `jour` (`id_jour`, `libelle_jour`) VALUES (4, 'Jeudi');
INSERT INTO `jour` (`id_jour`, `libelle_jour`) VALUES (5, 'Vendredi');
INSERT INTO `jour` (`id_jour`, `libelle_jour`) VALUES (6, 'Samedi');
INSERT INTO `jour` (`id_jour`, `libelle_jour`) VALUES (7, 'Dimanche');

-- --------------------------------------------------------

--
-- D?chargement des donn?es de la table `horairesouverture`
--

INSERT INTO `horairesouverture` (`id_horaires`, `heure_debut_ouverture`, `heure_fin_ouverture`, `id_jour`, `id_pointrelais`) VALUES (1, '9:00', '19:00', 1, 1);
INSERT INTO `horairesouverture` (`id_horaires`, `heure_debut_ouverture`, `heure_fin_ouverture`, `id_jour`, `id_pointrelais`) VALUES (2, '9:00', '19:00', 2, 1);
INSERT INTO `horairesouverture` (`id_horaires`, `heure_debut_ouverture`, `heure_fin_ouverture`, `id_jour`, `id_pointrelais`) VALUES (3, '9:00', '19:00', 3, 1);
INSERT INTO `horairesouverture` (`id_horaires`, `heure_debut_ouverture`, `heure_fin_ouverture`, `id_jour`, `id_pointrelais`) VALUES (4, '9:00', '19:00', 4, 1);
INSERT INTO `horairesouverture` (`id_horaires`, `heure_debut_ouverture`, `heure_fin_ouverture`, `id_jour`, `id_pointrelais`) VALUES (5, '9:00', '19:00', 5, 1);
INSERT INTO `horairesouverture` (`id_horaires`, `heure_debut_ouverture`, `heure_fin_ouverture`, `id_jour`, `id_pointrelais`) VALUES (6, '9:00', '18:00', 6, 1);
INSERT INTO `horairesouverture` (`id_horaires`, `heure_debut_ouverture`, `heure_fin_ouverture`, `id_jour`, `id_pointrelais`) VALUES (7, '10:00', '20:00', 2, 2);
INSERT INTO `horairesouverture` (`id_horaires`, `heure_debut_ouverture`, `heure_fin_ouverture`, `id_jour`, `id_pointrelais`) VALUES (8, '10:00', '20:00', 3, 2);
INSERT INTO `horairesouverture` (`id_horaires`, `heure_debut_ouverture`, `heure_fin_ouverture`, `id_jour`, `id_pointrelais`) VALUES (9, '10:00', '20:00', 4, 2);
INSERT INTO `horairesouverture` (`id_horaires`, `heure_debut_ouverture`, `heure_fin_ouverture`, `id_jour`, `id_pointrelais`) VALUES (10, '10:00', '20:00', 5, 2);
INSERT INTO `horairesouverture` (`id_horaires`, `heure_debut_ouverture`, `heure_fin_ouverture`, `id_jour`, `id_pointrelais`) VALUES (11, '10:00', '20:00', 6, 2);
INSERT INTO `horairesouverture` (`id_horaires`, `heure_debut_ouverture`, `heure_fin_ouverture`, `id_jour`, `id_pointrelais`) VALUES (12, '10:00', '17:00', 7, 2);
INSERT INTO `horairesouverture` (`id_horaires`, `heure_debut_ouverture`, `heure_fin_ouverture`, `id_jour`, `id_pointrelais`) VALUES (13, '10:00', '19:30', 1, 3);
INSERT INTO `horairesouverture` (`id_horaires`, `heure_debut_ouverture`, `heure_fin_ouverture`, `id_jour`, `id_pointrelais`) VALUES (14, '10:00', '19:30', 2, 3);
INSERT INTO `horairesouverture` (`id_horaires`, `heure_debut_ouverture`, `heure_fin_ouverture`, `id_jour`, `id_pointrelais`) VALUES (15, '10:00', '19:30', 4, 3);
INSERT INTO `horairesouverture` (`id_horaires`, `heure_debut_ouverture`, `heure_fin_ouverture`, `id_jour`, `id_pointrelais`) VALUES (16, '10:00', '19:30', 5, 3);
INSERT INTO `horairesouverture` (`id_horaires`, `heure_debut_ouverture`, `heure_fin_ouverture`, `id_jour`, `id_pointrelais`) VALUES (17, '10:00', '19:30', 3, 3);
INSERT INTO `horairesouverture` (`id_horaires`, `heure_debut_ouverture`, `heure_fin_ouverture`, `id_jour`, `id_pointrelais`) VALUES (18, '10:00', '19:30', 6, 3);
INSERT INTO `horairesouverture` (`id_horaires`, `heure_debut_ouverture`, `heure_fin_ouverture`, `id_jour`, `id_pointrelais`) VALUES (19, '9:30', '18:30', 2, 4);
INSERT INTO `horairesouverture` (`id_horaires`, `heure_debut_ouverture`, `heure_fin_ouverture`, `id_jour`, `id_pointrelais`) VALUES (20, '9:30', '19:30', 3, 4);
INSERT INTO `horairesouverture` (`id_horaires`, `heure_debut_ouverture`, `heure_fin_ouverture`, `id_jour`, `id_pointrelais`) VALUES (21, '9:30', '19:30', 4, 4);
INSERT INTO `horairesouverture` (`id_horaires`, `heure_debut_ouverture`, `heure_fin_ouverture`, `id_jour`, `id_pointrelais`) VALUES (22, '9:30', '19:30', 5, 4);
INSERT INTO `horairesouverture` (`id_horaires`, `heure_debut_ouverture`, `heure_fin_ouverture`, `id_jour`, `id_pointrelais`) VALUES (23, '9:30', '19:30', 6, 4);
INSERT INTO `horairesouverture` (`id_horaires`, `heure_debut_ouverture`, `heure_fin_ouverture`, `id_jour`, `id_pointrelais`) VALUES (24, '9:30', '18:30', 7, 4);
INSERT INTO `horairesouverture` (`id_horaires`, `heure_debut_ouverture`, `heure_fin_ouverture`, `id_jour`, `id_pointrelais`) VALUES (25, '9:00', '19:30', 1, 5);
INSERT INTO `horairesouverture` (`id_horaires`, `heure_debut_ouverture`, `heure_fin_ouverture`, `id_jour`, `id_pointrelais`) VALUES (26, '11:00', '19:30', 2, 5);
INSERT INTO `horairesouverture` (`id_horaires`, `heure_debut_ouverture`, `heure_fin_ouverture`, `id_jour`, `id_pointrelais`) VALUES (27, '9:00', '15:00', 3, 5);
INSERT INTO `horairesouverture` (`id_horaires`, `heure_debut_ouverture`, `heure_fin_ouverture`, `id_jour`, `id_pointrelais`) VALUES (28, '9:00', '19:30', 4, 5);
INSERT INTO `horairesouverture` (`id_horaires`, `heure_debut_ouverture`, `heure_fin_ouverture`, `id_jour`, `id_pointrelais`) VALUES (29, '9:00', '19:30', 5, 5);
INSERT INTO `horairesouverture` (`id_horaires`, `heure_debut_ouverture`, `heure_fin_ouverture`, `id_jour`, `id_pointrelais`) VALUES (30, '9:00', '19:30', 6, 5);
INSERT INTO `horairesouverture` (`id_horaires`, `heure_debut_ouverture`, `heure_fin_ouverture`, `id_jour`, `id_pointrelais`) VALUES (31, '10:30', '20:00', 1, 6);
INSERT INTO `horairesouverture` (`id_horaires`, `heure_debut_ouverture`, `heure_fin_ouverture`, `id_jour`, `id_pointrelais`) VALUES (32, '10:30', '20:00', 2, 6);
INSERT INTO `horairesouverture` (`id_horaires`, `heure_debut_ouverture`, `heure_fin_ouverture`, `id_jour`, `id_pointrelais`) VALUES (33, '10:30', '20:00', 3, 6);
INSERT INTO `horairesouverture` (`id_horaires`, `heure_debut_ouverture`, `heure_fin_ouverture`, `id_jour`, `id_pointrelais`) VALUES (34, '10:30', '20:00', 4, 6);
INSERT INTO `horairesouverture` (`id_horaires`, `heure_debut_ouverture`, `heure_fin_ouverture`, `id_jour`, `id_pointrelais`) VALUES (35, '10:30', '20:00', 5, 6);
INSERT INTO `horairesouverture` (`id_horaires`, `heure_debut_ouverture`, `heure_fin_ouverture`, `id_jour`, `id_pointrelais`) VALUES (36, '10:30', '20:00', 6, 6);
INSERT INTO `horairesouverture` (`id_horaires`, `heure_debut_ouverture`, `heure_fin_ouverture`, `id_jour`, `id_pointrelais`) VALUES (37, '9:00', '19:00', 2, 7);
INSERT INTO `horairesouverture` (`id_horaires`, `heure_debut_ouverture`, `heure_fin_ouverture`, `id_jour`, `id_pointrelais`) VALUES (38, '9:00', '19:00', 3, 7);
INSERT INTO `horairesouverture` (`id_horaires`, `heure_debut_ouverture`, `heure_fin_ouverture`, `id_jour`, `id_pointrelais`) VALUES (39, '9:00', '19:00', 4, 7);
INSERT INTO `horairesouverture` (`id_horaires`, `heure_debut_ouverture`, `heure_fin_ouverture`, `id_jour`, `id_pointrelais`) VALUES (40, '9:00', '19:00', 5, 7);
INSERT INTO `horairesouverture` (`id_horaires`, `heure_debut_ouverture`, `heure_fin_ouverture`, `id_jour`, `id_pointrelais`) VALUES (41, '9:00', '19:00', 6, 7);
INSERT INTO `horairesouverture` (`id_horaires`, `heure_debut_ouverture`, `heure_fin_ouverture`, `id_jour`, `id_pointrelais`) VALUES (42, '9:00', '18:00', 7, 7);
INSERT INTO `horairesouverture` (`id_horaires`, `heure_debut_ouverture`, `heure_fin_ouverture`, `id_jour`, `id_pointrelais`) VALUES (43, '10:00', '20:00', 1, 8);
INSERT INTO `horairesouverture` (`id_horaires`, `heure_debut_ouverture`, `heure_fin_ouverture`, `id_jour`, `id_pointrelais`) VALUES (44, '10:00', '20:00', 2, 8);
INSERT INTO `horairesouverture` (`id_horaires`, `heure_debut_ouverture`, `heure_fin_ouverture`, `id_jour`, `id_pointrelais`) VALUES (45, '10:00', '20:00', 3, 8);
INSERT INTO `horairesouverture` (`id_horaires`, `heure_debut_ouverture`, `heure_fin_ouverture`, `id_jour`, `id_pointrelais`) VALUES (46, '10:00', '20:00', 4, 8);
INSERT INTO `horairesouverture` (`id_horaires`, `heure_debut_ouverture`, `heure_fin_ouverture`, `id_jour`, `id_pointrelais`) VALUES (47, '10:00', '20:00', 5, 8);
INSERT INTO `horairesouverture` (`id_horaires`, `heure_debut_ouverture`, `heure_fin_ouverture`, `id_jour`, `id_pointrelais`) VALUES (48, '10:00', '17:00', 6, 8);
INSERT INTO `horairesouverture` (`id_horaires`, `heure_debut_ouverture`, `heure_fin_ouverture`, `id_jour`, `id_pointrelais`) VALUES (49, '10:00', '19:30', 1, 9);
INSERT INTO `horairesouverture` (`id_horaires`, `heure_debut_ouverture`, `heure_fin_ouverture`, `id_jour`, `id_pointrelais`) VALUES (50, '10:00', '19:30', 2, 9);
INSERT INTO `horairesouverture` (`id_horaires`, `heure_debut_ouverture`, `heure_fin_ouverture`, `id_jour`, `id_pointrelais`) VALUES (51, '10:00', '19:30', 3, 9);
INSERT INTO `horairesouverture` (`id_horaires`, `heure_debut_ouverture`, `heure_fin_ouverture`, `id_jour`, `id_pointrelais`) VALUES (52, '10:00', '19:30', 4, 9);
INSERT INTO `horairesouverture` (`id_horaires`, `heure_debut_ouverture`, `heure_fin_ouverture`, `id_jour`, `id_pointrelais`) VALUES (53, '10:00', '19:30', 5, 9);
INSERT INTO `horairesouverture` (`id_horaires`, `heure_debut_ouverture`, `heure_fin_ouverture`, `id_jour`, `id_pointrelais`) VALUES (54, '10:00', '19:30', 6, 9);
INSERT INTO `horairesouverture` (`id_horaires`, `heure_debut_ouverture`, `heure_fin_ouverture`, `id_jour`, `id_pointrelais`) VALUES (55, '9:30', '18:30', 1, 10);
INSERT INTO `horairesouverture` (`id_horaires`, `heure_debut_ouverture`, `heure_fin_ouverture`, `id_jour`, `id_pointrelais`) VALUES (56, '9:30', '19:30', 2, 10);
INSERT INTO `horairesouverture` (`id_horaires`, `heure_debut_ouverture`, `heure_fin_ouverture`, `id_jour`, `id_pointrelais`) VALUES (57, '9:30', '19:30', 3, 10);
INSERT INTO `horairesouverture` (`id_horaires`, `heure_debut_ouverture`, `heure_fin_ouverture`, `id_jour`, `id_pointrelais`) VALUES (58, '9:30', '19:30', 4, 10);
INSERT INTO `horairesouverture` (`id_horaires`, `heure_debut_ouverture`, `heure_fin_ouverture`, `id_jour`, `id_pointrelais`) VALUES (59, '9:30', '19:30', 5, 10);
INSERT INTO `horairesouverture` (`id_horaires`, `heure_debut_ouverture`, `heure_fin_ouverture`, `id_jour`, `id_pointrelais`) VALUES (60, '9:30', '18:30', 6, 10);
INSERT INTO `horairesouverture` (`id_horaires`, `heure_debut_ouverture`, `heure_fin_ouverture`, `id_jour`, `id_pointrelais`) VALUES (61, '9:00', '19:30', 2, 11);
INSERT INTO `horairesouverture` (`id_horaires`, `heure_debut_ouverture`, `heure_fin_ouverture`, `id_jour`, `id_pointrelais`) VALUES (62, '11:00', '19:30', 3, 11);
INSERT INTO `horairesouverture` (`id_horaires`, `heure_debut_ouverture`, `heure_fin_ouverture`, `id_jour`, `id_pointrelais`) VALUES (63, '9:00', '15:00', 4, 11);
INSERT INTO `horairesouverture` (`id_horaires`, `heure_debut_ouverture`, `heure_fin_ouverture`, `id_jour`, `id_pointrelais`) VALUES (64, '9:00', '19:30', 5, 11);
INSERT INTO `horairesouverture` (`id_horaires`, `heure_debut_ouverture`, `heure_fin_ouverture`, `id_jour`, `id_pointrelais`) VALUES (65, '9:00', '19:30', 6, 11);
INSERT INTO `horairesouverture` (`id_horaires`, `heure_debut_ouverture`, `heure_fin_ouverture`, `id_jour`, `id_pointrelais`) VALUES (66, '9:00', '19:30', 7, 11);
INSERT INTO `horairesouverture` (`id_horaires`, `heure_debut_ouverture`, `heure_fin_ouverture`, `id_jour`, `id_pointrelais`) VALUES (67, '10:30', '20:00', 1, 12);
INSERT INTO `horairesouverture` (`id_horaires`, `heure_debut_ouverture`, `heure_fin_ouverture`, `id_jour`, `id_pointrelais`) VALUES (68, '10:30', '20:00', 2, 12);
INSERT INTO `horairesouverture` (`id_horaires`, `heure_debut_ouverture`, `heure_fin_ouverture`, `id_jour`, `id_pointrelais`) VALUES (69, '10:30', '20:00', 3, 12);
INSERT INTO `horairesouverture` (`id_horaires`, `heure_debut_ouverture`, `heure_fin_ouverture`, `id_jour`, `id_pointrelais`) VALUES (70, '10:30', '20:00', 4, 12);
INSERT INTO `horairesouverture` (`id_horaires`, `heure_debut_ouverture`, `heure_fin_ouverture`, `id_jour`, `id_pointrelais`) VALUES (71, '10:30', '20:00', 5, 12);
INSERT INTO `horairesouverture` (`id_horaires`, `heure_debut_ouverture`, `heure_fin_ouverture`, `id_jour`, `id_pointrelais`) VALUES (72, '10:30', '20:00', 6, 12);
INSERT INTO `horairesouverture` (`id_horaires`, `heure_debut_ouverture`, `heure_fin_ouverture`, `id_jour`, `id_pointrelais`) VALUES (73, '9:00', '19:00', 2, 13);
INSERT INTO `horairesouverture` (`id_horaires`, `heure_debut_ouverture`, `heure_fin_ouverture`, `id_jour`, `id_pointrelais`) VALUES (74, '9:00', '19:00', 3, 13);
INSERT INTO `horairesouverture` (`id_horaires`, `heure_debut_ouverture`, `heure_fin_ouverture`, `id_jour`, `id_pointrelais`) VALUES (75, '9:00', '19:00', 4, 13);
INSERT INTO `horairesouverture` (`id_horaires`, `heure_debut_ouverture`, `heure_fin_ouverture`, `id_jour`, `id_pointrelais`) VALUES (76, '9:00', '19:00', 5, 13);
INSERT INTO `horairesouverture` (`id_horaires`, `heure_debut_ouverture`, `heure_fin_ouverture`, `id_jour`, `id_pointrelais`) VALUES (77, '9:00', '19:00', 6, 13);
INSERT INTO `horairesouverture` (`id_horaires`, `heure_debut_ouverture`, `heure_fin_ouverture`, `id_jour`, `id_pointrelais`) VALUES (78, '9:00', '18:00', 7, 13);
INSERT INTO `horairesouverture` (`id_horaires`, `heure_debut_ouverture`, `heure_fin_ouverture`, `id_jour`, `id_pointrelais`) VALUES (79, '10:00', '20:00', 1, 14);
INSERT INTO `horairesouverture` (`id_horaires`, `heure_debut_ouverture`, `heure_fin_ouverture`, `id_jour`, `id_pointrelais`) VALUES (80, '10:00', '20:00', 2, 14);
INSERT INTO `horairesouverture` (`id_horaires`, `heure_debut_ouverture`, `heure_fin_ouverture`, `id_jour`, `id_pointrelais`) VALUES (81, '10:00', '20:00', 3, 14);
INSERT INTO `horairesouverture` (`id_horaires`, `heure_debut_ouverture`, `heure_fin_ouverture`, `id_jour`, `id_pointrelais`) VALUES (82, '10:00', '20:00', 4, 14);
INSERT INTO `horairesouverture` (`id_horaires`, `heure_debut_ouverture`, `heure_fin_ouverture`, `id_jour`, `id_pointrelais`) VALUES (83, '10:00', '20:00', 5, 14);
INSERT INTO `horairesouverture` (`id_horaires`, `heure_debut_ouverture`, `heure_fin_ouverture`, `id_jour`, `id_pointrelais`) VALUES (84, '10:00', '17:00', 6, 14);
INSERT INTO `horairesouverture` (`id_horaires`, `heure_debut_ouverture`, `heure_fin_ouverture`, `id_jour`, `id_pointrelais`) VALUES (85, '10:00', '19:30', 1, 15);
INSERT INTO `horairesouverture` (`id_horaires`, `heure_debut_ouverture`, `heure_fin_ouverture`, `id_jour`, `id_pointrelais`) VALUES (86, '10:00', '19:30', 2, 15);
INSERT INTO `horairesouverture` (`id_horaires`, `heure_debut_ouverture`, `heure_fin_ouverture`, `id_jour`, `id_pointrelais`) VALUES (87, '10:00', '19:30', 3, 15);
INSERT INTO `horairesouverture` (`id_horaires`, `heure_debut_ouverture`, `heure_fin_ouverture`, `id_jour`, `id_pointrelais`) VALUES (88, '10:00', '19:30', 4, 15);
INSERT INTO `horairesouverture` (`id_horaires`, `heure_debut_ouverture`, `heure_fin_ouverture`, `id_jour`, `id_pointrelais`) VALUES (89, '10:00', '19:30', 5, 15);
INSERT INTO `horairesouverture` (`id_horaires`, `heure_debut_ouverture`, `heure_fin_ouverture`, `id_jour`, `id_pointrelais`) VALUES (90, '10:00', '19:30', 6, 15);
INSERT INTO `horairesouverture` (`id_horaires`, `heure_debut_ouverture`, `heure_fin_ouverture`, `id_jour`, `id_pointrelais`) VALUES (91, '9:30', '18:30', 2, 16);
INSERT INTO `horairesouverture` (`id_horaires`, `heure_debut_ouverture`, `heure_fin_ouverture`, `id_jour`, `id_pointrelais`) VALUES (92, '9:30', '19:30', 3, 16);
INSERT INTO `horairesouverture` (`id_horaires`, `heure_debut_ouverture`, `heure_fin_ouverture`, `id_jour`, `id_pointrelais`) VALUES (93, '9:30', '19:30', 4, 16);
INSERT INTO `horairesouverture` (`id_horaires`, `heure_debut_ouverture`, `heure_fin_ouverture`, `id_jour`, `id_pointrelais`) VALUES (94, '9:30', '19:30', 5, 16);
INSERT INTO `horairesouverture` (`id_horaires`, `heure_debut_ouverture`, `heure_fin_ouverture`, `id_jour`, `id_pointrelais`) VALUES (95, '9:30', '19:30', 6, 16);
INSERT INTO `horairesouverture` (`id_horaires`, `heure_debut_ouverture`, `heure_fin_ouverture`, `id_jour`, `id_pointrelais`) VALUES (96, '9:30', '18:30', 7, 16);
INSERT INTO `horairesouverture` (`id_horaires`, `heure_debut_ouverture`, `heure_fin_ouverture`, `id_jour`, `id_pointrelais`) VALUES (97, '9:00', '19:30', 1, 17);
INSERT INTO `horairesouverture` (`id_horaires`, `heure_debut_ouverture`, `heure_fin_ouverture`, `id_jour`, `id_pointrelais`) VALUES (98, '11:00', '19:30', 2, 17);
INSERT INTO `horairesouverture` (`id_horaires`, `heure_debut_ouverture`, `heure_fin_ouverture`, `id_jour`, `id_pointrelais`) VALUES (99, '9:00', '15:00', 3, 17);
INSERT INTO `horairesouverture` (`id_horaires`, `heure_debut_ouverture`, `heure_fin_ouverture`, `id_jour`, `id_pointrelais`) VALUES (100, '9:00', '19:30', 4, 17);
INSERT INTO `horairesouverture` (`id_horaires`, `heure_debut_ouverture`, `heure_fin_ouverture`, `id_jour`, `id_pointrelais`) VALUES (101, '9:00', '19:30', 5, 17);
INSERT INTO `horairesouverture` (`id_horaires`, `heure_debut_ouverture`, `heure_fin_ouverture`, `id_jour`, `id_pointrelais`) VALUES (102, '9:00', '19:30', 6, 17);
INSERT INTO `horairesouverture` (`id_horaires`, `heure_debut_ouverture`, `heure_fin_ouverture`, `id_jour`, `id_pointrelais`) VALUES (103, '10:30', '20:00', 2, 18);
INSERT INTO `horairesouverture` (`id_horaires`, `heure_debut_ouverture`, `heure_fin_ouverture`, `id_jour`, `id_pointrelais`) VALUES (104, '10:30', '20:00', 3, 18);
INSERT INTO `horairesouverture` (`id_horaires`, `heure_debut_ouverture`, `heure_fin_ouverture`, `id_jour`, `id_pointrelais`) VALUES (105, '10:30', '20:00', 4, 18);
INSERT INTO `horairesouverture` (`id_horaires`, `heure_debut_ouverture`, `heure_fin_ouverture`, `id_jour`, `id_pointrelais`) VALUES (106, '10:30', '20:00', 5, 18);
INSERT INTO `horairesouverture` (`id_horaires`, `heure_debut_ouverture`, `heure_fin_ouverture`, `id_jour`, `id_pointrelais`) VALUES (107, '10:30', '20:00', 6, 18);
INSERT INTO `horairesouverture` (`id_horaires`, `heure_debut_ouverture`, `heure_fin_ouverture`, `id_jour`, `id_pointrelais`) VALUES (108, '10:30', '20:00', 7, 18);
INSERT INTO `horairesouverture` (`id_horaires`, `heure_debut_ouverture`, `heure_fin_ouverture`, `id_jour`, `id_pointrelais`) VALUES (109, '9:00', '19:00', 1, 19);
INSERT INTO `horairesouverture` (`id_horaires`, `heure_debut_ouverture`, `heure_fin_ouverture`, `id_jour`, `id_pointrelais`) VALUES (110, '9:00', '19:00', 2, 19);
INSERT INTO `horairesouverture` (`id_horaires`, `heure_debut_ouverture`, `heure_fin_ouverture`, `id_jour`, `id_pointrelais`) VALUES (111, '9:00', '19:00', 3, 19);
INSERT INTO `horairesouverture` (`id_horaires`, `heure_debut_ouverture`, `heure_fin_ouverture`, `id_jour`, `id_pointrelais`) VALUES (112, '9:00', '19:00', 4, 19);
INSERT INTO `horairesouverture` (`id_horaires`, `heure_debut_ouverture`, `heure_fin_ouverture`, `id_jour`, `id_pointrelais`) VALUES (113, '9:00', '19:00', 5, 19);
INSERT INTO `horairesouverture` (`id_horaires`, `heure_debut_ouverture`, `heure_fin_ouverture`, `id_jour`, `id_pointrelais`) VALUES (114, '9:00', '18:00', 6, 19);
INSERT INTO `horairesouverture` (`id_horaires`, `heure_debut_ouverture`, `heure_fin_ouverture`, `id_jour`, `id_pointrelais`) VALUES (115, '10:00', '20:00', 2, 19);
INSERT INTO `horairesouverture` (`id_horaires`, `heure_debut_ouverture`, `heure_fin_ouverture`, `id_jour`, `id_pointrelais`) VALUES (116, '10:00', '20:00', 3, 19);
INSERT INTO `horairesouverture` (`id_horaires`, `heure_debut_ouverture`, `heure_fin_ouverture`, `id_jour`, `id_pointrelais`) VALUES (117, '10:00', '20:00', 4, 19);
INSERT INTO `horairesouverture` (`id_horaires`, `heure_debut_ouverture`, `heure_fin_ouverture`, `id_jour`, `id_pointrelais`) VALUES (118, '10:00', '20:00', 5, 19);
INSERT INTO `horairesouverture` (`id_horaires`, `heure_debut_ouverture`, `heure_fin_ouverture`, `id_jour`, `id_pointrelais`) VALUES (119, '10:00', '20:00', 6, 19);
INSERT INTO `horairesouverture` (`id_horaires`, `heure_debut_ouverture`, `heure_fin_ouverture`, `id_jour`, `id_pointrelais`) VALUES (120, '10:00', '17:00', 7, 19);
INSERT INTO `horairesouverture` (`id_horaires`, `heure_debut_ouverture`, `heure_fin_ouverture`, `id_jour`, `id_pointrelais`) VALUES (121, '10:00', '19:30', 1, 20);
INSERT INTO `horairesouverture` (`id_horaires`, `heure_debut_ouverture`, `heure_fin_ouverture`, `id_jour`, `id_pointrelais`) VALUES (122, '10:00', '19:30', 2, 20);
INSERT INTO `horairesouverture` (`id_horaires`, `heure_debut_ouverture`, `heure_fin_ouverture`, `id_jour`, `id_pointrelais`) VALUES (123, '10:00', '19:30', 3, 20);
INSERT INTO `horairesouverture` (`id_horaires`, `heure_debut_ouverture`, `heure_fin_ouverture`, `id_jour`, `id_pointrelais`) VALUES (124, '10:00', '19:30', 4, 20);
INSERT INTO `horairesouverture` (`id_horaires`, `heure_debut_ouverture`, `heure_fin_ouverture`, `id_jour`, `id_pointrelais`) VALUES (125, '10:00', '19:30', 5, 20);
INSERT INTO `horairesouverture` (`id_horaires`, `heure_debut_ouverture`, `heure_fin_ouverture`, `id_jour`, `id_pointrelais`) VALUES (126, '10:00', '19:30', 6, 20);
INSERT INTO `horairesouverture` (`id_horaires`, `heure_debut_ouverture`, `heure_fin_ouverture`, `id_jour`, `id_pointrelais`) VALUES (127, '9:30', '18:30', 1, 45);
INSERT INTO `horairesouverture` (`id_horaires`, `heure_debut_ouverture`, `heure_fin_ouverture`, `id_jour`, `id_pointrelais`) VALUES (128, '9:30', '19:30', 2, 45);
INSERT INTO `horairesouverture` (`id_horaires`, `heure_debut_ouverture`, `heure_fin_ouverture`, `id_jour`, `id_pointrelais`) VALUES (129, '9:30', '19:30', 3, 45);
INSERT INTO `horairesouverture` (`id_horaires`, `heure_debut_ouverture`, `heure_fin_ouverture`, `id_jour`, `id_pointrelais`) VALUES (130, '9:30', '19:30', 4, 45);
INSERT INTO `horairesouverture` (`id_horaires`, `heure_debut_ouverture`, `heure_fin_ouverture`, `id_jour`, `id_pointrelais`) VALUES (131, '9:30', '19:30', 5, 45);
INSERT INTO `horairesouverture` (`id_horaires`, `heure_debut_ouverture`, `heure_fin_ouverture`, `id_jour`, `id_pointrelais`) VALUES (132, '9:30', '18:30', 6, 45);
INSERT INTO `horairesouverture` (`id_horaires`, `heure_debut_ouverture`, `heure_fin_ouverture`, `id_jour`, `id_pointrelais`) VALUES (133, '9:00', '19:30', 1, 46);
INSERT INTO `horairesouverture` (`id_horaires`, `heure_debut_ouverture`, `heure_fin_ouverture`, `id_jour`, `id_pointrelais`) VALUES (134, '11:00', '19:30', 2, 46);
INSERT INTO `horairesouverture` (`id_horaires`, `heure_debut_ouverture`, `heure_fin_ouverture`, `id_jour`, `id_pointrelais`) VALUES (135, '9:00', '15:00', 3, 46);
INSERT INTO `horairesouverture` (`id_horaires`, `heure_debut_ouverture`, `heure_fin_ouverture`, `id_jour`, `id_pointrelais`) VALUES (136, '9:00', '19:30', 4, 46);
INSERT INTO `horairesouverture` (`id_horaires`, `heure_debut_ouverture`, `heure_fin_ouverture`, `id_jour`, `id_pointrelais`) VALUES (137, '9:00', '19:30', 5, 46);
INSERT INTO `horairesouverture` (`id_horaires`, `heure_debut_ouverture`, `heure_fin_ouverture`, `id_jour`, `id_pointrelais`) VALUES (138, '9:00', '19:30', 6, 46);
INSERT INTO `horairesouverture` (`id_horaires`, `heure_debut_ouverture`, `heure_fin_ouverture`, `id_jour`, `id_pointrelais`) VALUES (139, '10:30', '20:00', 2, 47);
INSERT INTO `horairesouverture` (`id_horaires`, `heure_debut_ouverture`, `heure_fin_ouverture`, `id_jour`, `id_pointrelais`) VALUES (140, '10:30', '20:00', 3, 47);
INSERT INTO `horairesouverture` (`id_horaires`, `heure_debut_ouverture`, `heure_fin_ouverture`, `id_jour`, `id_pointrelais`) VALUES (141, '10:30', '20:00', 4, 47);
INSERT INTO `horairesouverture` (`id_horaires`, `heure_debut_ouverture`, `heure_fin_ouverture`, `id_jour`, `id_pointrelais`) VALUES (142, '10:30', '20:00', 5, 47);
INSERT INTO `horairesouverture` (`id_horaires`, `heure_debut_ouverture`, `heure_fin_ouverture`, `id_jour`, `id_pointrelais`) VALUES (143, '10:30', '20:00', 6, 47);
INSERT INTO `horairesouverture` (`id_horaires`, `heure_debut_ouverture`, `heure_fin_ouverture`, `id_jour`, `id_pointrelais`) VALUES (144, '10:30', '20:00', 7, 47);
INSERT INTO `horairesouverture` (`id_horaires`, `heure_debut_ouverture`, `heure_fin_ouverture`, `id_jour`, `id_pointrelais`) VALUES (145, '9:00', '19:00', 1, 48);
INSERT INTO `horairesouverture` (`id_horaires`, `heure_debut_ouverture`, `heure_fin_ouverture`, `id_jour`, `id_pointrelais`) VALUES (146, '9:00', '19:00', 2, 48);
INSERT INTO `horairesouverture` (`id_horaires`, `heure_debut_ouverture`, `heure_fin_ouverture`, `id_jour`, `id_pointrelais`) VALUES (147, '9:00', '19:00', 3, 48);
INSERT INTO `horairesouverture` (`id_horaires`, `heure_debut_ouverture`, `heure_fin_ouverture`, `id_jour`, `id_pointrelais`) VALUES (148, '9:00', '19:00', 4, 48);
INSERT INTO `horairesouverture` (`id_horaires`, `heure_debut_ouverture`, `heure_fin_ouverture`, `id_jour`, `id_pointrelais`) VALUES (149, '9:00', '19:00', 5, 48);
INSERT INTO `horairesouverture` (`id_horaires`, `heure_debut_ouverture`, `heure_fin_ouverture`, `id_jour`, `id_pointrelais`) VALUES (150, '9:00', '18:00', 6, 48);
INSERT INTO `horairesouverture` (`id_horaires`, `heure_debut_ouverture`, `heure_fin_ouverture`, `id_jour`, `id_pointrelais`) VALUES (151, '10:00', '20:00', 1, 49);
INSERT INTO `horairesouverture` (`id_horaires`, `heure_debut_ouverture`, `heure_fin_ouverture`, `id_jour`, `id_pointrelais`) VALUES (152, '10:00', '20:00', 2, 49);
INSERT INTO `horairesouverture` (`id_horaires`, `heure_debut_ouverture`, `heure_fin_ouverture`, `id_jour`, `id_pointrelais`) VALUES (153, '10:00', '20:00', 3, 49);
INSERT INTO `horairesouverture` (`id_horaires`, `heure_debut_ouverture`, `heure_fin_ouverture`, `id_jour`, `id_pointrelais`) VALUES (154, '10:00', '20:00', 4, 49);
INSERT INTO `horairesouverture` (`id_horaires`, `heure_debut_ouverture`, `heure_fin_ouverture`, `id_jour`, `id_pointrelais`) VALUES (155, '10:00', '20:00', 5, 49);
INSERT INTO `horairesouverture` (`id_horaires`, `heure_debut_ouverture`, `heure_fin_ouverture`, `id_jour`, `id_pointrelais`) VALUES (156, '10:00', '17:00', 6, 49);
INSERT INTO `horairesouverture` (`id_horaires`, `heure_debut_ouverture`, `heure_fin_ouverture`, `id_jour`, `id_pointrelais`) VALUES (157, '10:00', '19:30', 2, 50);
INSERT INTO `horairesouverture` (`id_horaires`, `heure_debut_ouverture`, `heure_fin_ouverture`, `id_jour`, `id_pointrelais`) VALUES (158, '10:00', '19:30', 3, 50);
INSERT INTO `horairesouverture` (`id_horaires`, `heure_debut_ouverture`, `heure_fin_ouverture`, `id_jour`, `id_pointrelais`) VALUES (159, '10:00', '19:30', 4, 50);
INSERT INTO `horairesouverture` (`id_horaires`, `heure_debut_ouverture`, `heure_fin_ouverture`, `id_jour`, `id_pointrelais`) VALUES (160, '10:00', '19:30', 5, 50);
INSERT INTO `horairesouverture` (`id_horaires`, `heure_debut_ouverture`, `heure_fin_ouverture`, `id_jour`, `id_pointrelais`) VALUES (161, '10:00', '19:30', 6, 50);
INSERT INTO `horairesouverture` (`id_horaires`, `heure_debut_ouverture`, `heure_fin_ouverture`, `id_jour`, `id_pointrelais`) VALUES (162, '10:00', '19:30', 7, 50);
INSERT INTO `horairesouverture` (`id_horaires`, `heure_debut_ouverture`, `heure_fin_ouverture`, `id_jour`, `id_pointrelais`) VALUES (163, '9:30', '18:30', 1, 51);
INSERT INTO `horairesouverture` (`id_horaires`, `heure_debut_ouverture`, `heure_fin_ouverture`, `id_jour`, `id_pointrelais`) VALUES (164, '9:30', '19:30', 2, 51);
INSERT INTO `horairesouverture` (`id_horaires`, `heure_debut_ouverture`, `heure_fin_ouverture`, `id_jour`, `id_pointrelais`) VALUES (165, '9:30', '19:30', 3, 52);
INSERT INTO `horairesouverture` (`id_horaires`, `heure_debut_ouverture`, `heure_fin_ouverture`, `id_jour`, `id_pointrelais`) VALUES (166, '9:30', '19:30', 4, 52);
INSERT INTO `horairesouverture` (`id_horaires`, `heure_debut_ouverture`, `heure_fin_ouverture`, `id_jour`, `id_pointrelais`) VALUES (167, '9:30', '19:30', 5, 52);
INSERT INTO `horairesouverture` (`id_horaires`, `heure_debut_ouverture`, `heure_fin_ouverture`, `id_jour`, `id_pointrelais`) VALUES (168, '9:30', '18:30', 6, 52);
INSERT INTO `horairesouverture` (`id_horaires`, `heure_debut_ouverture`, `heure_fin_ouverture`, `id_jour`, `id_pointrelais`) VALUES (169, '9:00', '19:30', 1, 53);
INSERT INTO `horairesouverture` (`id_horaires`, `heure_debut_ouverture`, `heure_fin_ouverture`, `id_jour`, `id_pointrelais`) VALUES (170, '11:00', '19:30', 2, 53);
INSERT INTO `horairesouverture` (`id_horaires`, `heure_debut_ouverture`, `heure_fin_ouverture`, `id_jour`, `id_pointrelais`) VALUES (171, '9:00', '15:00', 3, 53);
INSERT INTO `horairesouverture` (`id_horaires`, `heure_debut_ouverture`, `heure_fin_ouverture`, `id_jour`, `id_pointrelais`) VALUES (172, '9:00', '19:30', 4, 53);
INSERT INTO `horairesouverture` (`id_horaires`, `heure_debut_ouverture`, `heure_fin_ouverture`, `id_jour`, `id_pointrelais`) VALUES (173, '9:00', '19:30', 5, 53);
INSERT INTO `horairesouverture` (`id_horaires`, `heure_debut_ouverture`, `heure_fin_ouverture`, `id_jour`, `id_pointrelais`) VALUES (174, '9:00', '19:30', 6, 53);
INSERT INTO `horairesouverture` (`id_horaires`, `heure_debut_ouverture`, `heure_fin_ouverture`, `id_jour`, `id_pointrelais`) VALUES (175, '10:30', '20:00', 1, 54);
INSERT INTO `horairesouverture` (`id_horaires`, `heure_debut_ouverture`, `heure_fin_ouverture`, `id_jour`, `id_pointrelais`) VALUES (176, '10:30', '20:00', 2, 54);
INSERT INTO `horairesouverture` (`id_horaires`, `heure_debut_ouverture`, `heure_fin_ouverture`, `id_jour`, `id_pointrelais`) VALUES (177, '10:30', '20:00', 3, 54);
INSERT INTO `horairesouverture` (`id_horaires`, `heure_debut_ouverture`, `heure_fin_ouverture`, `id_jour`, `id_pointrelais`) VALUES (178, '10:30', '20:00', 4, 54);
INSERT INTO `horairesouverture` (`id_horaires`, `heure_debut_ouverture`, `heure_fin_ouverture`, `id_jour`, `id_pointrelais`) VALUES (179, '10:30', '20:00', 5, 54);
INSERT INTO `horairesouverture` (`id_horaires`, `heure_debut_ouverture`, `heure_fin_ouverture`, `id_jour`, `id_pointrelais`) VALUES (180, '10:30', '20:00', 6, 54);
INSERT INTO `horairesouverture` (`id_horaires`, `heure_debut_ouverture`, `heure_fin_ouverture`, `id_jour`, `id_pointrelais`) VALUES (181, '9:00', '19:00', 2, 55);
INSERT INTO `horairesouverture` (`id_horaires`, `heure_debut_ouverture`, `heure_fin_ouverture`, `id_jour`, `id_pointrelais`) VALUES (182, '9:00', '19:00', 3, 55);
INSERT INTO `horairesouverture` (`id_horaires`, `heure_debut_ouverture`, `heure_fin_ouverture`, `id_jour`, `id_pointrelais`) VALUES (183, '9:00', '19:00', 4, 55);
INSERT INTO `horairesouverture` (`id_horaires`, `heure_debut_ouverture`, `heure_fin_ouverture`, `id_jour`, `id_pointrelais`) VALUES (184, '9:00', '19:00', 5, 55);
INSERT INTO `horairesouverture` (`id_horaires`, `heure_debut_ouverture`, `heure_fin_ouverture`, `id_jour`, `id_pointrelais`) VALUES (185, '9:00', '19:00', 6, 55);
INSERT INTO `horairesouverture` (`id_horaires`, `heure_debut_ouverture`, `heure_fin_ouverture`, `id_jour`, `id_pointrelais`) VALUES (186, '9:00', '18:00', 7, 55);
INSERT INTO `horairesouverture` (`id_horaires`, `heure_debut_ouverture`, `heure_fin_ouverture`, `id_jour`, `id_pointrelais`) VALUES (187, '10:00', '20:00', 1, 56);
INSERT INTO `horairesouverture` (`id_horaires`, `heure_debut_ouverture`, `heure_fin_ouverture`, `id_jour`, `id_pointrelais`) VALUES (188, '10:00', '20:00', 2, 56);
INSERT INTO `horairesouverture` (`id_horaires`, `heure_debut_ouverture`, `heure_fin_ouverture`, `id_jour`, `id_pointrelais`) VALUES (189, '10:00', '20:00', 3, 56);
INSERT INTO `horairesouverture` (`id_horaires`, `heure_debut_ouverture`, `heure_fin_ouverture`, `id_jour`, `id_pointrelais`) VALUES (190, '10:00', '20:00', 4, 56);
INSERT INTO `horairesouverture` (`id_horaires`, `heure_debut_ouverture`, `heure_fin_ouverture`, `id_jour`, `id_pointrelais`) VALUES (191, '10:00', '20:00', 5, 56);
INSERT INTO `horairesouverture` (`id_horaires`, `heure_debut_ouverture`, `heure_fin_ouverture`, `id_jour`, `id_pointrelais`) VALUES (192, '10:00', '17:00', 6, 56);
INSERT INTO `horairesouverture` (`id_horaires`, `heure_debut_ouverture`, `heure_fin_ouverture`, `id_jour`, `id_pointrelais`) VALUES (193, '10:00', '19:30', 2, 57);
INSERT INTO `horairesouverture` (`id_horaires`, `heure_debut_ouverture`, `heure_fin_ouverture`, `id_jour`, `id_pointrelais`) VALUES (194, '10:00', '19:30', 3, 57);
INSERT INTO `horairesouverture` (`id_horaires`, `heure_debut_ouverture`, `heure_fin_ouverture`, `id_jour`, `id_pointrelais`) VALUES (195, '10:00', '19:30', 4, 57);
INSERT INTO `horairesouverture` (`id_horaires`, `heure_debut_ouverture`, `heure_fin_ouverture`, `id_jour`, `id_pointrelais`) VALUES (196, '10:00', '19:30', 5, 57);
INSERT INTO `horairesouverture` (`id_horaires`, `heure_debut_ouverture`, `heure_fin_ouverture`, `id_jour`, `id_pointrelais`) VALUES (197, '10:00', '19:30', 6, 57);
INSERT INTO `horairesouverture` (`id_horaires`, `heure_debut_ouverture`, `heure_fin_ouverture`, `id_jour`, `id_pointrelais`) VALUES (198, '10:00', '19:30', 7, 57);
INSERT INTO `horairesouverture` (`id_horaires`, `heure_debut_ouverture`, `heure_fin_ouverture`, `id_jour`, `id_pointrelais`) VALUES (199, '9:30', '18:30', 1, 58);
INSERT INTO `horairesouverture` (`id_horaires`, `heure_debut_ouverture`, `heure_fin_ouverture`, `id_jour`, `id_pointrelais`) VALUES (200, '9:30', '19:30', 2, 58);
INSERT INTO `horairesouverture` (`id_horaires`, `heure_debut_ouverture`, `heure_fin_ouverture`, `id_jour`, `id_pointrelais`) VALUES (201, '9:30', '19:30', 3, 58);
INSERT INTO `horairesouverture` (`id_horaires`, `heure_debut_ouverture`, `heure_fin_ouverture`, `id_jour`, `id_pointrelais`) VALUES (202, '9:30', '19:30', 4, 58);
INSERT INTO `horairesouverture` (`id_horaires`, `heure_debut_ouverture`, `heure_fin_ouverture`, `id_jour`, `id_pointrelais`) VALUES (203, '9:30', '19:30', 5, 58);
INSERT INTO `horairesouverture` (`id_horaires`, `heure_debut_ouverture`, `heure_fin_ouverture`, `id_jour`, `id_pointrelais`) VALUES (204, '9:30', '18:30', 6, 58);
INSERT INTO `horairesouverture` (`id_horaires`, `heure_debut_ouverture`, `heure_fin_ouverture`, `id_jour`, `id_pointrelais`) VALUES (205, '9:00', '19:30', 1, 59);
INSERT INTO `horairesouverture` (`id_horaires`, `heure_debut_ouverture`, `heure_fin_ouverture`, `id_jour`, `id_pointrelais`) VALUES (206, '11:00', '19:30', 2, 59);
INSERT INTO `horairesouverture` (`id_horaires`, `heure_debut_ouverture`, `heure_fin_ouverture`, `id_jour`, `id_pointrelais`) VALUES (207, '9:00', '15:00', 3, 59);
INSERT INTO `horairesouverture` (`id_horaires`, `heure_debut_ouverture`, `heure_fin_ouverture`, `id_jour`, `id_pointrelais`) VALUES (208, '9:00', '19:30', 4, 59);
INSERT INTO `horairesouverture` (`id_horaires`, `heure_debut_ouverture`, `heure_fin_ouverture`, `id_jour`, `id_pointrelais`) VALUES (209, '9:00', '19:30', 6, 59);
INSERT INTO `horairesouverture` (`id_horaires`, `heure_debut_ouverture`, `heure_fin_ouverture`, `id_jour`, `id_pointrelais`) VALUES (210, '9:00', '19:30', 7, 59);
INSERT INTO `horairesouverture` (`id_horaires`, `heure_debut_ouverture`, `heure_fin_ouverture`, `id_jour`, `id_pointrelais`) VALUES (211, '10:30', '20:00', 2, 60);
INSERT INTO `horairesouverture` (`id_horaires`, `heure_debut_ouverture`, `heure_fin_ouverture`, `id_jour`, `id_pointrelais`) VALUES (212, '10:30', '20:00', 3, 60);
INSERT INTO `horairesouverture` (`id_horaires`, `heure_debut_ouverture`, `heure_fin_ouverture`, `id_jour`, `id_pointrelais`) VALUES (213, '10:30', '20:00', 4, 60);
INSERT INTO `horairesouverture` (`id_horaires`, `heure_debut_ouverture`, `heure_fin_ouverture`, `id_jour`, `id_pointrelais`) VALUES (214, '10:30', '20:00', 5, 60);
INSERT INTO `horairesouverture` (`id_horaires`, `heure_debut_ouverture`, `heure_fin_ouverture`, `id_jour`, `id_pointrelais`) VALUES (215, '10:30', '20:00', 6, 60);
INSERT INTO `horairesouverture` (`id_horaires`, `heure_debut_ouverture`, `heure_fin_ouverture`, `id_jour`, `id_pointrelais`) VALUES (216, '10:30', '20:00', 7, 60);
INSERT INTO `horairesouverture` (`id_horaires`, `heure_debut_ouverture`, `heure_fin_ouverture`, `id_jour`, `id_pointrelais`) VALUES (217, '9:00', '19:00', 2, 61);
INSERT INTO `horairesouverture` (`id_horaires`, `heure_debut_ouverture`, `heure_fin_ouverture`, `id_jour`, `id_pointrelais`) VALUES (218, '9:00', '19:00', 3, 61);
INSERT INTO `horairesouverture` (`id_horaires`, `heure_debut_ouverture`, `heure_fin_ouverture`, `id_jour`, `id_pointrelais`) VALUES (219, '9:00', '19:00', 4, 61);
INSERT INTO `horairesouverture` (`id_horaires`, `heure_debut_ouverture`, `heure_fin_ouverture`, `id_jour`, `id_pointrelais`) VALUES (220, '9:00', '19:00', 5, 61);
INSERT INTO `horairesouverture` (`id_horaires`, `heure_debut_ouverture`, `heure_fin_ouverture`, `id_jour`, `id_pointrelais`) VALUES (221, '9:00', '19:00', 6, 61);
INSERT INTO `horairesouverture` (`id_horaires`, `heure_debut_ouverture`, `heure_fin_ouverture`, `id_jour`, `id_pointrelais`) VALUES (222, '9:00', '18:00', 7, 61);
INSERT INTO `horairesouverture` (`id_horaires`, `heure_debut_ouverture`, `heure_fin_ouverture`, `id_jour`, `id_pointrelais`) VALUES (223, '10:00', '20:00', 1, 62);
INSERT INTO `horairesouverture` (`id_horaires`, `heure_debut_ouverture`, `heure_fin_ouverture`, `id_jour`, `id_pointrelais`) VALUES (224, '10:00', '20:00', 2, 62);
INSERT INTO `horairesouverture` (`id_horaires`, `heure_debut_ouverture`, `heure_fin_ouverture`, `id_jour`, `id_pointrelais`) VALUES (225, '10:00', '20:00', 3, 62);
INSERT INTO `horairesouverture` (`id_horaires`, `heure_debut_ouverture`, `heure_fin_ouverture`, `id_jour`, `id_pointrelais`) VALUES (226, '10:00', '20:00', 4, 62);
INSERT INTO `horairesouverture` (`id_horaires`, `heure_debut_ouverture`, `heure_fin_ouverture`, `id_jour`, `id_pointrelais`) VALUES (227, '10:00', '20:00', 5, 62);
INSERT INTO `horairesouverture` (`id_horaires`, `heure_debut_ouverture`, `heure_fin_ouverture`, `id_jour`, `id_pointrelais`) VALUES (228, '10:00', '17:00', 6, 62);
INSERT INTO `horairesouverture` (`id_horaires`, `heure_debut_ouverture`, `heure_fin_ouverture`, `id_jour`, `id_pointrelais`) VALUES (229, '10:00', '19:30', 1, 63);
INSERT INTO `horairesouverture` (`id_horaires`, `heure_debut_ouverture`, `heure_fin_ouverture`, `id_jour`, `id_pointrelais`) VALUES (230, '10:00', '19:30', 2, 63);
INSERT INTO `horairesouverture` (`id_horaires`, `heure_debut_ouverture`, `heure_fin_ouverture`, `id_jour`, `id_pointrelais`) VALUES (231, '10:00', '19:30', 3, 63);
INSERT INTO `horairesouverture` (`id_horaires`, `heure_debut_ouverture`, `heure_fin_ouverture`, `id_jour`, `id_pointrelais`) VALUES (232, '10:00', '19:30', 4, 63);
INSERT INTO `horairesouverture` (`id_horaires`, `heure_debut_ouverture`, `heure_fin_ouverture`, `id_jour`, `id_pointrelais`) VALUES (233, '10:00', '19:30', 5, 63);
INSERT INTO `horairesouverture` (`id_horaires`, `heure_debut_ouverture`, `heure_fin_ouverture`, `id_jour`, `id_pointrelais`) VALUES (234, '10:00', '19:30', 6, 63);
INSERT INTO `horairesouverture` (`id_horaires`, `heure_debut_ouverture`, `heure_fin_ouverture`, `id_jour`, `id_pointrelais`) VALUES (235, '9:30', '18:30', 2, 64);
INSERT INTO `horairesouverture` (`id_horaires`, `heure_debut_ouverture`, `heure_fin_ouverture`, `id_jour`, `id_pointrelais`) VALUES (236, '9:30', '19:30', 3, 64);
INSERT INTO `horairesouverture` (`id_horaires`, `heure_debut_ouverture`, `heure_fin_ouverture`, `id_jour`, `id_pointrelais`) VALUES (237, '9:30', '19:30', 4, 64);
INSERT INTO `horairesouverture` (`id_horaires`, `heure_debut_ouverture`, `heure_fin_ouverture`, `id_jour`, `id_pointrelais`) VALUES (238, '9:30', '19:30', 5, 64);
INSERT INTO `horairesouverture` (`id_horaires`, `heure_debut_ouverture`, `heure_fin_ouverture`, `id_jour`, `id_pointrelais`) VALUES (239, '9:30', '19:30', 6, 64);
INSERT INTO `horairesouverture` (`id_horaires`, `heure_debut_ouverture`, `heure_fin_ouverture`, `id_jour`, `id_pointrelais`) VALUES (240, '9:30', '18:30', 7, 64);
INSERT INTO `horairesouverture` (`id_horaires`, `heure_debut_ouverture`, `heure_fin_ouverture`, `id_jour`, `id_pointrelais`) VALUES (241, '9:00', '19:30', 1, 65);
INSERT INTO `horairesouverture` (`id_horaires`, `heure_debut_ouverture`, `heure_fin_ouverture`, `id_jour`, `id_pointrelais`) VALUES (242, '9:00', '19:30', 2, 65);
INSERT INTO `horairesouverture` (`id_horaires`, `heure_debut_ouverture`, `heure_fin_ouverture`, `id_jour`, `id_pointrelais`) VALUES (243, '9:00', '15:00', 3, 65);
INSERT INTO `horairesouverture` (`id_horaires`, `heure_debut_ouverture`, `heure_fin_ouverture`, `id_jour`, `id_pointrelais`) VALUES (244, '9:00', '19:30', 4, 65);
INSERT INTO `horairesouverture` (`id_horaires`, `heure_debut_ouverture`, `heure_fin_ouverture`, `id_jour`, `id_pointrelais`) VALUES (245, '9:00', '19:30', 5, 65);
INSERT INTO `horairesouverture` (`id_horaires`, `heure_debut_ouverture`, `heure_fin_ouverture`, `id_jour`, `id_pointrelais`) VALUES (246, '9:00', '19:30', 6, 65);
INSERT INTO `horairesouverture` (`id_horaires`, `heure_debut_ouverture`, `heure_fin_ouverture`, `id_jour`, `id_pointrelais`) VALUES (247, '10:30', '20:00', 1, 67);
INSERT INTO `horairesouverture` (`id_horaires`, `heure_debut_ouverture`, `heure_fin_ouverture`, `id_jour`, `id_pointrelais`) VALUES (248, '10:30', '20:00', 2, 67);
INSERT INTO `horairesouverture` (`id_horaires`, `heure_debut_ouverture`, `heure_fin_ouverture`, `id_jour`, `id_pointrelais`) VALUES (249, '10:30', '20:00', 3, 67);
INSERT INTO `horairesouverture` (`id_horaires`, `heure_debut_ouverture`, `heure_fin_ouverture`, `id_jour`, `id_pointrelais`) VALUES (250, '10:30', '20:00', 4, 67);
INSERT INTO `horairesouverture` (`id_horaires`, `heure_debut_ouverture`, `heure_fin_ouverture`, `id_jour`, `id_pointrelais`) VALUES (251, '10:30', '20:00', 5, 67);
INSERT INTO `horairesouverture` (`id_horaires`, `heure_debut_ouverture`, `heure_fin_ouverture`, `id_jour`, `id_pointrelais`) VALUES (252, '10:30', '20:00', 6, 67);
INSERT INTO `horairesouverture` (`id_horaires`, `heure_debut_ouverture`, `heure_fin_ouverture`, `id_jour`, `id_pointrelais`) VALUES (253, '9:00', '19:00', 2, 68);
INSERT INTO `horairesouverture` (`id_horaires`, `heure_debut_ouverture`, `heure_fin_ouverture`, `id_jour`, `id_pointrelais`) VALUES (254, '9:00', '19:00', 3, 68);
INSERT INTO `horairesouverture` (`id_horaires`, `heure_debut_ouverture`, `heure_fin_ouverture`, `id_jour`, `id_pointrelais`) VALUES (255, '9:00', '19:00', 4, 68);
INSERT INTO `horairesouverture` (`id_horaires`, `heure_debut_ouverture`, `heure_fin_ouverture`, `id_jour`, `id_pointrelais`) VALUES (256, '9:00', '19:00', 5, 68);
INSERT INTO `horairesouverture` (`id_horaires`, `heure_debut_ouverture`, `heure_fin_ouverture`, `id_jour`, `id_pointrelais`) VALUES (257, '9:00', '19:00', 6, 68);
INSERT INTO `horairesouverture` (`id_horaires`, `heure_debut_ouverture`, `heure_fin_ouverture`, `id_jour`, `id_pointrelais`) VALUES (258, '9:00', '18:00', 7, 68);
INSERT INTO `horairesouverture` (`id_horaires`, `heure_debut_ouverture`, `heure_fin_ouverture`, `id_jour`, `id_pointrelais`) VALUES (259, '10:00', '20:00', 1, 69);
INSERT INTO `horairesouverture` (`id_horaires`, `heure_debut_ouverture`, `heure_fin_ouverture`, `id_jour`, `id_pointrelais`) VALUES (260, '10:00', '20:00', 2, 69);
INSERT INTO `horairesouverture` (`id_horaires`, `heure_debut_ouverture`, `heure_fin_ouverture`, `id_jour`, `id_pointrelais`) VALUES (261, '10:00', '20:00', 3, 69);
INSERT INTO `horairesouverture` (`id_horaires`, `heure_debut_ouverture`, `heure_fin_ouverture`, `id_jour`, `id_pointrelais`) VALUES (262, '10:00', '20:00', 4, 69);
INSERT INTO `horairesouverture` (`id_horaires`, `heure_debut_ouverture`, `heure_fin_ouverture`, `id_jour`, `id_pointrelais`) VALUES (263, '10:00', '20:00', 5, 69);
INSERT INTO `horairesouverture` (`id_horaires`, `heure_debut_ouverture`, `heure_fin_ouverture`, `id_jour`, `id_pointrelais`) VALUES (264, '10:00', '17:00', 6, 69);
INSERT INTO `horairesouverture` (`id_horaires`, `heure_debut_ouverture`, `heure_fin_ouverture`, `id_jour`, `id_pointrelais`) VALUES (265, '10:00', '19:30', 1, 70);
INSERT INTO `horairesouverture` (`id_horaires`, `heure_debut_ouverture`, `heure_fin_ouverture`, `id_jour`, `id_pointrelais`) VALUES (266, '10:00', '19:30', 2, 70);
INSERT INTO `horairesouverture` (`id_horaires`, `heure_debut_ouverture`, `heure_fin_ouverture`, `id_jour`, `id_pointrelais`) VALUES (267, '10:00', '19:30', 3, 70);
INSERT INTO `horairesouverture` (`id_horaires`, `heure_debut_ouverture`, `heure_fin_ouverture`, `id_jour`, `id_pointrelais`) VALUES (268, '10:00', '19:30', 4, 70);
INSERT INTO `horairesouverture` (`id_horaires`, `heure_debut_ouverture`, `heure_fin_ouverture`, `id_jour`, `id_pointrelais`) VALUES (269, '10:00', '19:30', 5, 70);
INSERT INTO `horairesouverture` (`id_horaires`, `heure_debut_ouverture`, `heure_fin_ouverture`, `id_jour`, `id_pointrelais`) VALUES (270, '10:00', '19:30', 6, 70);
INSERT INTO `horairesouverture` (`id_horaires`, `heure_debut_ouverture`, `heure_fin_ouverture`, `id_jour`, `id_pointrelais`) VALUES (271, '9:30', '18:30', 1, 71);
INSERT INTO `horairesouverture` (`id_horaires`, `heure_debut_ouverture`, `heure_fin_ouverture`, `id_jour`, `id_pointrelais`) VALUES (272, '9:30', '19:30', 2, 71);
INSERT INTO `horairesouverture` (`id_horaires`, `heure_debut_ouverture`, `heure_fin_ouverture`, `id_jour`, `id_pointrelais`) VALUES (273, '9:30', '19:30', 3, 71);
INSERT INTO `horairesouverture` (`id_horaires`, `heure_debut_ouverture`, `heure_fin_ouverture`, `id_jour`, `id_pointrelais`) VALUES (274, '9:30', '19:30', 4, 71);
INSERT INTO `horairesouverture` (`id_horaires`, `heure_debut_ouverture`, `heure_fin_ouverture`, `id_jour`, `id_pointrelais`) VALUES (275, '9:30', '19:30', 5, 71);
INSERT INTO `horairesouverture` (`id_horaires`, `heure_debut_ouverture`, `heure_fin_ouverture`, `id_jour`, `id_pointrelais`) VALUES (276, '9:30', '18:30', 6, 71);
INSERT INTO `horairesouverture` (`id_horaires`, `heure_debut_ouverture`, `heure_fin_ouverture`, `id_jour`, `id_pointrelais`) VALUES (277, '9:00', '19:30', 2, 72);
INSERT INTO `horairesouverture` (`id_horaires`, `heure_debut_ouverture`, `heure_fin_ouverture`, `id_jour`, `id_pointrelais`) VALUES (278, '9:00', '19:30', 3, 72);
INSERT INTO `horairesouverture` (`id_horaires`, `heure_debut_ouverture`, `heure_fin_ouverture`, `id_jour`, `id_pointrelais`) VALUES (279, '9:00', '15:00', 4, 72);
INSERT INTO `horairesouverture` (`id_horaires`, `heure_debut_ouverture`, `heure_fin_ouverture`, `id_jour`, `id_pointrelais`) VALUES (280, '9:00', '19:30', 5, 72);
INSERT INTO `horairesouverture` (`id_horaires`, `heure_debut_ouverture`, `heure_fin_ouverture`, `id_jour`, `id_pointrelais`) VALUES (281, '9:00', '19:30', 6, 72);
INSERT INTO `horairesouverture` (`id_horaires`, `heure_debut_ouverture`, `heure_fin_ouverture`, `id_jour`, `id_pointrelais`) VALUES (282, '9:00', '19:30', 7, 72);
INSERT INTO `horairesouverture` (`id_horaires`, `heure_debut_ouverture`, `heure_fin_ouverture`, `id_jour`, `id_pointrelais`) VALUES (283, '10:30', '20:00', 1, 73);
INSERT INTO `horairesouverture` (`id_horaires`, `heure_debut_ouverture`, `heure_fin_ouverture`, `id_jour`, `id_pointrelais`) VALUES (284, '10:30', '20:00', 2, 73);
INSERT INTO `horairesouverture` (`id_horaires`, `heure_debut_ouverture`, `heure_fin_ouverture`, `id_jour`, `id_pointrelais`) VALUES (285, '10:30', '20:00', 3, 73);
INSERT INTO `horairesouverture` (`id_horaires`, `heure_debut_ouverture`, `heure_fin_ouverture`, `id_jour`, `id_pointrelais`) VALUES (286, '10:30', '20:00', 4, 73);
INSERT INTO `horairesouverture` (`id_horaires`, `heure_debut_ouverture`, `heure_fin_ouverture`, `id_jour`, `id_pointrelais`) VALUES (287, '10:30', '20:00', 5, 73);
INSERT INTO `horairesouverture` (`id_horaires`, `heure_debut_ouverture`, `heure_fin_ouverture`, `id_jour`, `id_pointrelais`) VALUES (288, '10:30', '20:00', 6, 73);
INSERT INTO `horairesouverture` (`id_horaires`, `heure_debut_ouverture`, `heure_fin_ouverture`, `id_jour`, `id_pointrelais`) VALUES (289, '9:00', '19:00', 2, 74);
INSERT INTO `horairesouverture` (`id_horaires`, `heure_debut_ouverture`, `heure_fin_ouverture`, `id_jour`, `id_pointrelais`) VALUES (290, '9:00', '19:00', 3, 74);
INSERT INTO `horairesouverture` (`id_horaires`, `heure_debut_ouverture`, `heure_fin_ouverture`, `id_jour`, `id_pointrelais`) VALUES (291, '9:00', '19:00', 4, 74);
INSERT INTO `horairesouverture` (`id_horaires`, `heure_debut_ouverture`, `heure_fin_ouverture`, `id_jour`, `id_pointrelais`) VALUES (292, '9:00', '19:00', 5, 74);
INSERT INTO `horairesouverture` (`id_horaires`, `heure_debut_ouverture`, `heure_fin_ouverture`, `id_jour`, `id_pointrelais`) VALUES (293, '9:00', '19:00', 6, 74);
INSERT INTO `horairesouverture` (`id_horaires`, `heure_debut_ouverture`, `heure_fin_ouverture`, `id_jour`, `id_pointrelais`) VALUES (294, '9:00', '18:00', 7, 74);
INSERT INTO `horairesouverture` (`id_horaires`, `heure_debut_ouverture`, `heure_fin_ouverture`, `id_jour`, `id_pointrelais`) VALUES (295, '10:00', '20:00', 1, 75);
INSERT INTO `horairesouverture` (`id_horaires`, `heure_debut_ouverture`, `heure_fin_ouverture`, `id_jour`, `id_pointrelais`) VALUES (296, '10:00', '20:00', 2, 75);
INSERT INTO `horairesouverture` (`id_horaires`, `heure_debut_ouverture`, `heure_fin_ouverture`, `id_jour`, `id_pointrelais`) VALUES (297, '10:00', '20:00', 3, 75);
INSERT INTO `horairesouverture` (`id_horaires`, `heure_debut_ouverture`, `heure_fin_ouverture`, `id_jour`, `id_pointrelais`) VALUES (298, '10:00', '20:00', 4, 75);
INSERT INTO `horairesouverture` (`id_horaires`, `heure_debut_ouverture`, `heure_fin_ouverture`, `id_jour`, `id_pointrelais`) VALUES (299, '10:00', '20:00', 5, 75);
INSERT INTO `horairesouverture` (`id_horaires`, `heure_debut_ouverture`, `heure_fin_ouverture`, `id_jour`, `id_pointrelais`) VALUES (300, '10:00', '17:00', 6, 75);
INSERT INTO `horairesouverture` (`id_horaires`, `heure_debut_ouverture`, `heure_fin_ouverture`, `id_jour`, `id_pointrelais`) VALUES (301, '10:00', '19:30', 2, 76);
INSERT INTO `horairesouverture` (`id_horaires`, `heure_debut_ouverture`, `heure_fin_ouverture`, `id_jour`, `id_pointrelais`) VALUES (302, '10:00', '19:30', 3, 76);
INSERT INTO `horairesouverture` (`id_horaires`, `heure_debut_ouverture`, `heure_fin_ouverture`, `id_jour`, `id_pointrelais`) VALUES (303, '10:00', '19:30', 4, 76);
INSERT INTO `horairesouverture` (`id_horaires`, `heure_debut_ouverture`, `heure_fin_ouverture`, `id_jour`, `id_pointrelais`) VALUES (304, '10:00', '19:30', 5, 76);
INSERT INTO `horairesouverture` (`id_horaires`, `heure_debut_ouverture`, `heure_fin_ouverture`, `id_jour`, `id_pointrelais`) VALUES (305, '10:00', '19:30', 6, 76);
INSERT INTO `horairesouverture` (`id_horaires`, `heure_debut_ouverture`, `heure_fin_ouverture`, `id_jour`, `id_pointrelais`) VALUES (306, '10:00', '19:30', 7, 76);
INSERT INTO `horairesouverture` (`id_horaires`, `heure_debut_ouverture`, `heure_fin_ouverture`, `id_jour`, `id_pointrelais`) VALUES (307, '9:30', '18:30', 1, 77);
INSERT INTO `horairesouverture` (`id_horaires`, `heure_debut_ouverture`, `heure_fin_ouverture`, `id_jour`, `id_pointrelais`) VALUES (308, '9:30', '19:30', 2, 77);
INSERT INTO `horairesouverture` (`id_horaires`, `heure_debut_ouverture`, `heure_fin_ouverture`, `id_jour`, `id_pointrelais`) VALUES (309, '9:30', '19:30', 3, 77);
INSERT INTO `horairesouverture` (`id_horaires`, `heure_debut_ouverture`, `heure_fin_ouverture`, `id_jour`, `id_pointrelais`) VALUES (310, '9:30', '19:30', 4, 77);
INSERT INTO `horairesouverture` (`id_horaires`, `heure_debut_ouverture`, `heure_fin_ouverture`, `id_jour`, `id_pointrelais`) VALUES (311, '9:30', '19:30', 5, 77);
INSERT INTO `horairesouverture` (`id_horaires`, `heure_debut_ouverture`, `heure_fin_ouverture`, `id_jour`, `id_pointrelais`) VALUES (312, '9:30', '18:30', 6, 77);
INSERT INTO `horairesouverture` (`id_horaires`, `heure_debut_ouverture`, `heure_fin_ouverture`, `id_jour`, `id_pointrelais`) VALUES (313, '9:00', '19:30', 2, 78);
INSERT INTO `horairesouverture` (`id_horaires`, `heure_debut_ouverture`, `heure_fin_ouverture`, `id_jour`, `id_pointrelais`) VALUES (314, '9:00', '19:30', 3, 78);
INSERT INTO `horairesouverture` (`id_horaires`, `heure_debut_ouverture`, `heure_fin_ouverture`, `id_jour`, `id_pointrelais`) VALUES (315, '9:00', '15:00', 4, 78);
INSERT INTO `horairesouverture` (`id_horaires`, `heure_debut_ouverture`, `heure_fin_ouverture`, `id_jour`, `id_pointrelais`) VALUES (316, '9:00', '19:30', 5, 78);
INSERT INTO `horairesouverture` (`id_horaires`, `heure_debut_ouverture`, `heure_fin_ouverture`, `id_jour`, `id_pointrelais`) VALUES (317, '9:00', '19:30', 6, 78);
INSERT INTO `horairesouverture` (`id_horaires`, `heure_debut_ouverture`, `heure_fin_ouverture`, `id_jour`, `id_pointrelais`) VALUES (318, '9:00', '19:30', 7, 78);

-- --------------------------------------------------------




--
-- D?chargement des donn?es de la table `produitrecette`
--

INSERT INTO `produitrecette` (`id_produitrecette`, `libelle_produitrecette`, `quantite_produitrecette`, `id_categorie_tproduitrecette`) VALUES (1, 'M?che', '100 g', 36);
INSERT INTO `produitrecette` (`id_produitrecette`, `libelle_produitrecette`, `quantite_produitrecette`, `id_categorie_tproduitrecette`) VALUES (2, 'Champignons', '100 g', 44);
INSERT INTO `produitrecette` (`id_produitrecette`, `libelle_produitrecette`, `quantite_produitrecette`, `id_categorie_tproduitrecette`) VALUES (3, 'Echalotes', '4', 31);
INSERT INTO `produitrecette` (`id_produitrecette`, `libelle_produitrecette`, `quantite_produitrecette`, `id_categorie_tproduitrecette`) VALUES (4, 'Noisettes', '50 g', 25);
INSERT INTO `produitrecette` (`id_produitrecette`, `libelle_produitrecette`, `quantite_produitrecette`, `id_categorie_tproduitrecette`) VALUES (5, 'Huile de noisettes', '30 ml', NULL);
INSERT INTO `produitrecette` (`id_produitrecette`, `libelle_produitrecette`, `quantite_produitrecette`, `id_categorie_tproduitrecette`) VALUES (6, 'Vinaigre balsamique', '10 ml', NULL);
INSERT INTO `produitrecette` (`id_produitrecette`, `libelle_produitrecette`, `quantite_produitrecette`, `id_categorie_tproduitrecette`) VALUES (7, 'Miel', '10 g', 4);
INSERT INTO `produitrecette` (`id_produitrecette`, `libelle_produitrecette`, `quantite_produitrecette`, `id_categorie_tproduitrecette`) VALUES (8, 'Fleur de sel', '1 pinc?e', NULL);
INSERT INTO `produitrecette` (`id_produitrecette`, `libelle_produitrecette`, `quantite_produitrecette`, `id_categorie_tproduitrecette`) VALUES (9, 'Poivre', '1 pinc?e', NULL);
INSERT INTO `produitrecette` (`id_produitrecette`, `libelle_produitrecette`, `quantite_produitrecette`, `id_categorie_tproduitrecette`) VALUES (10, 'Ch?taignes', '250 g', 46);
INSERT INTO `produitrecette` (`id_produitrecette`, `libelle_produitrecette`, `quantite_produitrecette`, `id_categorie_tproduitrecette`) VALUES (11, 'Oignon rouge', '1', 29);
INSERT INTO `produitrecette` (`id_produitrecette`, `libelle_produitrecette`, `quantite_produitrecette`, `id_categorie_tproduitrecette`) VALUES (12, 'Paprika doux', '5 g', NULL);
INSERT INTO `produitrecette` (`id_produitrecette`, `libelle_produitrecette`, `quantite_produitrecette`, `id_categorie_tproduitrecette`) VALUES (13, 'Cr?me liquide', '20 cl', NULL);
INSERT INTO `produitrecette` (`id_produitrecette`, `libelle_produitrecette`, `quantite_produitrecette`, `id_categorie_tproduitrecette`) VALUES (14, 'Pignons de pin', '20 g', NULL);
INSERT INTO `produitrecette` (`id_produitrecette`, `libelle_produitrecette`, `quantite_produitrecette`, `id_categorie_tproduitrecette`) VALUES (15, 'Huile d\'olive', '10 ml', NULL);
INSERT INTO `produitrecette` (`id_produitrecette`, `libelle_produitrecette`, `quantite_produitrecette`, `id_categorie_tproduitrecette`) VALUES (16, 'Poires', '6', 19);
INSERT INTO `produitrecette` (`id_produitrecette`, `libelle_produitrecette`, `quantite_produitrecette`, `id_categorie_tproduitrecette`) VALUES (17, 'Brocolis', '300 g', 32);
INSERT INTO `produitrecette` (`id_produitrecette`, `libelle_produitrecette`, `quantite_produitrecette`, `id_categorie_tproduitrecette`) VALUES (18, 'Carottes', '150 g', 27);
INSERT INTO `produitrecette` (`id_produitrecette`, `libelle_produitrecette`, `quantite_produitrecette`, `id_categorie_tproduitrecette`) VALUES (19, 'Crevettes roses cuites', '250 g', NULL);
INSERT INTO `produitrecette` (`id_produitrecette`, `libelle_produitrecette`, `quantite_produitrecette`, `id_categorie_tproduitrecette`) VALUES (20, 'Huile d\'olive', '30 ml', NULL);
INSERT INTO `produitrecette` (`id_produitrecette`, `libelle_produitrecette`, `quantite_produitrecette`, `id_categorie_tproduitrecette`) VALUES (21, 'Jus d\'orange', '10 ml', NULL);
INSERT INTO `produitrecette` (`id_produitrecette`, `libelle_produitrecette`, `quantite_produitrecette`, `id_categorie_tproduitrecette`) VALUES (22, 'Citron', '1', 21);
INSERT INTO `produitrecette` (`id_produitrecette`, `libelle_produitrecette`, `quantite_produitrecette`, `id_categorie_tproduitrecette`) VALUES (23, 'Piment d\'espelette', '2 pinc?es', NULL);
INSERT INTO `produitrecette` (`id_produitrecette`, `libelle_produitrecette`, `quantite_produitrecette`, `id_categorie_tproduitrecette`) VALUES (24, 'Appezeller', '50 g', NULL);
INSERT INTO `produitrecette` (`id_produitrecette`, `libelle_produitrecette`, `quantite_produitrecette`, `id_categorie_tproduitrecette`) VALUES (25, 'Champignons', '400 g', 44);
INSERT INTO `produitrecette` (`id_produitrecette`, `libelle_produitrecette`, `quantite_produitrecette`, `id_categorie_tproduitrecette`) VALUES (26, 'Oignons doux', '90 g', 29);
INSERT INTO `produitrecette` (`id_produitrecette`, `libelle_produitrecette`, `quantite_produitrecette`, `id_categorie_tproduitrecette`) VALUES (27, 'Gousse d\'ail', '1', 30);
INSERT INTO `produitrecette` (`id_produitrecette`, `libelle_produitrecette`, `quantite_produitrecette`, `id_categorie_tproduitrecette`) VALUES (28, 'Bouillon de l?gumes', '70 cl', NULL);
INSERT INTO `produitrecette` (`id_produitrecette`, `libelle_produitrecette`, `quantite_produitrecette`, `id_categorie_tproduitrecette`) VALUES (29, 'Cr?me', '650 g', NULL);
INSERT INTO `produitrecette` (`id_produitrecette`, `libelle_produitrecette`, `quantite_produitrecette`, `id_categorie_tproduitrecette`) VALUES (30, 'Clous de girofle', '2', NULL);
INSERT INTO `produitrecette` (`id_produitrecette`, `libelle_produitrecette`, `quantite_produitrecette`, `id_categorie_tproduitrecette`) VALUES (31, 'Potiron', '125 g', 45);
INSERT INTO `produitrecette` (`id_produitrecette`, `libelle_produitrecette`, `quantite_produitrecette`, `id_categorie_tproduitrecette`) VALUES (32, 'Lait', '15 cl', 16);
INSERT INTO `produitrecette` (`id_produitrecette`, `libelle_produitrecette`, `quantite_produitrecette`, `id_categorie_tproduitrecette`) VALUES (33, 'Chou-fleurs', '800 g', 34);
INSERT INTO `produitrecette` (`id_produitrecette`, `libelle_produitrecette`, `quantite_produitrecette`, `id_categorie_tproduitrecette`) VALUES (34, 'Beurre', '455 g', NULL);
INSERT INTO `produitrecette` (`id_produitrecette`, `libelle_produitrecette`, `quantite_produitrecette`, `id_categorie_tproduitrecette`) VALUES (35, 'Feuilles de menthe bergamote', '20', NULL);
INSERT INTO `produitrecette` (`id_produitrecette`, `libelle_produitrecette`, `quantite_produitrecette`, `id_categorie_tproduitrecette`) VALUES (36, 'Sucre glace', '70 g', NULL);
INSERT INTO `produitrecette` (`id_produitrecette`, `libelle_produitrecette`, `quantite_produitrecette`, `id_categorie_tproduitrecette`) VALUES (37, 'Oignons cisel?s', '125 g', 29);
INSERT INTO `produitrecette` (`id_produitrecette`, `libelle_produitrecette`, `quantite_produitrecette`, `id_categorie_tproduitrecette`) VALUES (38, 'Vin blanc', '125 ml', 43);
INSERT INTO `produitrecette` (`id_produitrecette`, `libelle_produitrecette`, `quantite_produitrecette`, `id_categorie_tproduitrecette`) VALUES (39, 'Cr?me', '400 g', NULL);
INSERT INTO `produitrecette` (`id_produitrecette`, `libelle_produitrecette`, `quantite_produitrecette`, `id_categorie_tproduitrecette`) VALUES (40, 'Parmesan', '400 g', NULL);
INSERT INTO `produitrecette` (`id_produitrecette`, `libelle_produitrecette`, `quantite_produitrecette`, `id_categorie_tproduitrecette`) VALUES (41, 'Bouillon de l?gumes', '125 g', NULL);
INSERT INTO `produitrecette` (`id_produitrecette`, `libelle_produitrecette`, `quantite_produitrecette`, `id_categorie_tproduitrecette`) VALUES (42, 'Sucre', '1 pinc?e', NULL);
INSERT INTO `produitrecette` (`id_produitrecette`, `libelle_produitrecette`, `quantite_produitrecette`, `id_categorie_tproduitrecette`) VALUES (43, 'Gros poulet de Bresse', '1', NULL);
INSERT INTO `produitrecette` (`id_produitrecette`, `libelle_produitrecette`, `quantite_produitrecette`, `id_categorie_tproduitrecette`) VALUES (44, 'Truffe blanche', '50 g', NULL);
INSERT INTO `produitrecette` (`id_produitrecette`, `libelle_produitrecette`, `quantite_produitrecette`, `id_categorie_tproduitrecette`) VALUES (45, 'Oignons blancs', '4', 29);
INSERT INTO `produitrecette` (`id_produitrecette`, `libelle_produitrecette`, `quantite_produitrecette`, `id_categorie_tproduitrecette`) VALUES (46, 'Potimarron', '1', 45);
INSERT INTO `produitrecette` (`id_produitrecette`, `libelle_produitrecette`, `quantite_produitrecette`, `id_categorie_tproduitrecette`) VALUES (47, 'Panais', '2', NULL);
INSERT INTO `produitrecette` (`id_produitrecette`, `libelle_produitrecette`, `quantite_produitrecette`, `id_categorie_tproduitrecette`) VALUES (48, 'Navets', '4', NULL);
INSERT INTO `produitrecette` (`id_produitrecette`, `libelle_produitrecette`, `quantite_produitrecette`, `id_categorie_tproduitrecette`) VALUES (49, 'Carottes', '4', 27);
INSERT INTO `produitrecette` (`id_produitrecette`, `libelle_produitrecette`, `quantite_produitrecette`, `id_categorie_tproduitrecette`) VALUES (50, 'Bouquet garni', '1', NULL);
INSERT INTO `produitrecette` (`id_produitrecette`, `libelle_produitrecette`, `quantite_produitrecette`, `id_categorie_tproduitrecette`) VALUES (51, 'Magret de canard', '800 g', NULL);
INSERT INTO `produitrecette` (`id_produitrecette`, `libelle_produitrecette`, `quantite_produitrecette`, `id_categorie_tproduitrecette`) VALUES (52, 'Cardamome', '8 g', NULL);
INSERT INTO `produitrecette` (`id_produitrecette`, `libelle_produitrecette`, `quantite_produitrecette`, `id_categorie_tproduitrecette`) VALUES (53, 'Anis ?toil?e', '10 g', NULL);
INSERT INTO `produitrecette` (`id_produitrecette`, `libelle_produitrecette`, `quantite_produitrecette`, `id_categorie_tproduitrecette`) VALUES (54, 'Grains de poivre', '10 g', NULL);
INSERT INTO `produitrecette` (`id_produitrecette`, `libelle_produitrecette`, `quantite_produitrecette`, `id_categorie_tproduitrecette`) VALUES (55, 'Miel d\'accacia', '200 g', 4);
INSERT INTO `produitrecette` (`id_produitrecette`, `libelle_produitrecette`, `quantite_produitrecette`, `id_categorie_tproduitrecette`) VALUES (56, 'Graine de coriandre', '5 g', NULL);
INSERT INTO `produitrecette` (`id_produitrecette`, `libelle_produitrecette`, `quantite_produitrecette`, `id_categorie_tproduitrecette`) VALUES (57, 'Baies de geni?vre', '5 g', NULL);
INSERT INTO `produitrecette` (`id_produitrecette`, `libelle_produitrecette`, `quantite_produitrecette`, `id_categorie_tproduitrecette`) VALUES (58, 'Batons de cannelle', '2', NULL);
INSERT INTO `produitrecette` (`id_produitrecette`, `libelle_produitrecette`, `quantite_produitrecette`, `id_categorie_tproduitrecette`) VALUES (59, 'Feuille de ch?ne', '1', 36);
INSERT INTO `produitrecette` (`id_produitrecette`, `libelle_produitrecette`, `quantite_produitrecette`, `id_categorie_tproduitrecette`) VALUES (60, 'Abricots secs', '2', NULL);
INSERT INTO `produitrecette` (`id_produitrecette`, `libelle_produitrecette`, `quantite_produitrecette`, `id_categorie_tproduitrecette`) VALUES (61, 'Pommes', '2', 18);
INSERT INTO `produitrecette` (`id_produitrecette`, `libelle_produitrecette`, `quantite_produitrecette`, `id_categorie_tproduitrecette`) VALUES (62, 'Pommes', '3', 18);
INSERT INTO `produitrecette` (`id_produitrecette`, `libelle_produitrecette`, `quantite_produitrecette`, `id_categorie_tproduitrecette`) VALUES (63, 'Pruneaux', '100 g', NULL);
INSERT INTO `produitrecette` (`id_produitrecette`, `libelle_produitrecette`, `quantite_produitrecette`, `id_categorie_tproduitrecette`) VALUES (64, 'Abricots secs', '100 g', NULL);
INSERT INTO `produitrecette` (`id_produitrecette`, `libelle_produitrecette`, `quantite_produitrecette`, `id_categorie_tproduitrecette`) VALUES (65, 'Beurre', '50 g', NULL);
INSERT INTO `produitrecette` (`id_produitrecette`, `libelle_produitrecette`, `quantite_produitrecette`, `id_categorie_tproduitrecette`) VALUES (66, 'Gingembre', '30 g', NULL);
INSERT INTO `produitrecette` (`id_produitrecette`, `libelle_produitrecette`, `quantite_produitrecette`, `id_categorie_tproduitrecette`) VALUES (67, 'Nougatines enrob?es au cacao', '50 g', NULL);
INSERT INTO `produitrecette` (`id_produitrecette`, `libelle_produitrecette`, `quantite_produitrecette`, `id_categorie_tproduitrecette`) VALUES (68, 'Amandes enrob?es de chocolat', '50 g', NULL);
INSERT INTO `produitrecette` (`id_produitrecette`, `libelle_produitrecette`, `quantite_produitrecette`, `id_categorie_tproduitrecette`) VALUES (69, 'P?te feuillet?e', '250 g', NULL);
INSERT INTO `produitrecette` (`id_produitrecette`, `libelle_produitrecette`, `quantite_produitrecette`, `id_categorie_tproduitrecette`) VALUES (70, 'Oeuf', '1', 40);
INSERT INTO `produitrecette` (`id_produitrecette`, `libelle_produitrecette`, `quantite_produitrecette`, `id_categorie_tproduitrecette`) VALUES (71, 'Cerneaux de noix', '325 g', 24);
INSERT INTO `produitrecette` (`id_produitrecette`, `libelle_produitrecette`, `quantite_produitrecette`, `id_categorie_tproduitrecette`) VALUES (72, 'Sucre semoule', '425 g', NULL);
INSERT INTO `produitrecette` (`id_produitrecette`, `libelle_produitrecette`, `quantite_produitrecette`, `id_categorie_tproduitrecette`) VALUES (73, 'Farine', '250 g', NULL);
INSERT INTO `produitrecette` (`id_produitrecette`, `libelle_produitrecette`, `quantite_produitrecette`, `id_categorie_tproduitrecette`) VALUES (74, 'Oeufs', '7', 40);
INSERT INTO `produitrecette` (`id_produitrecette`, `libelle_produitrecette`, `quantite_produitrecette`, `id_categorie_tproduitrecette`) VALUES (75, 'Beurre', '1 noix', NULL);
INSERT INTO `produitrecette` (`id_produitrecette`, `libelle_produitrecette`, `quantite_produitrecette`, `id_categorie_tproduitrecette`) VALUES (76, 'Amandes mond?es', '75 g', NULL);
INSERT INTO `produitrecette` (`id_produitrecette`, `libelle_produitrecette`, `quantite_produitrecette`, `id_categorie_tproduitrecette`) VALUES (77, 'Raisins blancs', '800 g', 20);
INSERT INTO `produitrecette` (`id_produitrecette`, `libelle_produitrecette`, `quantite_produitrecette`, `id_categorie_tproduitrecette`) VALUES (78, 'Amandes mond?es', '36', NULL);
INSERT INTO `produitrecette` (`id_produitrecette`, `libelle_produitrecette`, `quantite_produitrecette`, `id_categorie_tproduitrecette`) VALUES (79, 'Sucre', '200 g', NULL);
INSERT INTO `produitrecette` (`id_produitrecette`, `libelle_produitrecette`, `quantite_produitrecette`, `id_categorie_tproduitrecette`) VALUES (80, 'P?te bris?e', '250 g', NULL);
INSERT INTO `produitrecette` (`id_produitrecette`, `libelle_produitrecette`, `quantite_produitrecette`, `id_categorie_tproduitrecette`) VALUES (81, 'Mascarpone', '150 g', NULL);
INSERT INTO `produitrecette` (`id_produitrecette`, `libelle_produitrecette`, `quantite_produitrecette`, `id_categorie_tproduitrecette`) VALUES (82, 'Amandes hach?es', '15 g', NULL);
INSERT INTO `produitrecette` (`id_produitrecette`, `libelle_produitrecette`, `quantite_produitrecette`, `id_categorie_tproduitrecette`) VALUES (83, 'Sucre glace', '10 g', NULL);
INSERT INTO `produitrecette` (`id_produitrecette`, `libelle_produitrecette`, `quantite_produitrecette`, `id_categorie_tproduitrecette`) VALUES (84, 'Poires', '3', 19);
INSERT INTO `produitrecette` (`id_produitrecette`, `libelle_produitrecette`, `quantite_produitrecette`, `id_categorie_tproduitrecette`) VALUES (85, 'Oeufs', '2', 40);
INSERT INTO `produitrecette` (`id_produitrecette`, `libelle_produitrecette`, `quantite_produitrecette`, `id_categorie_tproduitrecette`) VALUES (86, 'Sucre semoule', '10 g', NULL);
INSERT INTO `produitrecette` (`id_produitrecette`, `libelle_produitrecette`, `quantite_produitrecette`, `id_categorie_tproduitrecette`) VALUES (87, 'Jus de citron', '10 ml', 21);

-- --------------------------------------------------------


--
-- D?chargement des donn?es de la table `recette`
--

INSERT INTO `recette` (`id_recette`, `descriptif_recette`, `libelle_recette`, `nbpers_recette`, `photo_recette`, `id_categorierecette_trecette`) VALUES(1, 'Temps de pr?paration : 10 min. Temps de cuisson : 10 min. Laver la m?che et les pousses d\'?pinard. R?server. D?couper des lamelles d\'Ossau-Iraty. ?plucher les ?chalotes, les ?mincer. Passer les champignons sous l\'eau et les essuyer rapidement sur un papier absorbant. Les couper en morceaux. Dans une po?le, faire revenir les ?chalotes dans le beurre mousseux. Ajouter les champignons. Pour la vinaigrette : Dans un bol, r?unir la fleur de sel, le poivre et le vinaigre. M?langer. Ajouter le miel et l\'huile de noisette. M?langer de nouveau puis r?server. Dans un beau saladier ou sur des assiettes, disposer le m?lange de salade. D?poser les champignons ti?des, parsemer de noisettes et des lamelles de fromage. Au moment de servir, arroser de vinaigrette.', 'Salade de champignons aux ?chalotes', 'pour 4 personnes', 'saladechampi.jpg', 1);
INSERT INTO `recette` (`id_recette`, `descriptif_recette`, `libelle_recette`, `nbpers_recette`, `photo_recette`, `id_categorierecette_trecette`) VALUES(2, 'Temps de pr?paration : 10 min. Temps de cuisson : 20 min. Peler et ?mincer l?oignon rouge. Peler les poires et d?couper la chair en gros cubes. Verser 1 cuiller?e ? soupe d?huile d?olive dans une casserole et faire blondir les oignons. Ajouter les poires et laisser cuire ? nouveau 2 minutes. Saupoudrer de paprika, ajouter les ch?taignes et 30 cl d?eau. Laisser cuire 15 minutes. Ajouter la cr?me, saler et poivrer. Mixer pour obtenir un m?lange onctueux. Go?ter et rectifier, si n?cessaire, l?assaisonnement en sel, poivre et paprika. Servir tr?s chaud avec des pignons de pin et des toasts de bleu.', 'Cr?me de poires et ch?taignes au paprika', 'pour 4 personnes', 'cremepoire.jpg', 1);
INSERT INTO `recette` (`id_recette`, `descriptif_recette`, `libelle_recette`, `nbpers_recette`, `photo_recette`, `id_categorierecette_trecette`) VALUES(3, 'Temps de pr?paration : 10 min. Temps de cuisson : 20 min. D?tacher les brocolis en bouquets, les plonger 30 secondes dans de l?eau bouillante sal?e, les ?goutter aussit?t, puis les plonger dans un saladier d?eau glac?e, les laisser refroidir environ 5 minutes et les ?goutter ? nouveau. Peler les carottes et les r?per en minces filets. D?cortiquer les crevettes. R?per la moiti? du zeste du citron sur une r?pe fine au-dessus d?un bol. M?langer le jus d?orange et 2 cuiller?es ? soupe de jus de citron dans le bol, ajouter l?huile, saler et fouetter le m?lange. D?tailler les bouquets de brocolis en lamelles (les plus minces possible) et les poser ? plat sur quatre assiettes. Ajouter les crevettes, napper de sauce et poivrer juste avant de d?guster.\r\n', 'Brocolis et crevettes en carpaccio', 'pour 4 personnes', 'brocolicrevette.jpg', 1);
INSERT INTO `recette` (`id_recette`, `descriptif_recette`, `libelle_recette`, `nbpers_recette`, `photo_recette`, `id_categorierecette_trecette`) VALUES(4, 'Temps de pr?paration : 45 min. Temps de cuisson : 20 min. Pour la cr?me de champignons : ?mincer l\'oignon, l\'ail et les clous de girofle, faire suer le tout ? feu doux, y ajouter les parures de champignons puis les liquides. Recouvrir d?un couvercle et cuire le tout pendant 30 ? 35 minutes. Une fois cuit, mixer le tout, passer ? la fine passoire. R?cup?rer 40 cl de ce liquide et le m?langer au kappa, amener le tout ? ?bullition, mixer et verser dans les assiettes de service. Filmer et r?server ? temp?rature ambiante. Pour le velout? de potiron : Couper le potiron en petits cubes et les d?poser dans une casserole, couvrir d\'un couvercle et laisser ? feu tr?s doux 20 minutes afin de faire ressortir l?eau de cuisson. Y ajouter le reste de la garniture ainsi que le liquide. Cuire 30 minutes, mixer et passer ? la passoire fine. R?server au chaud. Laver soigneusement les champignons au pinceau. Et r?server au frais. Pour le dressage :\r\nPo?ler les champignons ? l?huile d?olive, les assaisonner de fleur de sel. Puis les d?poser sur la cr?me de champignons. Parsemer de copeaux d?Appenzeller? ou servir avec une ou deux pointes de fromage Appenzeller? et proposer le velout? de potiron chaud ? part.', 'Cr?me de champignon veloute de potiron', 'pour 8 personnes', 'cremechampi.jpg', 1);
INSERT INTO `recette` (`id_recette`, `descriptif_recette`, `libelle_recette`, `nbpers_recette`, `photo_recette`, `id_categorierecette_trecette`) VALUES(5, 'Temps de pr?paration : 20 min. Temps de cuisson : 20 min. Cr?me parmesan : Pour la cr?me parmesan, faire suer les oignons dans le beurre, d?glacer au vin blanc et r?duire de deux tiers, ajouter la cr?me, mixer et incorporez le parmesan pr?alablement r?p?. R?server ? temp?rature ambiante. Cr?me de chou-fleur grill? : Parer les choux, une fois cuit, faire colorer dans 20 g de beurre a couvert en prenant soin de les colorer uniform?ment.\r\nMouiller avec le bouillon de l?gumes et laisser cuire 10 minutes ? fr?missement. Ajouter la cr?me et mixer. Assaisonner de sel et sucre. R?server ? temp?rature ambiante. Cuisson : Faire fondre le beurre dans un sautoir, y d?poser le chou et l?arroser sans cesse en augmentant la temp?rature au fur et ? mesure de fa?on ? ce qu\'il soit color? ? l?ext?rieur et fondant a l?int?rieur. (10 mn.) Finition et dressage : Dresser harmonieusement en prenant soin de disposer deux belles quenelles des deux cr?mes. Disposer le chou-fleur entre chaque quenelle, puis d?poser les feuilles de menthe bergamote.', 'Chou-fleur croustillant ', 'pour 4 personnes', 'choufleur.jpg', 2);
INSERT INTO `recette` (`id_recette`, `descriptif_recette`, `libelle_recette`, `nbpers_recette`, `photo_recette`, `id_categorierecette_trecette`) VALUES(6, 'Temps de pr?paration : 20 min. Temps de cuisson : 1h30. Pr?paration de la volaille : Allumer le four ? 180?C th. 6 Brosser la truffe et la couper en fines lamelles (r?server les petits morceaux pour les l?gumes). D?coller la peau de la volaille, glisser entre chair et peau les lamelles de truffe et la ficeler. Poser la poularde dans un grand plat ? four, peler les oignons, les couper en deux, les poser dans le plat, glisser au four et laisser cuire 30 minutes. Pr?paration des l?gumes : Peler et laver tous les l?gumes. Couper les navets en deux, le potimarron en tranches de 2 cm, les carottes et les panais en tron?ons de 5 cm. Lorsque le poulet aura cuit 30 minutes, r?partir les l?gumes autour, saler, verser dans le plat 1 dl d?eau et parsemer de brins de thym. Cuisson et finissions : Remettre le plat au four, laisser cuire encore 40 minutes et tourner les l?gumes de temps en temps.', 'Volaille truff?e et l?gumes d?automne', 'pour 6 personnes', 'volaillehiver.jpg', 2);
INSERT INTO `recette` (`id_recette`, `descriptif_recette`, `libelle_recette`, `nbpers_recette`, `photo_recette`, `id_categorierecette_trecette`) VALUES(7, 'Temps de pr?paration : 15 min. Temps de cuisson : 10 min. Pr?paration des magrets : Inciser la peau des magrets en faisant des croisillons, les saler et poivrer des deux c?t?s. Verser le miel dans une casserole, porter ? ?bullition, ajouter les ?pices (cardamome, coriandre, anis, geni?vre, cannelle, poivre) et laisser cuire 2 minutes. Cuisson des magrets : Faire chauffer une po?le antiadh?sive sans mati?re grasse, et, lorsqu?elle est bien chaude, y poser les magrets c?t? peau dessous afin que la graisse fonde. Laisser cuire 5 minutes, puis les retourner, laisser cuire 3 minutes et jeter le gras rendu. Verser le miel et les ?pices sur les magrets, les rouler dans le miel, et laisser cuire encore 2 minutes.', 'Magret de canard au miel ?pice', 'pour 4 personnes', 'canardmiel.jpg', 2);
INSERT INTO `recette` (`id_recette`, `descriptif_recette`, `libelle_recette`, `nbpers_recette`, `photo_recette`, `id_categorierecette_trecette`) VALUES(8, 'Temps de pr?paration : 10 min. Temps de cuisson : 0 min. Tailler finement les pommes en lamelles, laisser s?cher la salade verte et les lamelles pendant 20 minutes au four ? 180?C. \r\nPr?paration de vinaigrette : Faire bouillir pendant 3 minutes deux abricots secs dans un peu d?eau. ?goutter les abricots, et les mixer avec 5 cl d?huile de noisette, un trait de vinaigre de banyuls, salez et saupoudrer de poivre de Sarawak.', 'Feuille de ch?ne aux chips de pommes', 'pour 2 personnes', 'saladepomme.jpg', 2);
INSERT INTO `recette` (`id_recette`, `descriptif_recette`, `libelle_recette`, `nbpers_recette`, `photo_recette`, `id_categorierecette_trecette`) VALUES(9, 'Temps de pr?paration : 15 min. Temps de cuisson : 25 min. Pr?paration de la garniture : Peler le gingembre, le couper en fins b?tonnets. D?noyauter les pruneaux, les hacher ainsi que les abricots secs. Peler les pommes et les couper en lamelles de 1 cm d??paisseur. Faire fondre le beurre dans une sauteuse, ajouter le sucre, les lamelles de pomme, le gingembre, faire cuire 10 minutes en m?langeant souvent. Ajouter les fruits secs, m?langer, laisser cuire 2 minutes, puis retirer du feu. Casser les amandes et les givrettes en gros morceaux, les ajouter ? la pr?paration et m?langer. Pr?paration de la p?te : Allumer le four ? 210 ?C (th. 7). Casser l??uf en s?parant le blanc du jaune. Mettre ce dernier dans un bol avec 1 cuiller?e ? soupe d?eau et fouetter. Mettre la p?te dans le moule avec son papier sulfuris? en la laissant d?border largement. D?poser la pr?paration en forme de d?me sur la p?te, rabattre les bords vers le centre en les plissant et badigeonner de jaune d??uf. Mettre au four et laisser dorer 15 ? 20 minutes. Retirer du four, ajouter la gel?e de coing sur les fruits chauds, au contact desquels elle fond. Servir chaud ou ti?de, accompagn? de cr?me fouett?e.', 'Tourte aux pommes et aux amandes', 'pour 6 personnes', 'tourtepomme.jpg', 3);
INSERT INTO `recette` (`id_recette`, `descriptif_recette`, `libelle_recette`, `nbpers_recette`, `photo_recette`, `id_categorierecette_trecette`) VALUES(10, 'Temps de pr?paration : 20 min. Temps de cuisson : 20 min. Pr?paration de la p?te : Allumer le four ? 210 ?C (th 7). Beurrer les moules. Mixer les noix jusqu?? l?obtention d?une grosse semoule. Casser les ?ufs en s?parant les blancs des jaunes, mettre ces derniers dans un saladier. Ajouter le sucre, fouetter le m?lange durant 1 minute, lui ajouter les noix mix?es. Fouetter les blancs en neige, les incorporer d?licatement ? la pr?paration aux noix en alternance avec la farine, r?partir la p?te dans les deux moules beurr?s, lisser la surface, glisser au four et laisser cuire 12 minutes environ, jusqu?? ce que la surface soit juste dor?e. Retirer du four et d?mouler d?licatement les disques de p?te (car ces g?teaux sont souples) sur une grille ? p?tisserie. Pr?paration de la cr?me : Mixer finement les amandes et les cerneaux de noix avec 50 g de sucre. Fouetter les jaunes et le sucre restant, ajouter le m?lange aux noix et m?langer, incorporer les blancs battus en neige. Verser la cr?me dans une casserole, la poser sur feu doux et faire cuire 10 minutes environ, en tournant souvent, jusqu?? ce que la pr?paration ?paississe. Retirer du feu et laisser ti?dir. Dressage : Poser un disque de p?te sur un plat, ?taler dessus la cr?me encore ti?de, recouvrir du second disque de p?te en appuyant l?g?rement, laisser compl?tement refroidir. Avant de servir, poser sur le g?teau quelques cerneaux de noix, poudrer de sucre glace et ajouter une ou deux feuilles d?or.', 'G?teau tout noix', 'pour 6 personnes', 'gateaunoix.jpg', 3);
INSERT INTO `recette` (`id_recette`, `descriptif_recette`, `libelle_recette`, `nbpers_recette`, `photo_recette`, `id_categorierecette_trecette`) VALUES(11, 'Temps de pr?paration : 30 min. Temps de cuisson : 10 min. Lavez et ?grappez le raisin, ?talez les grains sur un plateau et entreposez-les 30 minutes au cong?lateur. Plantez un cure-dents dans la partie charnue de chaque amande, sans trop l\'enfoncer. Dans une petite casserole, faites un caramel ? sec sur feu moyen-vif. D?s qu\'il prend une belle couleur dor?e, trempez les amandes dedans, ? plusieurs reprises, jusqu\'? ce qu\'elles s\'enrobent enti?rement. Maintenez-les quelques instants au-dessus de la casserole jusqu\'? ce qu\'un fil se forme. D?posez-les au fur et ? mesure sur un plat huil? et laissez durcir. Recommencez ainsi pour toutes les amandes. Lorsque le caramel a bien pris, retirez d?licatement les cure-dents. Servez les raisins glac?s dans des coupes, sur un lit de glace pil?e et accompagnez-les des amandes caram?lis?es.', 'Salade de raisins blancs et amandes caram?lis?es', 'pour 6 personnes', 'raisin.jpg', 3);
INSERT INTO `recette` (`id_recette`, `descriptif_recette`, `libelle_recette`, `nbpers_recette`, `photo_recette`, `id_categorierecette_trecette`) VALUES(12, 'Temps de pr?paration : 15 min. Temps de cuisson : 25 min. Pr?chauffez le four th 6 ( 180?). Garnissez un moule rectangulaire avec la p?te en conservant le papier sulfuris?. Epluchez les poires, coupez les en deux, ?videz le c?ur et retirez la queue. Arrosez-les avec le jus du citron. M?langez le mascarpone avec les ?ufs et le sucre semoule. Tapissez le moule avec cette pr?paration et rangez les poires en les enfon?ant t?te-b?che. Saupoudrez la tarte d?amandes hach?es et de sucre glace. Enfournez et laissez cuire 25 minutes en surveillant la coloration. Servez ti?de.', 'Tarte ? la poire et au mascarpone', 'pour 6 personnes', 'tartepoire.jpg', 3);

-- --------------------------------------------------------



--
-- D?chargement des donn?es de la table `produitrecette_recette`
--

INSERT INTO `produitrecette_recette` (`id_recette`, `id_produitrecette`) VALUES (1, 1);
INSERT INTO `produitrecette_recette` (`id_recette`, `id_produitrecette`) VALUES (1, 2);
INSERT INTO `produitrecette_recette` (`id_recette`, `id_produitrecette`) VALUES (1, 3);
INSERT INTO `produitrecette_recette` (`id_recette`, `id_produitrecette`) VALUES (1, 4);
INSERT INTO `produitrecette_recette` (`id_recette`, `id_produitrecette`) VALUES (1, 5);
INSERT INTO `produitrecette_recette` (`id_recette`, `id_produitrecette`) VALUES (1, 6);
INSERT INTO `produitrecette_recette` (`id_recette`, `id_produitrecette`) VALUES (1, 7);
INSERT INTO `produitrecette_recette` (`id_recette`, `id_produitrecette`) VALUES (1, 8);
INSERT INTO `produitrecette_recette` (`id_recette`, `id_produitrecette`) VALUES (1, 9);
INSERT INTO `produitrecette_recette` (`id_recette`, `id_produitrecette`) VALUES (2, 10);
INSERT INTO `produitrecette_recette` (`id_recette`, `id_produitrecette`) VALUES (2, 11);
INSERT INTO `produitrecette_recette` (`id_recette`, `id_produitrecette`) VALUES (2, 12);
INSERT INTO `produitrecette_recette` (`id_recette`, `id_produitrecette`) VALUES (2, 13);
INSERT INTO `produitrecette_recette` (`id_recette`, `id_produitrecette`) VALUES (2, 14);
INSERT INTO `produitrecette_recette` (`id_recette`, `id_produitrecette`) VALUES (2, 15);
INSERT INTO `produitrecette_recette` (`id_recette`, `id_produitrecette`) VALUES (2, 16);
INSERT INTO `produitrecette_recette` (`id_recette`, `id_produitrecette`) VALUES (2, 8);
INSERT INTO `produitrecette_recette` (`id_recette`, `id_produitrecette`) VALUES (2, 9);
INSERT INTO `produitrecette_recette` (`id_recette`, `id_produitrecette`) VALUES (3, 17);
INSERT INTO `produitrecette_recette` (`id_recette`, `id_produitrecette`) VALUES (3, 18);
INSERT INTO `produitrecette_recette` (`id_recette`, `id_produitrecette`) VALUES (3, 19);
INSERT INTO `produitrecette_recette` (`id_recette`, `id_produitrecette`) VALUES (3, 20);
INSERT INTO `produitrecette_recette` (`id_recette`, `id_produitrecette`) VALUES (3, 21);
INSERT INTO `produitrecette_recette` (`id_recette`, `id_produitrecette`) VALUES (3, 22);
INSERT INTO `produitrecette_recette` (`id_recette`, `id_produitrecette`) VALUES (3, 23);
INSERT INTO `produitrecette_recette` (`id_recette`, `id_produitrecette`) VALUES (3, 8);
INSERT INTO `produitrecette_recette` (`id_recette`, `id_produitrecette`) VALUES (3, 9);
INSERT INTO `produitrecette_recette` (`id_recette`, `id_produitrecette`) VALUES (4, 24);
INSERT INTO `produitrecette_recette` (`id_recette`, `id_produitrecette`) VALUES (4, 25);
INSERT INTO `produitrecette_recette` (`id_recette`, `id_produitrecette`) VALUES (4, 26);
INSERT INTO `produitrecette_recette` (`id_recette`, `id_produitrecette`) VALUES (4, 27);
INSERT INTO `produitrecette_recette` (`id_recette`, `id_produitrecette`) VALUES (4, 28);
INSERT INTO `produitrecette_recette` (`id_recette`, `id_produitrecette`) VALUES (4, 29);
INSERT INTO `produitrecette_recette` (`id_recette`, `id_produitrecette`) VALUES (4, 30);
INSERT INTO `produitrecette_recette` (`id_recette`, `id_produitrecette`) VALUES (4, 8);
INSERT INTO `produitrecette_recette` (`id_recette`, `id_produitrecette`) VALUES (4, 31);
INSERT INTO `produitrecette_recette` (`id_recette`, `id_produitrecette`) VALUES (4, 32);
INSERT INTO `produitrecette_recette` (`id_recette`, `id_produitrecette`) VALUES (5, 33);
INSERT INTO `produitrecette_recette` (`id_recette`, `id_produitrecette`) VALUES (5, 34);
INSERT INTO `produitrecette_recette` (`id_recette`, `id_produitrecette`) VALUES (5, 35);
INSERT INTO `produitrecette_recette` (`id_recette`, `id_produitrecette`) VALUES (5, 36);
INSERT INTO `produitrecette_recette` (`id_recette`, `id_produitrecette`) VALUES (5, 37);
INSERT INTO `produitrecette_recette` (`id_recette`, `id_produitrecette`) VALUES (5, 38);
INSERT INTO `produitrecette_recette` (`id_recette`, `id_produitrecette`) VALUES (5, 39);
INSERT INTO `produitrecette_recette` (`id_recette`, `id_produitrecette`) VALUES (5, 40);
INSERT INTO `produitrecette_recette` (`id_recette`, `id_produitrecette`) VALUES (5, 41);
INSERT INTO `produitrecette_recette` (`id_recette`, `id_produitrecette`) VALUES (5, 8);
INSERT INTO `produitrecette_recette` (`id_recette`, `id_produitrecette`) VALUES (5, 42);
INSERT INTO `produitrecette_recette` (`id_recette`, `id_produitrecette`) VALUES (6, 43);
INSERT INTO `produitrecette_recette` (`id_recette`, `id_produitrecette`) VALUES (6, 44);
INSERT INTO `produitrecette_recette` (`id_recette`, `id_produitrecette`) VALUES (6, 45);
INSERT INTO `produitrecette_recette` (`id_recette`, `id_produitrecette`) VALUES (6, 46);
INSERT INTO `produitrecette_recette` (`id_recette`, `id_produitrecette`) VALUES (6, 47);
INSERT INTO `produitrecette_recette` (`id_recette`, `id_produitrecette`) VALUES (6, 48);
INSERT INTO `produitrecette_recette` (`id_recette`, `id_produitrecette`) VALUES (6, 49);
INSERT INTO `produitrecette_recette` (`id_recette`, `id_produitrecette`) VALUES (6, 50);
INSERT INTO `produitrecette_recette` (`id_recette`, `id_produitrecette`) VALUES (6, 8);
INSERT INTO `produitrecette_recette` (`id_recette`, `id_produitrecette`) VALUES (6, 9);
INSERT INTO `produitrecette_recette` (`id_recette`, `id_produitrecette`) VALUES (7, 51);
INSERT INTO `produitrecette_recette` (`id_recette`, `id_produitrecette`) VALUES (7, 52);
INSERT INTO `produitrecette_recette` (`id_recette`, `id_produitrecette`) VALUES (7, 53);
INSERT INTO `produitrecette_recette` (`id_recette`, `id_produitrecette`) VALUES (7, 54);
INSERT INTO `produitrecette_recette` (`id_recette`, `id_produitrecette`) VALUES (7, 55);
INSERT INTO `produitrecette_recette` (`id_recette`, `id_produitrecette`) VALUES (7, 56);
INSERT INTO `produitrecette_recette` (`id_recette`, `id_produitrecette`) VALUES (7, 58);
INSERT INTO `produitrecette_recette` (`id_recette`, `id_produitrecette`) VALUES (7, 9);
INSERT INTO `produitrecette_recette` (`id_recette`, `id_produitrecette`) VALUES (8, 59);
INSERT INTO `produitrecette_recette` (`id_recette`, `id_produitrecette`) VALUES (8, 60);
INSERT INTO `produitrecette_recette` (`id_recette`, `id_produitrecette`) VALUES (8, 61);
INSERT INTO `produitrecette_recette` (`id_recette`, `id_produitrecette`) VALUES (8, 6);
INSERT INTO `produitrecette_recette` (`id_recette`, `id_produitrecette`) VALUES (8, 4);
INSERT INTO `produitrecette_recette` (`id_recette`, `id_produitrecette`) VALUES (8, 8);
INSERT INTO `produitrecette_recette` (`id_recette`, `id_produitrecette`) VALUES (8, 9);
INSERT INTO `produitrecette_recette` (`id_recette`, `id_produitrecette`) VALUES (9, 62);
INSERT INTO `produitrecette_recette` (`id_recette`, `id_produitrecette`) VALUES (9, 63);
INSERT INTO `produitrecette_recette` (`id_recette`, `id_produitrecette`) VALUES (9, 64);
INSERT INTO `produitrecette_recette` (`id_recette`, `id_produitrecette`) VALUES (9, 65);
INSERT INTO `produitrecette_recette` (`id_recette`, `id_produitrecette`) VALUES (9, 66);
INSERT INTO `produitrecette_recette` (`id_recette`, `id_produitrecette`) VALUES (9, 67);
INSERT INTO `produitrecette_recette` (`id_recette`, `id_produitrecette`) VALUES (9, 68);
INSERT INTO `produitrecette_recette` (`id_recette`, `id_produitrecette`) VALUES (9, 69);
INSERT INTO `produitrecette_recette` (`id_recette`, `id_produitrecette`) VALUES (9, 70);
INSERT INTO `produitrecette_recette` (`id_recette`, `id_produitrecette`) VALUES (10, 71);
INSERT INTO `produitrecette_recette` (`id_recette`, `id_produitrecette`) VALUES (10, 72);
INSERT INTO `produitrecette_recette` (`id_recette`, `id_produitrecette`) VALUES (10, 73);
INSERT INTO `produitrecette_recette` (`id_recette`, `id_produitrecette`) VALUES (10, 74);
INSERT INTO `produitrecette_recette` (`id_recette`, `id_produitrecette`) VALUES (10, 75);
INSERT INTO `produitrecette_recette` (`id_recette`, `id_produitrecette`) VALUES (10, 76);
INSERT INTO `produitrecette_recette` (`id_recette`, `id_produitrecette`) VALUES (11, 77);
INSERT INTO `produitrecette_recette` (`id_recette`, `id_produitrecette`) VALUES (11, 78);
INSERT INTO `produitrecette_recette` (`id_recette`, `id_produitrecette`) VALUES (11, 79);
INSERT INTO `produitrecette_recette` (`id_recette`, `id_produitrecette`) VALUES (12, 80);
INSERT INTO `produitrecette_recette` (`id_recette`, `id_produitrecette`) VALUES (12, 81);
INSERT INTO `produitrecette_recette` (`id_recette`, `id_produitrecette`) VALUES (12, 82);
INSERT INTO `produitrecette_recette` (`id_recette`, `id_produitrecette`) VALUES (12, 83);
INSERT INTO `produitrecette_recette` (`id_recette`, `id_produitrecette`) VALUES (12, 84);
INSERT INTO `produitrecette_recette` (`id_recette`, `id_produitrecette`) VALUES (12, 85);
INSERT INTO `produitrecette_recette` (`id_recette`, `id_produitrecette`) VALUES (12, 86);
INSERT INTO `produitrecette_recette` (`id_recette`, `id_produitrecette`) VALUES (12, 87);

-- --------------------------------------------------------


--
-- D?chargement des donn?es de la table `typepaiement`
--

INSERT INTO `typepaiement` (`id_typepaiement`, `libelle_typepaiement`) VALUES (1, 'Carte Bleue');
INSERT INTO `typepaiement` (`id_typepaiement`, `libelle_typepaiement`) VALUES (2, 'Paypal');

-- --------------------------------------------------------

--
-- D?chargement des donn?es de la table `commande`
--

INSERT INTO `commande` (`id_commande`, `date_creation_commande`, `date_livraisonprevue_commande`, `date_livraisonreelle_commande`, `date_paiement_commande`, `date_recuperationclient_commande`, `date_validation_commande`, `id_consommateur_tcommande`, `evaluation_id_evaluation`, `id_pointrelais_tcommande`, `id_tourneelivraison_tcommande`, `id_typepaiement_tcommande`) VALUES(1, '2017-09-24 15:27:37', '2017-09-30 00:00:00', NULL, NULL, NULL, NULL, 108, NULL, 5, NULL, NULL);
INSERT INTO `commande` (`id_commande`, `date_creation_commande`, `date_livraisonprevue_commande`, `date_livraisonreelle_commande`, `date_paiement_commande`, `date_recuperationclient_commande`, `date_validation_commande`, `id_consommateur_tcommande`, `evaluation_id_evaluation`, `id_pointrelais_tcommande`, `id_tourneelivraison_tcommande`, `id_typepaiement_tcommande`) VALUES(2, '2017-09-24 15:27:37', '2017-09-30 00:00:00', NULL, NULL, NULL, NULL, 88, NULL, 67, NULL, NULL);
INSERT INTO `commande` (`id_commande`, `date_creation_commande`, `date_livraisonprevue_commande`, `date_livraisonreelle_commande`, `date_paiement_commande`, `date_recuperationclient_commande`, `date_validation_commande`, `id_consommateur_tcommande`, `evaluation_id_evaluation`, `id_pointrelais_tcommande`, `id_tourneelivraison_tcommande`, `id_typepaiement_tcommande`) VALUES(3, '2017-09-24 15:27:37', '2017-09-30 00:00:00', NULL, NULL, NULL, NULL, 85, NULL, 66, NULL, NULL);

--
-- D?chargement des donn?es de la table `lignecommande`
--

INSERT INTO `lignecommande` (`id_lignecommande`, `date_validationrecupclient_lignecommande`, `date_validationrecuplivreur_lignecommande`, `date_validationprepproducteur_lignecommande`, `quantitecommande_lignecommande`, `quantitelivree_lignecommande`, `id_commande_tlignecommande`, `indispo_id_suiviindispo`, `id_produit_tlignecommande`, `id_tourneeproducteur_tlignecommande`) VALUES(1, NULL, NULL, NULL, 7, NULL, 2, NULL, 44, NULL);
INSERT INTO `lignecommande` (`id_lignecommande`, `date_validationrecupclient_lignecommande`, `date_validationrecuplivreur_lignecommande`, `date_validationprepproducteur_lignecommande`, `quantitecommande_lignecommande`, `quantitelivree_lignecommande`, `id_commande_tlignecommande`, `indispo_id_suiviindispo`, `id_produit_tlignecommande`, `id_tourneeproducteur_tlignecommande`) VALUES(2, NULL, NULL, NULL, 1, NULL, 1, NULL, 43, NULL);
INSERT INTO `lignecommande` (`id_lignecommande`, `date_validationrecupclient_lignecommande`, `date_validationrecuplivreur_lignecommande`, `date_validationprepproducteur_lignecommande`, `quantitecommande_lignecommande`, `quantitelivree_lignecommande`, `id_commande_tlignecommande`, `indispo_id_suiviindispo`, `id_produit_tlignecommande`, `id_tourneeproducteur_tlignecommande`) VALUES(3, NULL, NULL, NULL, 2, NULL, 3, NULL, 43, NULL);
INSERT INTO `lignecommande` (`id_lignecommande`, `date_validationrecupclient_lignecommande`, `date_validationrecuplivreur_lignecommande`, `date_validationprepproducteur_lignecommande`, `quantitecommande_lignecommande`, `quantitelivree_lignecommande`, `id_commande_tlignecommande`, `indispo_id_suiviindispo`, `id_produit_tlignecommande`, `id_tourneeproducteur_tlignecommande`) VALUES(4, NULL, NULL, NULL, 1, NULL, 1, NULL, 45, NULL);
INSERT INTO `lignecommande` (`id_lignecommande`, `date_validationrecupclient_lignecommande`, `date_validationrecuplivreur_lignecommande`, `date_validationprepproducteur_lignecommande`, `quantitecommande_lignecommande`, `quantitelivree_lignecommande`, `id_commande_tlignecommande`, `indispo_id_suiviindispo`, `id_produit_tlignecommande`, `id_tourneeproducteur_tlignecommande`) VALUES(5, NULL, NULL, NULL, 7, NULL, 2, NULL, 44, NULL);
INSERT INTO `lignecommande` (`id_lignecommande`, `date_validationrecupclient_lignecommande`, `date_validationrecuplivreur_lignecommande`, `date_validationprepproducteur_lignecommande`, `quantitecommande_lignecommande`, `quantitelivree_lignecommande`, `id_commande_tlignecommande`, `indispo_id_suiviindispo`, `id_produit_tlignecommande`, `id_tourneeproducteur_tlignecommande`) VALUES(6, NULL, NULL, NULL, 2, NULL, 3, NULL, 45, NULL);
INSERT INTO `lignecommande` (`id_lignecommande`, `date_validationrecupclient_lignecommande`, `date_validationrecuplivreur_lignecommande`, `date_validationprepproducteur_lignecommande`, `quantitecommande_lignecommande`, `quantitelivree_lignecommande`, `id_commande_tlignecommande`, `indispo_id_suiviindispo`, `id_produit_tlignecommande`, `id_tourneeproducteur_tlignecommande`) VALUES(7, NULL, NULL, NULL, 2, NULL, 2, NULL, 45, NULL);
INSERT INTO `lignecommande` (`id_lignecommande`, `date_validationrecupclient_lignecommande`, `date_validationrecuplivreur_lignecommande`, `date_validationprepproducteur_lignecommande`, `quantitecommande_lignecommande`, `quantitelivree_lignecommande`, `id_commande_tlignecommande`, `indispo_id_suiviindispo`, `id_produit_tlignecommande`, `id_tourneeproducteur_tlignecommande`) VALUES(8, NULL, NULL, NULL, 2, NULL, 1, NULL, 44, NULL);
INSERT INTO `lignecommande` (`id_lignecommande`, `date_validationrecupclient_lignecommande`, `date_validationrecuplivreur_lignecommande`, `date_validationprepproducteur_lignecommande`, `quantitecommande_lignecommande`, `quantitelivree_lignecommande`, `id_commande_tlignecommande`, `indispo_id_suiviindispo`, `id_produit_tlignecommande`, `id_tourneeproducteur_tlignecommande`) VALUES(9, NULL, NULL, NULL, 1, NULL, 2, NULL, 43, NULL);
INSERT INTO `lignecommande` (`id_lignecommande`, `date_validationrecupclient_lignecommande`, `date_validationrecuplivreur_lignecommande`, `date_validationprepproducteur_lignecommande`, `quantitecommande_lignecommande`, `quantitelivree_lignecommande`, `id_commande_tlignecommande`, `indispo_id_suiviindispo`, `id_produit_tlignecommande`, `id_tourneeproducteur_tlignecommande`) VALUES(10, NULL, NULL, NULL, 1, NULL, 3, NULL, 44, NULL);


